date,pollution,dew,temp,press,wnd_dir,wnd_spd,snow,rain
01-09-2022 00:00,60,2.2,2,2.6,SE,6688,6820,6792
01-09-2022 00:00,60,2.2,2.2,2.6,SE,6667,6800,6776
01-09-2022 00:01,59.9,2.2,2.2,2.8,SE,6649,6796,6769
01-09-2022 00:01,59.9,2.2,2.2,2.8,SE,6653,6796,6768
01-09-2022 00:02,60,2.2,2.2,2.8,SE,6646,6790,6765
01-09-2022 00:03,60,2.2,2.2,2.8,SE,6657,6793,6768
01-09-2022 00:03,60,2.4,2.2,2.8,SE,6656,6794,6769
01-09-2022 00:04,60,2.4,2.2,2.8,SE,6657,6791,6768
01-09-2022 00:04,60,2.4,2.2,2.8,SE,6663,6788,6767
01-09-2022 00:05,60,2.2,2.2,2.8,SE,6662,6787,6775
01-09-2022 00:06,60,2.2,2.2,2.8,SE,6658,6793,6782
01-09-2022 00:06,60,2.2,2.2,2.8,SE,6652,6794,6783
01-09-2022 00:07,60,2.2,2,2.6,SE,6654,6789,6777
01-09-2022 00:07,59.9,2.4,2,2.6,SE,6647,6783,6772
01-09-2022 00:08,60,2.4,2,2.6,SE,6670,6802,6792
01-09-2022 00:08,60,2.4,2,2.8,SE,6666,6805,6794
01-09-2022 00:09,59.9,2.4,2,2.8,SE,6678,6806,6792
01-09-2022 00:09,59.9,2.4,2,2.8,SE,6678,6805,6790
01-09-2022 00:10,60,2.2,2,2.8,SE,6671,6801,6781
01-09-2022 00:10,59.9,2.2,2,2.6,SE,6672,6797,6776
01-09-2022 00:11,59.9,2.2,2,2.6,SE,6672,6795,6780
01-09-2022 00:11,59.9,2.2,2.2,2.6,SE,6672,6802,6780
01-09-2022 00:12,60,2.2,2.2,2.8,SE,6676,6808,6786
01-09-2022 00:12,60,2.2,2.2,2.6,SE,6669,6800,6778
01-09-2022 00:13,60,2.2,2,2.8,SE,6685,6816,6793
01-09-2022 00:14,60,2.2,2,2.6,SE,6667,6799,6778
01-09-2022 00:14,59.9,2.2,2,2.8,SE,6662,6794,6773
01-09-2022 00:15,59.9,2.4,2.2,2.8,SE,6666,6797,6775
01-09-2022 00:15,59.9,2.4,2,2.6,SE,6668,6815,6776
01-09-2022 00:16,59.9,2.4,2.2,2.8,SE,6670,6800,6776
01-09-2022 00:17,59.8,2.4,2.2,2.8,SE,6662,6794,6772
01-09-2022 00:18,60,2.4,2,2.8,SE,6691,6823,6803
01-09-2022 00:18,59.9,2.4,2,2.8,SE,6662,6792,6772
01-09-2022 00:19,59.9,2.4,2,2.8,SE,6668,6798,6778
01-09-2022 00:20,59.9,2.4,2,2.6,SE,6668,6800,6784
01-09-2022 00:20,60,2.4,2,2.6,SE,6694,6824,6806
01-09-2022 00:21,60,2.4,2,2.8,SE,6698,6828,6810
01-09-2022 00:21,59.9,2.2,2,2.6,SE,6691,6821,6802
01-09-2022 00:22,59.9,2.2,2,2.6,SE,6693,6827,6805
01-09-2022 00:22,59.9,2.2,2.2,2.6,SE,6690,6823,6803
01-09-2022 00:23,59.9,2.4,2.2,2.6,SE,6672,6804,6784
01-09-2022 00:23,59.9,2.4,2.2,2.6,SE,6666,6798,6778
01-09-2022 00:24,59.9,2.4,2.2,2.6,SE,6674,6804,6788
01-09-2022 00:24,60,2.4,2.2,2.6,SE,6664,6794,6776
01-09-2022 00:25,59.9,2.4,2.2,2.6,SE,6669,6798,6780
01-09-2022 00:26,60,2.4,2.2,2.6,SE,6668,6796,6778
01-09-2022 00:27,60,2.4,2.2,2.6,SE,6672,6798,6781
01-09-2022 00:27,60,2.2,2.2,2.6,SE,6669,6799,6781
01-09-2022 00:28,60,2.2,2.2,2.6,SE,6660,6792,6770
01-09-2022 00:28,60,2.2,2.2,2.6,SE,6666,6797,6775
01-09-2022 00:29,60,2.4,2.2,2.6,SE,6658,6791,6773
01-09-2022 00:30,59.9,2.4,2.2,2.6,SE,6661,6789,6775
01-09-2022 00:30,60,2.4,2.2,2.6,SE,6663,6790,6776
01-09-2022 00:31,60,2.4,2.2,2.6,SE,6675,6801,6788
01-09-2022 00:31,59.9,2.4,2.2,2.6,SE,6664,6790,6777
01-09-2022 00:32,60,2.2,2.2,2.6,SE,6656,6785,6771
01-09-2022 00:32,60,2.2,2.2,2.6,SE,6662,6792,6776
01-09-2022 00:33,59.9,2.4,2.2,2.8,SE,6663,6794,6778
01-09-2022 00:33,59.9,2.4,2.2,2.8,SE,6663,6794,6780
01-09-2022 00:34,59.9,2.4,2.2,2.8,SE,6660,6793,6776
01-09-2022 00:34,60,2.4,2.2,2.8,SE,6664,6794,6779
01-09-2022 00:35,59.9,2.4,2.2,2.8,SE,6663,6791,6776
01-09-2022 00:35,59.9,2.4,2.2,2.8,SE,6667,6796,6781
01-09-2022 00:36,59.9,2.2,2,2.6,SE,6657,6786,6772
01-09-2022 00:36,59.9,2.2,2,2.6,SE,6655,6785,6771
01-09-2022 00:37,59.9,2.4,2,2.6,SE,6659,6789,6776
01-09-2022 00:38,59.9,2.2,2,2.6,SE,6683,6815,6798
01-09-2022 00:38,59.9,2.2,2,2.6,SE,6681,6812,6797
01-09-2022 00:39,59.9,2.2,2,2.6,SE,6683,6814,6799
01-09-2022 00:39,59.9,2.2,2,2.6,SE,6686,6816,6800
01-09-2022 00:40,59.9,2.2,2,2.6,SE,6684,6813,6799
01-09-2022 00:40,60,2.2,2,2.6,SE,6672,6801,6784
01-09-2022 00:41,60,2.2,2.2,2.6,SE,6658,6787,6770
01-09-2022 00:42,59.9,2.2,2,2.6,SE,6653,6782,6767
01-09-2022 00:43,59.9,2.2,2,2.6,SE,6658,6786,6772
01-09-2022 00:43,60,2.2,2,2.6,SE,6655,6785,6768
01-09-2022 00:44,59.9,2.2,2.2,2.6,SE,6675,6807,6787
01-09-2022 00:44,60,2.2,2.2,2.6,SE,6667,6797,6778
01-09-2022 00:45,59.9,2.2,2.2,2.6,SE,6663,6793,6771
01-09-2022 00:45,59.9,2.2,2.2,2.6,SE,6665,6795,6776
01-09-2022 00:46,59.9,2.2,2.2,2.6,SE,6660,6793,6773
01-09-2022 00:46,59.9,2.2,2.2,2.6,SE,6663,6797,6771
01-09-2022 00:47,59.9,2.2,2.2,2.6,SE,6662,6794,6777
01-09-2022 00:47,59.9,2.2,2,2.6,SE,6667,6799,6781
01-09-2022 00:48,59.9,2.2,2,2.6,SE,6663,6795,6777
01-09-2022 00:48,60,2.2,2,2.6,SE,6660,6793,6778
01-09-2022 00:49,59.9,2.2,2,2.6,SE,6664,6794,6776
01-09-2022 00:50,59.9,2.2,2,2.6,SE,6661,6791,6773
01-09-2022 00:50,59.9,2.2,2,2.6,SE,6664,6792,6775
01-09-2022 00:51,59.9,2.2,2,2.6,SE,6664,6793,6777
01-09-2022 00:51,59.9,2.2,2,2.6,SE,6661,6791,6774
01-09-2022 00:52,59.9,2.2,2,2.6,SE,6661,6791,6774
01-09-2022 00:52,59.9,2.2,2,2.6,SE,6666,6796,6777
01-09-2022 00:53,59.9,2.2,2,2.6,SE,6665,6794,6777
01-09-2022 00:54,59.9,2,2,2.6,SE,6683,6817,6796
01-09-2022 00:54,59.9,2,2,2.6,SE,6682,6813,6794
01-09-2022 00:55,59.9,2.2,2,2.6,SE,6688,6817,6802
01-09-2022 00:55,59.9,2.2,2,2.6,SE,6685,6813,6797
01-09-2022 00:56,59.9,2.2,2,2.6,SE,6681,6812,6795
01-09-2022 00:56,59.9,2.2,2,2.6,SE,6683,6815,6794
01-09-2022 00:57,60,2.2,2,2.6,SE,6677,6804,6789
01-09-2022 00:57,59.9,2.2,2,2.6,SE,6670,6799,6781
01-09-2022 00:58,59.9,2.2,2,2.6,SE,6665,6799,6778
01-09-2022 00:58,59.9,2.2,2,2.6,SE,6666,6796,6780
01-09-2022 00:59,60,2,2,2.6,SE,6673,6803,6786
01-09-2022 00:59,59.9,2,2,2.6,SE,6667,6798,6781
01-09-2022 01:00,59.9,2,2,2.6,SE,6666,6800,6780
01-09-2022 01:00,59.9,2,2.2,2.6,SE,6669,6801,6784
01-09-2022 01:01,59.9,2,2,2.6,SE,6663,6796,6778
01-09-2022 01:02,59.9,2,2.2,2.6,SE,6663,6796,6778
01-09-2022 01:02,59.9,2,2,2.6,SE,6655,6788,6772
01-09-2022 01:03,59.9,2,2,2.6,SE,6665,6801,6780
01-09-2022 01:03,59.9,2,2,2.6,SE,6668,6810,6783
01-09-2022 01:04,59.9,2.2,2,2.6,SE,6663,6796,6775
01-09-2022 01:05,59.8,2.2,2,2.6,SE,6662,6793,6776
01-09-2022 01:06,59.9,2.2,2,2.6,SE,6661,6790,6775
01-09-2022 01:06,59.9,2.2,2,2.6,SE,6661,6789,6776
01-09-2022 01:07,60,2.2,2,2.6,SE,6695,6820,6804
01-09-2022 01:07,59.9,2,2,2.6,SE,6695,6823,6807
01-09-2022 01:08,59.9,2,2,2.6,SE,6692,6822,6806
01-09-2022 01:09,59.9,2,2,2.6,SE,6678,6811,6795
01-09-2022 01:09,59.9,2,2,2.6,SE,6673,6804,6788
01-09-2022 01:10,59.9,2,2,2.6,SE,6669,6801,6785
01-09-2022 01:10,59.9,2,2,2.6,SE,6661,6795,6779
01-09-2022 01:11,59.9,2.2,2,2.6,SE,6660,6792,6775
01-09-2022 01:11,59.9,2.2,2,2.6,SE,6663,6793,6776
01-09-2022 01:12,60,2.2,2,2.6,SE,6669,6799,6780
01-09-2022 01:12,59.9,2.2,2,2.6,SE,6667,6795,6779
01-09-2022 01:13,59.9,2.2,2,2.6,SE,6653,6785,6766
01-09-2022 01:14,59.9,2.2,2,2.6,SE,6659,6789,6771
01-09-2022 01:14,59.9,2.2,2,2.6,SE,6665,6795,6775
01-09-2022 01:15,59.9,2.2,2,2.6,SE,6660,6790,6772
01-09-2022 01:15,60,2.2,2,2.6,SE,6666,6796,6778
01-09-2022 01:16,59.9,2,2,2.6,SE,6659,6789,6771
01-09-2022 01:16,59.9,2.2,2,2.6,SE,6663,6793,6772
01-09-2022 01:17,59.8,2.2,2,2.6,SE,6661,6793,6772
01-09-2022 01:18,59.9,2.2,2,2.6,SE,6663,6793,6774
01-09-2022 01:18,60,2.2,2,2.6,SE,6665,6796,6777
01-09-2022 01:19,59.8,2.2,1.8,2.6,SE,6661,6789,6773
01-09-2022 01:19,59.9,2.2,2,2.6,SE,6661,6790,6772
01-09-2022 01:20,59.8,2.2,2,2.6,SE,6663,6790,6774
01-09-2022 01:20,59.9,2.2,2,2.6,SE,6662,6791,6775
01-09-2022 01:21,59.9,2.2,2,2.6,SE,6662,6790,6772
01-09-2022 01:21,59.9,2.2,2,2.6,SE,6659,6789,6772
01-09-2022 01:22,59.9,2.2,2,2.6,SE,6661,6788,6770
01-09-2022 01:22,59.9,2.2,2,2.6,SE,6660,6789,6770
01-09-2022 01:23,59.9,2.2,2,2.6,SE,6661,6790,6772
01-09-2022 01:23,60,2.2,2,2.6,SE,6667,6799,6777
01-09-2022 01:24,59.9,2.2,2,2.6,SE,6663,6792,6775
01-09-2022 01:24,59.9,2.2,2,2.6,SE,6664,6793,6777
01-09-2022 01:25,59.9,2.2,2,2.6,SE,6684,6817,6798
01-09-2022 01:26,59.9,2,2,2.6,SE,6672,6803,6786
01-09-2022 01:26,59.9,2.2,2,2.6,SE,6666,6795,6779
01-09-2022 01:27,59.9,2.2,2,2.6,SE,6664,6795,6778
01-09-2022 01:27,59.9,2.2,2,2.8,SE,6663,6794,6778
01-09-2022 01:28,59.9,2.2,2,2.8,SE,6668,6797,6781
01-09-2022 01:28,59.9,2.2,2,2.8,SE,6658,6789,6774
01-09-2022 01:29,59.9,2.2,2,2.8,SE,6668,6794,6781
01-09-2022 01:30,60,2,2,2.8,SE,6673,6804,6790
01-09-2022 01:30,60,2,2,2.8,SE,6669,6800,6786
01-09-2022 01:31,59.9,2,2,2.6,SE,6661,6792,6778
01-09-2022 01:31,59.9,2,2,2.6,SE,6661,6793,6780
01-09-2022 01:32,60,2.2,2,2.6,SE,6687,6818,6802
01-09-2022 01:32,59.9,2.2,2,2.6,SE,6687,6817,6802
01-09-2022 01:33,59.9,2.2,2,2.6,SE,6690,6821,6805
01-09-2022 01:33,59.9,2.2,2,2.6,SE,6691,6821,6807
01-09-2022 01:34,59.9,2.2,2,2.6,SE,6689,6824,6807
01-09-2022 01:34,59.9,2.4,2,2.6,SE,6687,6820,6804
01-09-2022 01:35,59.9,2.2,2,2.6,SE,6692,6824,6805
01-09-2022 01:35,59.9,2.2,2,2.6,SE,6691,6822,6805
01-09-2022 01:36,59.9,2.2,2,2.6,SE,6694,6826,6806
01-09-2022 01:36,59.9,2.2,2,2.6,SE,6692,6823,6804
01-09-2022 01:37,59.9,2.2,2,2.6,SE,6694,6826,6808
01-09-2022 01:38,59.9,2.2,2,2.6,SE,6689,6821,6804
01-09-2022 01:38,60,2.2,2,2.6,SE,6696,6827,6809
01-09-2022 01:39,60,2,2,2.6,SE,6694,6826,6809
01-09-2022 01:39,59.9,2,2,2.6,SE,6694,6824,6807
01-09-2022 01:40,59.9,2,2,2.6,SE,6694,6824,6807
01-09-2022 01:40,60,2.2,2.2,2.6,SE,6699,6829,6812
01-09-2022 01:41,60,2.2,2.2,2.6,SE,6699,6831,6812
01-09-2022 01:42,60,2.2,2.2,2.6,SE,6686,6817,6799
01-09-2022 01:42,59.9,2.2,2.2,2.6,SE,6689,6818,6800
01-09-2022 01:43,60,2.4,2.2,2.6,SE,6680,6805,6790
01-09-2022 01:43,59.9,2.2,2,2.6,SE,6674,6798,6787
01-09-2022 01:44,59.9,2.2,2,2.6,SE,6674,6799,6787
01-09-2022 01:44,60,2.2,2,2.6,SE,6678,6805,6792
01-09-2022 01:45,59.9,2.2,2,2.6,SE,6667,6795,6784
01-09-2022 01:45,59.9,2.2,2,2.6,SE,6665,6791,6781
01-09-2022 01:46,59.9,2,2,2.6,SE,6672,6795,6787
01-09-2022 01:46,59.9,2,2,2.6,SE,6661,6786,6777
01-09-2022 01:47,59.9,2,2,2.6,SE,6674,6800,6790
01-09-2022 01:47,59.9,2,2,2.6,SE,6666,6792,6782
01-09-2022 01:48,60,2,2,2.6,SE,6673,6798,6789
01-09-2022 01:49,60,2,2,2.6,SE,6676,6803,6793
01-09-2022 01:50,60,2,2,2.6,SE,6671,6797,6786
01-09-2022 01:50,59.9,2,2,2.6,SE,6676,6802,6791
01-09-2022 01:51,59.9,2,2,2.6,SE,6666,6792,6781
01-09-2022 01:51,59.9,2.2,2,2.6,SE,6675,6801,6790
01-09-2022 01:52,60,2.2,2,2.6,SE,6671,6798,6785
01-09-2022 01:53,59.9,2.2,2,2.6,SE,6673,6802,6788
01-09-2022 01:53,59.9,2.2,2,2.6,SE,6669,6797,6784
01-09-2022 01:54,59.9,2.2,2,2.6,SE,6669,6796,6783
01-09-2022 01:54,59.9,2.2,2,2.6,SE,6670,6798,6785
01-09-2022 01:55,60,2.2,2,2.6,SE,6668,6796,6785
01-09-2022 01:55,60,2.2,2,2.6,SE,6696,6822,6812
01-09-2022 01:56,59.9,2.2,2.2,2.6,SE,6692,6820,6809
01-09-2022 01:56,59.9,2.2,2.2,2.6,SE,6690,6820,6807
01-09-2022 01:57,59.9,2.2,2.2,2.6,SE,6692,6822,6809
01-09-2022 01:57,60,2,2,2.6,SE,6698,6829,6815
01-09-2022 01:58,59.9,2.2,2.2,2.6,SE,6682,6808,6798
01-09-2022 01:58,59.9,2,2,2.6,SE,6671,6800,6787
01-09-2022 01:59,59.9,2,2,2.6,SE,6673,6798,6785
01-09-2022 01:59,60,2,2,2.6,SE,6680,6806,6794
01-09-2022 02:00,59.9,2,2,2.6,SE,6687,6810,6799
01-09-2022 02:00,59.9,2,2,2.6,SE,6680,6806,6792
01-09-2022 02:01,60,2.2,2,2.6,SE,6684,6812,6799
01-09-2022 02:02,60,2.2,2,2.6,SE,6682,6813,6798
01-09-2022 02:02,59.9,2.2,2,2.6,SE,6671,6800,6787
01-09-2022 02:03,59.9,2.2,2,2.6,SE,6671,6800,6787
01-09-2022 02:03,59.9,2,2,2.6,SE,6675,6804,6793
01-09-2022 02:04,59.9,2,2,2.6,SE,6676,6805,6797
01-09-2022 02:05,59.9,2,2,2.6,SE,6670,6799,6788
01-09-2022 02:05,59.9,2,2,2.6,SE,6677,6803,6795
01-09-2022 02:06,59.9,2,2,2.6,SE,6670,6798,6788
01-09-2022 02:06,59.9,2,2,2.6,SE,6669,6798,6786
01-09-2022 02:07,59.9,2.2,2,2.6,SE,6668,6798,6784
01-09-2022 02:07,59.9,2.2,2,2.6,SE,6663,6792,6781
01-09-2022 02:08,59.9,2.2,2,2.6,SE,6671,6800,6789
01-09-2022 02:08,59.9,2.2,2,2.6,SE,6671,6798,6787
01-09-2022 02:09,60,2.2,2,2.6,SE,6671,6800,6788
01-09-2022 02:09,59.9,2.2,2,2.6,SE,6667,6795,6781
01-09-2022 02:10,59.9,2.2,2,2.6,SE,6666,6794,6778
01-09-2022 02:10,59.9,2.2,2,2.6,SE,6669,6796,6782
01-09-2022 02:11,60,2,2,2.6,SE,6672,6796,6786
01-09-2022 02:11,59.9,2,2,2.6,SE,6675,6802,6790
01-09-2022 02:12,59.9,2,2,2.6,SE,6698,6824,6810
01-09-2022 02:12,60,2,2,2.6,SE,6699,6827,6812
01-09-2022 02:13,59.9,2,2,2.6,SE,6699,6823,6811
01-09-2022 02:14,59.9,2,2,2.6,SE,6693,6818,6803
01-09-2022 02:15,59.9,2,2,2.6,SE,6671,6797,6782
01-09-2022 02:15,59.9,2,2,2.6,SE,6677,6805,6790
01-09-2022 02:16,59.9,2,2,2.6,SE,6668,6797,6784
01-09-2022 02:17,59.9,2,2,2.6,SE,6667,6798,6784
01-09-2022 02:17,59.9,2,2,2.6,SE,6672,6801,6785
01-09-2022 02:18,59.9,2,2,2.6,SE,6676,6805,6791
01-09-2022 02:18,59.9,2,2,2.6,SE,6665,6795,6780
01-09-2022 02:19,59.9,2,2,2.6,SE,6679,6807,6795
01-09-2022 02:19,59.9,2,2,2.6,SE,6669,6796,6785
01-09-2022 02:20,59.9,2,2,2.6,SE,6669,6797,6786
01-09-2022 02:20,59.9,2,2,2.6,SE,6675,6802,6791
01-09-2022 02:21,59.9,2,2,2.6,SE,6676,6803,6791
01-09-2022 02:21,59.9,2,2,2.6,SE,6681,6806,6793
01-09-2022 02:22,59.9,2,2,2.6,SE,6680,6805,6792
01-09-2022 02:22,60,2,2,2.8,SE,6682,6804,6792
01-09-2022 02:23,59.9,2,2,2.8,SE,6676,6801,6787
01-09-2022 02:23,59.9,2,2,2.8,SE,6669,6794,6789
01-09-2022 02:24,60,2,2,2.8,SE,6673,6797,6784
01-09-2022 02:25,60,2,2,2.8,SE,6696,6825,6813
01-09-2022 02:25,59.9,2,2,2.6,SE,6698,6824,6806
01-09-2022 02:26,59.9,2,2,2.6,SE,6697,6821,6809
01-09-2022 02:26,59.9,2,2,2.6,SE,6703,6829,6813
01-09-2022 02:27,59.9,2,2,2.6,SE,6699,6826,6811
01-09-2022 02:27,60,2,2,2.6,SE,6679,6805,6793
01-09-2022 02:28,59.9,2,2,2.6,SE,6676,6806,6795
01-09-2022 02:29,59.9,2,2,2.6,SE,6669,6798,6788
01-09-2022 02:29,59.9,2,2,2.6,SE,6677,6803,6791
01-09-2022 02:30,60,2,2,2.6,SE,6672,6802,6786
01-09-2022 02:31,59.9,2,2,2.6,SE,6674,6798,6786
01-09-2022 02:31,59.9,2,2,2.6,SE,6678,6801,6790
01-09-2022 02:32,59.9,2,2,2.6,SE,6682,6805,6796
01-09-2022 02:32,60,2,2,2.6,SE,6682,6804,6795
01-09-2022 02:33,60,2,2,2.6,SE,6682,6806,6793
01-09-2022 02:33,59.9,2,2,2.6,SE,6684,6807,6796
01-09-2022 02:34,60,2,2,2.6,SE,6687,6812,6800
01-09-2022 02:34,60,2,2,2.6,SE,6688,6820,6803
01-09-2022 02:35,60,2,2,2.6,SE,6689,6817,6802
01-09-2022 02:35,60,2,2,2.6,SE,6677,6808,6794
01-09-2022 02:36,59.9,2,2,2.6,SE,6679,6813,6795
01-09-2022 02:37,60,2,2,2.6,SE,6681,6813,6799
01-09-2022 02:37,60,2,2,2.6,SE,6676,6806,6796
01-09-2022 02:38,60,2,2,2.6,SE,6679,6806,6794
01-09-2022 02:38,59.9,2,2,2.6,SE,6686,6816,6801
01-09-2022 02:39,60,2,2,2.6,SE,6685,6811,6800
01-09-2022 02:39,60,2,2,2.6,SE,6686,6815,6801
01-09-2022 02:40,60,2,2,2.6,SE,6692,6820,6805
01-09-2022 02:41,60,2.2,2,2.6,SE,6694,6820,6803
01-09-2022 02:41,60,2.2,2,2.6,SE,6696,6824,6804
01-09-2022 02:42,60,2.2,2,2.6,SE,6712,6840,6824
01-09-2022 02:42,60,2.2,2,2.6,SE,6710,6841,6824
01-09-2022 02:43,59.9,2.2,2,2.6,SE,6678,6811,6793
01-09-2022 02:43,59.9,2.2,2,2.6,SE,6684,6812,6799
01-09-2022 02:44,59.9,2,2,2.6,SE,6687,6815,6800
01-09-2022 02:44,60,2,2,2.6,SE,6690,6816,6799
01-09-2022 02:45,60,2,2,2.6,SE,6686,6812,6797
01-09-2022 02:45,60,2,2,2.6,SE,6687,6813,6798
01-09-2022 02:46,60,2,2,2.6,SE,6685,6812,6797
01-09-2022 02:46,59.9,2,2,2.6,SE,6686,6813,6799
01-09-2022 02:47,59.9,2,2,2.6,SE,6683,6810,6796
01-09-2022 02:48,60,2,2,2.6,SE,6709,6836,6825
01-09-2022 02:49,60,2,2,2.6,SE,6710,6836,6825
01-09-2022 02:49,60,2.2,2,2.6,SE,6690,6816,6805
01-09-2022 02:50,60,2,2,2.6,SE,6686,6813,6798
01-09-2022 02:50,60,2,2,2.6,SE,6693,6817,6802
01-09-2022 02:51,60,2,2,2.6,SE,6696,6822,6807
01-09-2022 02:51,60,2,2,2.6,SE,6699,6824,6806
01-09-2022 02:52,60,2,2,2.6,SE,6696,6820,6807
01-09-2022 02:53,60,2,2,2.6,SE,6705,6828,6818
01-09-2022 02:53,60,2,2,2.6,SE,6690,6813,6800
01-09-2022 02:54,60,2,2,2.6,SE,6718,6841,6829
01-09-2022 02:54,60,2,2,2.6,SE,6719,6843,6832
01-09-2022 02:55,60,2,2,2.6,SE,6714,6840,6826
01-09-2022 02:55,59.9,2,2,2.6,SE,6716,6841,6826
01-09-2022 02:56,60,2,2,2.6,SE,6720,6842,6831
01-09-2022 02:56,60,2,2,2.6,SE,6714,6837,6825
01-09-2022 02:57,60,2,2,2.6,SE,6718,6842,6829
01-09-2022 02:57,60,2,2,2.6,SE,6712,6836,6825
01-09-2022 02:58,60,2,2,2.6,SE,6714,6839,6826
01-09-2022 02:58,60,2,2,2.6,SE,6715,6841,6825
01-09-2022 02:59,60,2,2,2.6,SE,6717,6842,6828
01-09-2022 02:59,60,2,2,2.6,SE,6719,6842,6829
01-09-2022 03:00,60,1.8,2,2.6,SE,6724,6849,6835
01-09-2022 03:01,60,1.8,2,2.6,SE,6716,6845,6832
01-09-2022 03:02,60,1.8,2,2.6,SE,6693,6821,6808
01-09-2022 03:02,60,1.8,2,2.6,SE,6721,6847,6833
01-09-2022 03:03,60,2,2,2.6,SE,6716,6838,6825
01-09-2022 03:04,59.9,2,2,2.6,SE,6713,6834,6822
01-09-2022 03:05,60,2,2,2.6,SE,6699,6823,6809
01-09-2022 03:05,60,2,2,2.6,SE,6699,6826,6813
01-09-2022 03:06,59.9,2.2,2,2.6,SE,6688,6813,6799
01-09-2022 03:06,59.9,2.2,2,2.6,SE,6684,6809,6796
01-09-2022 03:07,60,2.2,2,2.6,SE,6684,6808,6795
01-09-2022 03:07,60,2.2,2,2.6,SE,6682,6808,6795
01-09-2022 03:08,60,2.2,2,2.6,SE,6681,6808,6792
01-09-2022 03:08,60,2.2,2,2.6,SE,6688,6816,6799
01-09-2022 03:09,60,2.4,2,3,SE,6689,6815,6796
01-09-2022 03:09,60,2.4,2,3,SE,6711,6834,6819
01-09-2022 03:10,59.9,2.4,1.8,3,SE,6684,6808,6789
01-09-2022 03:10,59.9,2.4,2,3,SE,6687,6813,6797
01-09-2022 03:11,60,2.2,2,3,SE,6682,6816,6793
01-09-2022 03:11,60,2.2,2,3,SE,6691,6820,6802
01-09-2022 03:12,60,2.2,2,3,SE,6693,6823,6805
01-09-2022 03:13,60,2.2,2,3,SE,6687,6817,6800
01-09-2022 03:13,60,2.2,2,3,SE,6686,6816,6799
01-09-2022 03:14,60,2.2,2,3,SE,6691,6821,6805
01-09-2022 03:14,60,2.2,2,3,SE,6686,6818,6799
01-09-2022 03:15,60,2.2,2,3,SE,6683,6814,6796
01-09-2022 03:15,60,2,2,2.6,SE,6684,6827,6796
01-09-2022 03:16,60,2,2,2.6,SE,6690,6818,6802
01-09-2022 03:17,60,2,2,2.6,SE,6684,6814,6798
01-09-2022 03:18,60,2,2.2,2.6,SE,6686,6815,6799
01-09-2022 03:18,60,2.2,2,2.8,SE,6698,6828,6809
01-09-2022 03:19,60,2.2,2,2.8,SE,6712,6841,6821
01-09-2022 03:19,60,2.2,2,2.8,SE,6713,6844,6824
01-09-2022 03:20,60,2.2,2,2.8,SE,6714,6844,6825
01-09-2022 03:21,59.9,2,2,2.6,SE,6695,6824,6806
01-09-2022 03:21,59.9,2,2,2.6,SE,6693,6823,6798
01-09-2022 03:22,59.9,2,2,2.6,SE,6694,6823,6806
01-09-2022 03:22,60,2,2,2.6,SE,6687,6819,6801
01-09-2022 03:23,60,2,2,2.6,SE,6685,6816,6799
01-09-2022 03:23,60,2,2,2.6,SE,6684,6813,6800
01-09-2022 03:24,60,2,2,2.6,SE,6687,6817,6801
01-09-2022 03:25,60,2,2,2.6,SE,6687,6816,6801
01-09-2022 03:25,59.9,2,2,2.6,SE,6675,6811,6789
01-09-2022 03:26,59.9,2,2,2.6,SE,6683,6813,6792
01-09-2022 03:26,60,2,2,2.6,SE,6690,6817,6802
01-09-2022 03:27,60,2,2,2.6,SE,6683,6813,6800
01-09-2022 03:27,60,2,2,2.6,SE,6683,6813,6797
01-09-2022 03:28,60,2,2,2.6,SE,6688,6814,6799
01-09-2022 03:29,60,2,2,2.6,SE,6685,6811,6799
01-09-2022 03:30,59.9,2,2,2.6,SE,6693,6819,6796
01-09-2022 03:30,60,2,2,2.6,SE,6697,6823,6811
01-09-2022 03:31,60,2,2,2.6,SE,6690,6819,6804
01-09-2022 03:31,59.9,2,2,2.6,SE,6693,6819,6805
01-09-2022 03:32,60,2,2,2.6,SE,6693,6820,6802
01-09-2022 03:32,60,2,2,2.6,SE,6690,6816,6800
01-09-2022 03:33,60,2,2,2.6,SE,6694,6823,6804
01-09-2022 03:33,60,2,2,2.6,SE,6694,6822,6802
01-09-2022 03:34,60,2,2,2.6,SE,6722,6849,6830
01-09-2022 03:34,60,2,2,2.6,SE,6721,6848,6829
01-09-2022 03:35,60,2,2,2.6,SE,6715,6846,6828
01-09-2022 03:35,59.9,2,2,2.6,SE,6712,6839,6822
01-09-2022 03:36,60,2,2,2.6,SE,6695,6823,6804
01-09-2022 03:37,60,2,2,2.6,SE,6689,6819,6800
01-09-2022 03:37,59.9,2,2,2.6,SE,6686,6815,6800
01-09-2022 03:38,60,2,2,2.6,SE,6698,6827,6810
01-09-2022 03:38,60,2,2,2.6,SE,6696,6825,6808
01-09-2022 03:39,60,2,2,2.6,SE,6695,6825,6809
01-09-2022 03:39,60,2,2,2.6,SE,6695,6823,6807
01-09-2022 03:40,60,2,2,2.6,SE,6690,6820,6806
01-09-2022 03:41,60,2,2,2.6,SE,6697,6824,6808
01-09-2022 03:41,60,2,2,2.6,SE,6693,6821,6806
01-09-2022 03:42,59.9,2,2,2.6,SE,6689,6816,6798
01-09-2022 03:42,60,2,2,2.6,SE,6699,6824,6807
01-09-2022 03:43,60,2,2,2.6,SE,6694,6818,6800
01-09-2022 03:43,60,2,2,2.6,SE,6698,6825,6806
01-09-2022 03:44,60,2,2,2.6,SE,6696,6826,6808
01-09-2022 03:44,60,2,2,2.6,SE,6702,6830,6813
01-09-2022 03:45,60,2,2,2.6,SE,6700,6828,6813
01-09-2022 03:45,60,2,2.2,2.6,SE,6701,6829,6812
01-09-2022 03:46,59.9,2,2.2,2.6,SE,6721,6845,6835
01-09-2022 03:46,60,2,2.2,2.6,SE,6724,6853,6837
01-09-2022 03:47,60,2,2,2.6,SE,6725,6853,6839
01-09-2022 03:47,60,2,2,2.6,SE,6727,6856,6841
01-09-2022 03:48,59.9,2,2,2.6,SE,6721,6850,6835
01-09-2022 03:49,59.9,2,2,2.6,SE,6712,6839,6824
01-09-2022 03:49,60,2,2,2.6,SE,6702,6830,6816
01-09-2022 03:50,60,2,2,2.6,SE,6702,6830,6818
01-09-2022 03:50,60,2,2,2.6,SE,6703,6831,6817
01-09-2022 03:51,59.9,2,2,2.6,SE,6688,6817,6801
01-09-2022 03:52,60,2,2,2.6,SE,6699,6826,6810
01-09-2022 03:53,60,2,2,2.6,SE,6700,6828,6809
01-09-2022 03:53,60,2,2,2.6,SE,6705,6833,6816
01-09-2022 03:54,60,2.2,2,2.6,SE,6699,6830,6811
01-09-2022 03:54,59.9,2.2,2,2.6,SE,6701,6828,6808
01-09-2022 03:55,59.9,2,2,2.6,SE,6694,6819,6803
01-09-2022 03:55,59.9,2,2,2.6,SE,6701,6826,6810
01-09-2022 03:56,60,2,2,2.6,SE,6704,6827,6814
01-09-2022 03:56,60,2,2,2.6,SE,6706,6832,6819
01-09-2022 03:57,60,2,2,2.6,SE,6699,6830,6815
01-09-2022 03:57,60,2,2,2.6,SE,6696,6825,6812
01-09-2022 03:58,59.9,2,2,2.6,SE,6697,6827,6811
01-09-2022 03:58,59.9,2,2,2.6,SE,6691,6821,6816
01-09-2022 03:59,59.9,2,2,2.6,SE,6696,6825,6811
01-09-2022 03:59,59.9,2,2,2.6,SE,6700,6831,6814
01-09-2022 04:00,60,2,2,2.6,SE,6702,6829,6815
01-09-2022 04:01,60,2,2,2.6,SE,6699,6831,6811
01-09-2022 04:01,60,2,2,2.6,SE,6701,6828,6812
01-09-2022 04:02,59.9,2,2,2.6,SE,6689,6814,6796
01-09-2022 04:02,59.9,2,2,2.6,SE,6695,6818,6805
01-09-2022 04:03,59.9,2,2,2.6,SE,6710,6836,6820
01-09-2022 04:04,60,2,2,2.6,SE,6706,6833,6819
01-09-2022 04:04,59.9,2,2,2.6,SE,6725,6851,6834
01-09-2022 04:05,60,2,2,2.6,SE,6706,6833,6825
01-09-2022 04:05,60,2,2,2.6,SE,6702,6829,6816
01-09-2022 04:06,60,2,2,2.6,SE,6705,6834,6814
01-09-2022 04:06,60,2,2,2.6,SE,6701,6830,6811
01-09-2022 04:07,60,2,2,2.6,SE,6704,6835,6815
01-09-2022 04:07,59.9,2,2,2.6,SE,6704,6834,6815
01-09-2022 04:08,60,2,2,2.6,SE,6702,6830,6814
01-09-2022 04:08,60,2,2,2.6,SE,6702,6830,6816
01-09-2022 04:09,60,2,2,2.6,SE,6701,6832,6813
01-09-2022 04:09,59.9,2,2,2.6,SE,6700,6828,6810
01-09-2022 04:10,60,2,2,2.6,SE,6707,6834,6819
01-09-2022 04:10,60,2,2,2.6,SE,6705,6832,6817
01-09-2022 04:11,60,2,2,2.6,SE,6707,6836,6820
01-09-2022 04:11,59.9,2,2,2.6,SE,6703,6829,6812
01-09-2022 04:12,60,2,2,2.8,SE,6703,6831,6813
01-09-2022 04:13,60,2,2,2.8,SE,6728,6856,6837
01-09-2022 04:13,60,2,2,2.8,SE,6735,6862,6846
01-09-2022 04:14,60,2,2,2.8,SE,6735,6861,6843
01-09-2022 04:14,60,2,2,2.8,SE,6735,6860,6844
01-09-2022 04:15,60,2,2.2,2.6,SE,6736,6862,6845
01-09-2022 04:16,59.9,2,2.2,2.6,SE,6729,6854,6838
01-09-2022 04:16,60,2,2.2,2.6,SE,6729,6853,6838
01-09-2022 04:17,60,2,2.2,2.6,SE,6730,6855,6838
01-09-2022 04:17,60,2,2.2,2.6,SE,6728,6853,6835
01-09-2022 04:18,60,2,2,2.6,SE,6733,6858,6839
01-09-2022 04:18,60,2,2,2.6,SE,6734,6859,6841
01-09-2022 04:19,59.9,2,2,2.6,SE,6735,6862,6844
01-09-2022 04:19,60,2,2,2.6,SE,6735,6863,6839
01-09-2022 04:20,60,2,2,2.6,SE,6733,6860,6841
01-09-2022 04:20,59.9,2,2,2.6,SE,6715,6842,6823
01-09-2022 04:21,59.9,2,2,2.6,SE,6706,6836,6815
01-09-2022 04:22,59.9,2,2,2.6,SE,6705,6830,6812
01-09-2022 04:22,59.9,2,2,2.6,SE,6702,6829,6811
01-09-2022 04:23,60,2,2,2.6,SE,6707,6833,6815
01-09-2022 04:23,59.9,2,2,2.6,SE,6709,6835,6818
01-09-2022 04:24,60,2,2,2.6,SE,6694,6823,6819
01-09-2022 04:25,60,2,2,2.6,SE,6707,6838,6819
01-09-2022 04:25,60,2,2,2.6,SE,6711,6840,6822
01-09-2022 04:26,60,2,2,2.6,SE,6723,6850,6834
01-09-2022 04:26,60,2,2,2.6,SE,6715,6841,6823
01-09-2022 04:27,60,2,2,2.6,SE,6720,6843,6829
01-09-2022 04:28,59.9,2,2,2.6,SE,6716,6846,6826
01-09-2022 04:28,59.9,2,2,2.6,SE,6714,6840,6819
01-09-2022 04:29,60,2,2,2.6,SE,6707,6835,6818
01-09-2022 04:29,60,2,2,2.6,SE,6709,6838,6818
01-09-2022 04:30,60,2,2,2.6,SE,6709,6845,6820
01-09-2022 04:30,60,2,2,2.6,SE,6712,6839,6825
01-09-2022 04:31,60,2,2,2.6,SE,6705,6837,6818
01-09-2022 04:31,60,2,2,2.6,SE,6711,6842,6824
01-09-2022 04:32,60,2,2,2.6,SE,6715,6845,6830
01-09-2022 04:32,59.9,2,2,2.6,SE,6705,6835,6817
01-09-2022 04:33,60,2,2,2.6,SE,6714,6841,6826
01-09-2022 04:33,60,2,2,2.6,SE,6712,6839,6823
01-09-2022 04:34,60,2,2,2.6,SE,6738,6862,6839
01-09-2022 04:34,60,2,2,2.6,SE,6738,6861,6848
01-09-2022 04:35,60,2,2,2.6,SE,6735,6860,6846
01-09-2022 04:36,59.9,2,2,2.6,SE,6730,6856,6841
01-09-2022 04:37,59.9,2,2,2.6,SE,6714,6841,6825
01-09-2022 04:37,60,2,2,2.6,SE,6712,6843,6824
01-09-2022 04:38,60,2,2,2.6,SE,6720,6847,6829
01-09-2022 04:38,60,2,2,2.6,SE,6713,6848,6823
01-09-2022 04:39,60,2,2,2.6,SE,6718,6845,6828
01-09-2022 04:40,59.9,2,2,2.6,SE,6711,6836,6823
01-09-2022 04:40,60,2.2,2,2.6,SE,6711,6841,6827
01-09-2022 04:41,59.9,2,2,2.6,SE,6711,6840,6827
01-09-2022 04:41,60,2,2,2.6,SE,6715,6839,6826
01-09-2022 04:42,60,2,2,2.6,SE,6713,6839,6824
01-09-2022 04:42,60,2,2,2.6,SE,6703,6832,6814
01-09-2022 04:43,60,2,2,2.6,SE,6718,6845,6826
01-09-2022 04:43,60,2,2,2.6,SE,6709,6837,6818
01-09-2022 04:44,60,2,2.2,2.6,SE,6721,6848,6828
01-09-2022 04:44,60.1,2,2.2,2.6,SE,6716,6843,6825
01-09-2022 04:45,60,2,2.2,2.6,SE,6721,6848,6833
01-09-2022 04:45,60,2,2.2,2.6,SE,6732,6857,6841
01-09-2022 04:46,59.9,2,2.2,2.6,SE,6708,6833,6822
01-09-2022 04:46,60,2,2.2,2.6,SE,6709,6832,6820
01-09-2022 04:47,59.9,2,2,2.6,SE,6708,6831,6816
01-09-2022 04:48,59.9,2,2,2.6,SE,6710,6834,6819
01-09-2022 04:48,60,2,2,2.6,SE,6725,6851,6834
01-09-2022 04:49,60,2,2,2.6,SE,6707,6833,6815
01-09-2022 04:50,60,2,2,2.6,SE,6716,6838,6824
01-09-2022 04:50,60,2.2,2,2.6,SE,6734,6858,6842
01-09-2022 04:51,60,2.2,2,2.6,SE,6740,6863,6850
01-09-2022 04:52,60,2.2,2,2.6,SE,6743,6866,6847
01-09-2022 04:52,60,2.2,2,2.6,SE,6739,6861,6842
01-09-2022 04:53,60,2.2,2,2.6,SE,6726,6845,6830
01-09-2022 04:53,60,2.2,2,2.6,SE,6723,6841,6826
01-09-2022 04:54,60,2.2,2,2.6,SE,6722,6848,6830
01-09-2022 04:54,59.9,2.2,2,2.6,SE,6722,6847,6830
01-09-2022 04:55,59.9,2.2,2,2.6,SE,6715,6839,6826
01-09-2022 04:56,59.9,2,2,2.6,SE,6709,6827,6814
01-09-2022 04:56,59.9,2,2,2.6,SE,6714,6830,6818
01-09-2022 04:57,60,2.2,2,2.6,SE,6714,6832,6827
01-09-2022 04:57,60,2.2,2,2.6,SE,6715,6834,6823
01-09-2022 04:58,60,2.2,2,2.6,SE,6719,6837,6829
01-09-2022 04:58,59.9,2.2,2,2.6,SE,6716,6831,6824
01-09-2022 04:59,60,2.2,2,2.6,SE,6713,6841,6822
01-09-2022 05:00,59.9,2.2,2,2.6,SE,6712,6836,6819
01-09-2022 05:00,59.9,2.2,2,2.6,SE,6713,6835,6822
01-09-2022 05:01,59.9,2,2,2.6,SE,6706,6826,6814
01-09-2022 05:01,60,2,2,2.6,SE,6718,6840,6822
01-09-2022 05:02,60,2,2,2.6,SE,6711,6832,6816
01-09-2022 05:02,60,2,2,2.6,SE,6709,6825,6808
01-09-2022 05:03,60,2,2,2.6,SE,6717,6831,6814
01-09-2022 05:04,59.9,2,2,2.6,SE,6727,6852,6830
01-09-2022 05:04,59.9,2,2,2.6,SE,6728,6852,6831
01-09-2022 05:05,60,2,2,2.6,SE,6728,6850,6828
01-09-2022 05:05,60,2,2,2.6,SE,6745,6862,6841
01-09-2022 05:06,59.9,2,2,2.6,SE,6714,6842,6820
01-09-2022 05:06,59.9,2,2,2.6,SE,6715,6838,6816
01-09-2022 05:07,59.9,2,2,2.8,SE,6707,6828,6807
01-09-2022 05:07,59.9,2,2,2.8,SE,6704,6828,6806
01-09-2022 05:08,60,2,2,2.8,SE,6720,6844,6824
01-09-2022 05:08,59.9,2.2,2,2.8,SE,6722,6846,6825
01-09-2022 05:09,59.9,2.2,2,2.8,SE,6712,6828,6807
01-09-2022 05:10,60,2,2,2.6,SE,6709,6843,6823
01-09-2022 05:10,60,2.2,2,2.6,SE,6702,6832,6813
01-09-2022 05:11,59.9,2,2,2.6,SE,6712,6834,6813
01-09-2022 05:12,59.9,2.2,2,2.6,SE,6702,6822,6804
01-09-2022 05:12,60,2.2,2,2.6,SE,6712,6834,6815
01-09-2022 05:13,59.9,2,2,2.6,SE,6717,6841,6819
01-09-2022 05:13,59.9,2,2.2,2.6,SE,6707,6828,6808
01-09-2022 05:14,60,2,2.2,2.6,SE,6714,6829,6809
01-09-2022 05:14,59.9,2,2.2,2.6,SE,6714,6829,6807
01-09-2022 05:15,59.9,2,2.2,2.6,SE,6710,6830,6812
01-09-2022 05:16,59.9,2,2.2,2.6,SE,6708,6828,6809
01-09-2022 05:16,59.9,2,2.2,2.6,SE,6711,6826,6810
01-09-2022 05:17,60,2,2,2.6,SE,6712,6832,6816
01-09-2022 05:17,60,2,2.2,2.6,SE,6708,6829,6813
01-09-2022 05:18,59.9,2,2,2.6,SE,6715,6832,6815
01-09-2022 05:18,59.9,2,2,2.6,SE,6696,6827,6809
01-09-2022 05:19,59.9,2,2,2.6,SE,6700,6814,6804
01-09-2022 05:19,59.9,2,2,2.6,SE,6706,6822,6805
01-09-2022 05:20,59.9,2,2,2.6,SE,6706,6824,6807
01-09-2022 05:20,59.9,2,2,2.6,SE,6702,6824,6807
01-09-2022 05:21,60,2,1.8,2.6,SE,6716,6838,6825
01-09-2022 05:21,59.9,2,1.8,2.6,SE,6711,6836,6819
01-09-2022 05:22,59.9,2,1.8,2.6,SE,6680,6829,6808
01-09-2022 05:22,59.9,2,1.8,2.6,SE,6681,6829,6807
01-09-2022 05:23,59.9,2,1.8,2.6,SE,6705,6825,6810
01-09-2022 05:24,59.9,2,1.8,2.6,SE,6706,6822,6811
01-09-2022 05:24,60,2,2,2.6,SE,6705,6828,6809
01-09-2022 05:25,60,2,1.8,2.6,SE,6700,6831,6811
01-09-2022 05:25,60,2,2,2.6,SE,6708,6835,6816
01-09-2022 05:26,60,2,2,2.6,SE,6697,6834,6817
01-09-2022 05:26,59.9,2,2,2.6,SE,6719,6859,6838
01-09-2022 05:27,59.9,2,2,2.6,SE,6713,6834,6817
01-09-2022 05:28,60,2,2,2.6,SE,6738,6861,6837
01-09-2022 05:28,60,2,2,2.6,SE,6740,6864,6840
01-09-2022 05:29,59.9,2,2,2.6,SE,6718,6856,6833
01-09-2022 05:29,59.9,2,2,2.6,SE,6718,6856,6834
01-09-2022 05:30,59.9,2,2,2.6,SE,6724,6854,6831
01-09-2022 05:30,60,2,2,2.6,SE,6727,6857,6835
01-09-2022 05:31,60,2,2,2.6,SE,6733,6860,6837
01-09-2022 05:31,59.9,2,2,2.6,SE,6731,6860,6836
01-09-2022 05:32,59.9,2,2,2.6,SE,6719,6859,6834
01-09-2022 05:32,59.9,2,2,2.6,SE,6703,6855,6827
01-09-2022 05:33,59.9,2,2,2.6,SE,6725,6857,6836
01-09-2022 05:33,59.9,2,2,2.6,SE,6728,6859,6839
01-09-2022 05:34,59.9,2,2,2.6,SE,6736,6858,6838
01-09-2022 05:34,59.9,2,2,2.6,SE,6735,6860,6837
01-09-2022 05:35,59.9,2,2,2.6,SE,6708,6836,6815
01-09-2022 05:36,60,2,2,2.6,SE,6706,6837,6811
01-09-2022 05:36,60,2.2,1.8,2.6,SE,6694,6832,6810
01-09-2022 05:37,60,2.2,1.8,2.6,SE,6718,6842,6823
01-09-2022 05:38,60,2.2,1.8,2.6,SE,6709,6838,6817
01-09-2022 05:38,60,2.2,1.8,2.6,SE,6721,6839,6820
01-09-2022 05:39,60,2,1.8,2.6,SE,6710,6833,6811
01-09-2022 05:40,60,2,2,2.6,SE,6708,6837,6819
01-09-2022 05:40,60,2,2,2.6,SE,6702,6837,6818
01-09-2022 05:41,59.9,2,2,2.6,SE,6706,6833,6812
01-09-2022 05:42,59.9,2,2,2.6,SE,6701,6832,6805
01-09-2022 05:42,59.9,2,2,2.6,SE,6715,6831,6806
01-09-2022 05:43,60,2,2,2.6,SE,6718,6831,6817
01-09-2022 05:43,60,2,2,2.6,SE,6703,6821,6805
01-09-2022 05:44,59.9,2,2,2.6,SE,6707,6824,6806
01-09-2022 05:44,59.9,2,2,2.6,SE,6702,6827,6810
01-09-2022 05:45,60,2,2,2.6,SE,6715,6832,6807
01-09-2022 05:45,60,2,2,2.6,SE,6723,6835,6817
01-09-2022 05:46,59.9,2.2,2,2.6,SE,6719,6835,6812
01-09-2022 05:46,59.9,2.2,1.8,2.6,SE,6715,6837,6815
01-09-2022 05:47,60.1,2.2,1.8,2.6,SE,6744,6859,6837
01-09-2022 05:48,60,2.2,1.8,2.6,SE,6737,6851,6833
01-09-2022 05:48,59.9,2.2,1.8,2.6,SE,6738,6844,6830
01-09-2022 05:49,60,2.2,1.8,2.6,SE,6741,6845,6829
01-09-2022 05:49,60,2.2,1.8,2.6,SE,6742,6861,6840
01-09-2022 05:50,59.9,2.2,1.8,2.6,SE,6725,6838,6823
01-09-2022 05:50,59.9,2.2,1.8,2.6,SE,6724,6841,6827
01-09-2022 05:51,60,2.2,1.8,2.6,SE,6721,6833,6817
01-09-2022 05:52,59.9,2.2,1.8,2.6,SE,6720,6824,6810
01-09-2022 05:52,59.9,2,1.8,2.6,SE,6718,6830,6815
01-09-2022 05:53,60,2,2,2.6,SE,6712,6820,6800
01-09-2022 05:53,60,2,2,2.6,SE,6722,6841,6821
01-09-2022 05:54,59.9,2,2,2.6,SE,6698,6837,6818
01-09-2022 05:54,60,2,2,2.6,SE,6705,6832,6816
01-09-2022 05:55,59.9,2,2,2.6,SE,6717,6835,6817
01-09-2022 05:55,60,2,2,2.6,SE,6717,6843,6823
01-09-2022 05:56,60,2,2,2.6,SE,6715,6837,6816
01-09-2022 05:56,59.9,2,2,2.6,SE,6714,6830,6808
01-09-2022 05:57,59.9,2.2,2,2.6,SE,6698,6829,6809
01-09-2022 05:58,60,2.2,2,2.6,SE,6723,6829,6815
01-09-2022 05:59,59.9,2.2,2,2.6,SE,6708,6835,6817
01-09-2022 06:00,59.9,2.2,2,2.6,SE,6720,6829,6800
01-09-2022 06:00,59.9,2,2,2.6,SE,6694,6833,6814
01-09-2022 06:01,60,2,2,2.6,SE,6705,6835,6813
01-09-2022 06:01,59.9,2,2,2.8,SE,6708,6826,6805
01-09-2022 06:02,59.9,2,2,2.6,SE,6711,6831,6806
01-09-2022 06:03,60,2,2,2.6,SE,6713,6840,6815
01-09-2022 06:03,60,2,2,2.6,SE,6710,6837,6818
01-09-2022 06:04,60,2,1.8,2.6,SE,6718,6843,6817
01-09-2022 06:04,60,2,1.8,2.6,SE,6733,6861,6835
01-09-2022 06:05,59.9,2,1.8,2.6,SE,6732,6860,6831
01-09-2022 06:05,59.9,2,1.8,2.6,SE,6725,6865,6835
01-09-2022 06:06,60,2,1.8,2.6,SE,6738,6869,6846
01-09-2022 06:06,60,2.2,1.8,2.6,SE,6717,6843,6822
01-09-2022 06:07,60,2.2,1.8,2.6,SE,6714,6830,6811
01-09-2022 06:07,59.9,2.2,1.8,2.6,SE,6715,6818,6799
01-09-2022 06:08,59.9,2.2,2,2.6,SE,6713,6835,6816
01-09-2022 06:08,60,2.2,2,2.6,SE,6715,6838,6816
01-09-2022 06:09,60,2.2,2,2.6,SE,6706,6836,6808
01-09-2022 06:09,59.9,2.2,2,2.6,SE,6704,6824,6803
01-09-2022 06:10,60,2,2,2.6,SE,6704,6831,6806
01-09-2022 06:10,60,2,2,2.6,SE,6701,6823,6794
01-09-2022 06:11,59.9,2,2,2.6,SE,6680,6830,6805
01-09-2022 06:12,60,2,2,2.6,SE,6706,6827,6805
01-09-2022 06:12,60,2,2,2.6,SE,6694,6827,6806
01-09-2022 06:13,60,2,2,2.6,SE,6716,6830,6811
01-09-2022 06:13,60,2,2,2.6,SE,6696,6836,6812
01-09-2022 06:14,59.9,2,2,2.6,SE,6700,6824,6801
01-09-2022 06:15,59.9,2,2,2.6,SE,6723,6832,6804
01-09-2022 06:15,60,2,1.8,2.6,SE,6697,6838,6809
01-09-2022 06:16,60,2,1.8,2.6,SE,6719,6842,6813
01-09-2022 06:17,60,2,1.8,2.6,SE,6714,6858,6839
01-09-2022 06:17,60,2,1.8,2.6,SE,6735,6852,6834
01-09-2022 06:18,59.9,2,1.8,2.6,SE,6743,6855,6832
01-09-2022 06:18,59.9,2,1.8,2.6,SE,6742,6858,6834
01-09-2022 06:19,60,2,1.8,2.6,SE,6741,6859,6841
01-09-2022 06:19,60,2,1.8,2.6,SE,6736,6865,6842
01-09-2022 06:20,60,2.2,1.8,2.6,SE,6737,6859,6838
01-09-2022 06:20,60,2.2,1.8,2.6,SE,6747,6855,6830
01-09-2022 06:21,60,2.2,1.8,2.6,SE,6653,6783,6765
01-09-2022 06:21,60,2.2,1.8,2.6,SE,6662,6785,6762
01-09-2022 06:22,59.9,2.2,2,2.6,SE,6635,6760,6744
01-09-2022 06:22,59.9,2.2,2,2.6,SE,6634,6751,6731
01-09-2022 06:23,59.9,2.2,2,2.6,SE,6628,6747,6731
01-09-2022 06:24,59.9,2.2,2,2.6,SE,6623,6749,6730
01-09-2022 06:24,60,2.2,2,2.6,SE,6634,6753,6735
01-09-2022 06:25,60,2.2,2,2.6,SE,6640,6752,6736
01-09-2022 06:25,59.9,2.2,2,2.6,SE,6641,6760,6741
01-09-2022 06:26,60,2.2,2,2.6,SE,6641,6747,6725
01-09-2022 06:27,60,2.2,2,2.6,SE,6630,6760,6740
01-09-2022 06:27,59.9,2.2,2,2.6,SE,6630,6759,6738
01-09-2022 06:28,60,2.2,2,2.6,SE,6651,6758,6728
01-09-2022 06:28,60,2.2,2,2.6,SE,6642,6757,6733
01-09-2022 06:29,60,2.2,2,2.6,SE,6643,6764,6744
01-09-2022 06:29,60,2.2,1.8,2.6,SE,6638,6758,6738
01-09-2022 06:30,59.9,2.2,1.8,2.6,SE,6635,6753,6736
01-09-2022 06:30,59.9,2.2,1.8,2.6,SE,6626,6750,6735
01-09-2022 06:31,60,2.2,1.8,2.6,SE,6625,6753,6741
01-09-2022 06:31,59.9,2.2,1.8,2.6,SE,6620,6748,6735
01-09-2022 06:32,60,2.2,1.8,2.6,SE,6632,6755,6735
01-09-2022 06:32,59.9,2.2,1.8,2.6,SE,6626,6746,6730
01-09-2022 06:33,59.9,2.2,1.8,2.6,SE,6637,6736,6716
01-09-2022 06:33,60,2.2,1.8,2.6,SE,6618,6752,6737
01-09-2022 06:34,60,2.2,2,2.6,SE,6632,6756,6745
01-09-2022 06:34,60,2.2,2,2.6,SE,6629,6752,6738
01-09-2022 06:35,59.9,2.2,1.8,2.6,SE,6627,6752,6739
01-09-2022 06:36,59.9,2.2,1.8,2.6,SE,6623,6744,6726
01-09-2022 06:36,60,2.2,2,2.6,SE,6628,6750,6733
01-09-2022 06:37,60,2.2,2,2.6,SE,6651,6774,6757
01-09-2022 06:37,60,2.2,2,2.6,SE,6624,6753,6734
01-09-2022 06:38,59.9,2.2,2,2.6,SE,6622,6745,6725
01-09-2022 06:39,59.9,2.2,2,2.6,SE,6628,6748,6731
01-09-2022 06:40,60,2.2,2,2.6,SE,6627,6737,6718
01-09-2022 06:40,60,2.2,2,2.6,SE,6635,6749,6727
01-09-2022 06:41,60,2.2,2,2.6,SE,6627,6749,6731
01-09-2022 06:41,60,2.2,2,2.6,SE,6621,6752,6733
01-09-2022 06:42,59.9,2.2,2.2,2.6,SE,6609,6744,6729
01-09-2022 06:42,60,2.2,2.2,2.6,SE,6648,6772,6733
01-09-2022 06:43,60,2.2,2,2.6,SE,6657,6765,6747
01-09-2022 06:43,60,2.2,2,2.6,SE,6660,6767,6750
01-09-2022 06:44,60,2.2,2,2.6,SE,6653,6762,6741
01-09-2022 06:44,60,2.4,2,2.6,SE,6649,6763,6745
01-09-2022 06:45,59.9,2.4,2,2.6,SE,6627,6755,6737
01-09-2022 06:45,59.9,2.2,1.8,2.6,SE,6630,6756,6737
01-09-2022 06:46,59.9,2.4,2,2.6,SE,6638,6754,6739
01-09-2022 06:47,59.9,2.4,1.8,2.6,SE,6626,6769,6749
01-09-2022 06:47,60,2.2,1.8,2.6,SE,6624,6767,6742
01-09-2022 06:48,60,2.2,1.8,2.6,SE,6617,6767,6745
01-09-2022 06:48,59.9,2.2,1.8,2.6,SE,6641,6764,6742
01-09-2022 06:49,59.9,2,1.8,2.6,SE,6647,6758,6734
01-09-2022 06:49,59.9,2,2,2.6,SE,6634,6760,6742
01-09-2022 06:50,59.9,2.2,2,2.6,SE,6615,6761,6737
01-09-2022 06:51,60,2.2,2.2,2.6,SE,6619,6750,6732
01-09-2022 06:51,59.9,2.2,2.2,2.6,SE,6622,6737,6719
01-09-2022 06:52,59.9,2.2,2.2,2.6,SE,6603,6730,6716
01-09-2022 06:52,60,2.2,2.2,2.6,SE,6630,6736,6719
01-09-2022 06:53,59.9,2.2,2.2,2.6,SE,6619,6742,6720
01-09-2022 06:53,60,2.2,2.2,2.6,SE,6625,6742,6718
01-09-2022 06:54,60,2.2,2.2,2.6,SE,6625,6746,6725
01-09-2022 06:54,59.9,2.4,2.2,2.6,SE,6631,6744,6721
01-09-2022 06:55,60,2.4,2.2,2.8,SE,6622,6748,6732
01-09-2022 06:55,60,2.4,2.2,2.8,SE,6593,6736,6716
01-09-2022 06:56,60,2.4,2.2,2.8,SE,6617,6743,6718
01-09-2022 06:56,59.9,2.4,2.2,2.8,SE,6612,6734,6709
01-09-2022 06:57,60,2.2,2.2,2.6,SE,6617,6748,6729
01-09-2022 06:57,59.9,2.2,2.2,2.6,SE,6597,6738,6721
01-09-2022 06:58,60,2.2,2,2.6,SE,6604,6729,6709
01-09-2022 06:59,60,2.2,2,2.6,SE,6625,6753,6732
01-09-2022 06:59,60,2.2,2,2.6,SE,6610,6739,6714
01-09-2022 07:00,59.9,2.2,2,2.6,SE,6628,6753,6732
01-09-2022 07:00,59.8,2.2,2,2.6,SE,6608,6735,6708
01-09-2022 07:01,59.9,2.2,2,2.6,SE,6591,6719,6696
01-09-2022 07:01,59.9,2.2,2,2.6,SE,6609,6732,6715
01-09-2022 07:02,59.9,2.2,2,2.6,SE,6603,6733,6712
01-09-2022 07:03,60,2.2,2,2.6,SE,6601,6731,6715
01-09-2022 07:03,60,2.2,2,2.6,SE,6584,6717,6699
01-09-2022 07:04,59.9,2.2,2,2.6,SE,6591,6726,6709
01-09-2022 07:04,60,2.2,2,2.6,SE,6626,6744,6725
01-09-2022 07:05,60,2.2,2.2,2.6,SE,6623,6741,6720
01-09-2022 07:06,59.9,2.2,2.2,2.6,SE,6624,6735,6716
01-09-2022 07:06,59.9,2.2,2.2,2.6,SE,6633,6726,6703
01-09-2022 07:07,59.9,2.4,2.2,2.6,SE,6595,6724,6700
01-09-2022 07:07,59.9,2.4,2.2,2.6,SE,6591,6724,6699
01-09-2022 07:08,59.9,2.4,2.2,2.6,SE,6589,6716,6690
01-09-2022 07:08,59.9,2.4,2.2,2.6,SE,6608,6719,6698
01-09-2022 07:09,60,2.4,2.2,2.6,SE,6604,6726,6701
01-09-2022 07:09,60,2.4,2.2,2.6,SE,6602,6712,6692
01-09-2022 07:10,60,2.4,2.2,2.6,SE,6605,6714,6693
01-09-2022 07:11,59.9,2.4,2.2,2.6,SE,6593,6705,6687
01-09-2022 07:11,59.9,2.4,2.2,2.6,SE,6599,6706,6684
01-09-2022 07:12,59.9,2.4,2.2,2.6,SE,6594,6715,6684
01-09-2022 07:12,59.9,2.4,2.2,2.6,SE,6598,6732,6700
01-09-2022 07:13,60,2.4,2.2,2.6,SE,6595,6721,6695
01-09-2022 07:13,59.9,2.4,2,2.6,SE,6607,6728,6706
01-09-2022 07:14,59.9,2.4,2,2.6,SE,6596,6721,6694
01-09-2022 07:15,60,2.4,2.2,2.6,SE,6596,6714,6692
01-09-2022 07:15,60,2.4,2.2,2.6,SE,6599,6719,6698
01-09-2022 07:16,60,2.4,2.2,2.6,SE,6638,6755,6739
01-09-2022 07:16,59.9,2.4,2.2,2.6,SE,6624,6758,6738
01-09-2022 07:17,59.9,2.4,2.2,2.6,SE,6650,6755,6734
01-09-2022 07:17,59.9,2.4,2,2.6,SE,6641,6764,6741
01-09-2022 07:18,60,2.4,2,2.6,SE,6657,6746,6731
01-09-2022 07:18,60,2.4,2.2,2.6,SE,6658,6764,6750
01-09-2022 07:19,59.9,2.4,2.2,2.6,SE,6646,6775,6749
01-09-2022 07:19,59.9,2.2,2.2,2.6,SE,6650,6778,6762
01-09-2022 07:20,59.9,2.2,2.2,2.6,SE,6654,6761,6743
01-09-2022 07:20,60,2.2,2.2,2.6,SE,6662,6777,6754
01-09-2022 07:21,60,2.2,2.2,2.6,SE,6673,6794,6772
01-09-2022 07:21,60,2.2,2.2,2.6,SE,6665,6790,6770
01-09-2022 07:22,60,2.2,2.2,2.6,SE,6672,6797,6772
01-09-2022 07:23,59.9,2.2,2.2,2.6,SE,6677,6794,6772
01-09-2022 07:23,60,2.2,2.2,2.6,SE,6651,6774,6754
01-09-2022 07:24,60,2.2,2.2,2.8,SE,6635,6769,6751
01-09-2022 07:24,59.9,2.2,2,2.8,SE,6647,6768,6748
01-09-2022 07:25,59.9,2.4,2.2,2.8,SE,6666,6786,6762
01-09-2022 07:25,59.9,2.4,2,2.8,SE,6657,6778,6751
01-09-2022 07:26,60,2.4,2,2.8,SE,6668,6790,6764
01-09-2022 07:27,60,2.4,2,2.8,SE,6644,6771,6746
01-09-2022 07:27,60,2.4,2,2.6,SE,6648,6773,6746
01-09-2022 07:28,60,2.4,2,2.8,SE,6634,6777,6748
01-09-2022 07:28,60,2.4,2,2.8,SE,6623,6764,6740
01-09-2022 07:29,60,2.6,2.2,2.8,SE,6645,6769,6744
01-09-2022 07:29,60,2.4,2.2,2.8,SE,6646,6762,6735
01-09-2022 07:30,59.9,2.4,2.4,2.8,SE,6634,6755,6732
01-09-2022 07:30,59.9,2.4,2.4,2.8,SE,6636,6758,6734
01-09-2022 07:31,59.9,2.6,2.2,2.8,SE,6627,6759,6731
01-09-2022 07:31,59.9,2.4,2.2,2.8,SE,6649,6792,6757
01-09-2022 07:32,59.9,2.2,2.2,2.8,SE,6663,6797,6774
01-09-2022 07:32,60,2.2,2.2,2.8,SE,6691,6816,6791
01-09-2022 07:33,60,2.2,2.2,2.8,SE,6682,6827,6801
01-09-2022 07:33,59.9,2.4,2.2,2.8,SE,6694,6821,6792
01-09-2022 07:34,59.9,2.2,2.4,2.8,SE,6613,6747,6717
01-09-2022 07:35,59.9,2.4,2.4,2.8,SE,6617,6736,6708
01-09-2022 07:35,60,2.4,2.4,2.8,SE,6593,6720,6693
01-09-2022 07:36,59.9,2.4,2.4,2.8,SE,6604,6710,6686
01-09-2022 07:36,59.9,2.2,2.4,2.8,SE,6587,6709,6686
01-09-2022 07:37,59.8,2.2,2.4,2.8,SE,6591,6704,6682
01-09-2022 07:37,59.9,2.2,2.4,2.8,SE,6595,6709,6684
01-09-2022 07:38,59.9,2.2,2.4,2.8,SE,6597,6704,6678
01-09-2022 07:39,59.9,2.2,2.4,2.8,SE,6563,6715,6684
01-09-2022 07:39,60,2.2,2.4,2.8,SE,6580,6713,6689
01-09-2022 07:40,60,2.2,2.2,2.8,SE,6587,6708,6688
01-09-2022 07:40,59.9,2.4,2.2,2.8,SE,6585,6696,6674
01-09-2022 07:41,59.9,2.2,2.2,2.8,SE,6572,6701,6675
01-09-2022 07:41,59.9,2.2,2.2,2.8,SE,6579,6703,6678
01-09-2022 07:42,60,2.2,2.2,2.8,SE,6585,6702,6678
01-09-2022 07:42,60,2.6,2.4,2.8,SE,6590,6711,6686
01-09-2022 07:43,59.9,2.6,2.4,2.8,SE,6588,6700,6675
01-09-2022 07:44,60,2.4,2.4,2.8,SE,6585,6694,6675
01-09-2022 07:44,60,2.4,2.4,2.8,SE,6575,6694,6673
01-09-2022 07:45,60,2.2,2.2,2.8,SE,6572,6694,6671
01-09-2022 07:45,60,2.2,2.4,2.8,SE,6564,6695,6672
01-09-2022 07:46,59.9,2.2,2.4,2.8,SE,6580,6688,6665
01-09-2022 07:47,59.9,2.2,2.4,2.8,SE,6581,6690,6665
01-09-2022 07:47,59.9,2.2,2.4,2.8,SE,6580,6694,6673
01-09-2022 07:48,59.9,2.4,2.4,3,SE,6587,6705,6685
01-09-2022 07:48,59.9,2.4,2.4,3,SE,6587,6702,6676
01-09-2022 07:49,59.9,2.4,2.4,3,SE,6594,6688,6662
01-09-2022 07:49,59.9,2.4,2.4,3,SE,6571,6696,6673
01-09-2022 07:50,60,2.4,2.4,3,SE,6602,6720,6699
01-09-2022 07:51,59.9,2.2,2.4,2.8,SE,6581,6689,6665
01-09-2022 07:51,60,2.4,2.4,2.8,SE,6580,6697,6672
01-09-2022 07:52,59.9,2.4,2.4,2.8,SE,6574,6685,6665
01-09-2022 07:52,59.9,2.4,2.4,2.8,SE,6570,6683,6653
01-09-2022 07:53,60,2.4,2.4,2.8,SE,6567,6679,6657
01-09-2022 07:53,60,2.4,2.4,2.8,SE,6556,6675,6656
01-09-2022 07:54,60.1,2.2,2.4,2.8,SE,6565,6680,6655
01-09-2022 07:54,60,2.2,2.2,2.8,SE,6647,6763,6734
01-09-2022 07:55,59.9,2.2,2,2.8,SE,6663,6782,6758
01-09-2022 07:55,59.9,2.2,2.2,2.8,SE,6642,6766,6742
01-09-2022 07:56,59.9,2.2,2.2,2.8,SE,6629,6754,6730
01-09-2022 07:56,59.9,2.2,2.2,2.8,SE,6620,6750,6728
01-09-2022 07:57,59.9,2.8,2.6,3.2,SE,6627,6743,6716
01-09-2022 07:57,59.9,2.2,2.2,2.8,SE,6631,6753,6729
01-09-2022 07:58,60,2.6,2.4,3,SE,6657,6770,6746
01-09-2022 07:59,60,2.2,2.2,2.8,SE,6640,6770,6745
01-09-2022 07:59,60,2.2,2.4,2.8,SE,6649,6762,6734
01-09-2022 08:00,59.9,2.4,2.4,2.8,SE,6645,6750,6722
01-09-2022 08:00,59.8,2.2,2.4,2.8,SE,6622,6751,6730
01-09-2022 08:01,59.9,2.4,2.6,3,SE,6605,6741,6716
01-09-2022 08:01,60,2.4,2.6,2.8,SE,6597,6727,6702
01-09-2022 08:02,59.9,2.4,2.6,2.8,SE,6589,6717,6689
01-09-2022 08:03,59.9,2.6,2.6,2.8,SE,6582,6684,6661
01-09-2022 08:03,59.9,2.6,2.6,3,SE,6587,6703,6676
01-09-2022 08:04,60,2.6,2.6,3,SE,6602,6736,6712
01-09-2022 08:04,60,2.6,2.6,3,SE,6596,6724,6702
01-09-2022 08:05,59.9,2.6,2.6,2.8,SE,6590,6707,6677
01-09-2022 08:05,59.8,2.6,2.6,2.8,SE,6564,6693,6661
01-09-2022 08:06,59.9,2.8,2.8,3,SE,6564,6694,6664
01-09-2022 08:06,59.8,3.2,3,3.4,SE,6568,6698,6664
01-09-2022 08:07,60,3.2,3,3.4,SE,6561,6693,6660
01-09-2022 08:07,59.9,2.6,2.6,2.8,SE,6646,6786,6748
01-09-2022 08:08,60,2.4,2.6,3,SE,6659,6797,6769
01-09-2022 08:08,60.1,2.4,2.8,3,SE,6664,6799,6773
01-09-2022 08:09,60,2.4,2.6,3,SE,6662,6806,6766
01-09-2022 08:09,60,2.4,2.6,3,SE,6675,6805,6772
01-09-2022 08:10,59.9,2.4,2.6,3,SE,6669,6802,6765
01-09-2022 08:11,59.9,2.4,2.6,2.8,SE,6659,6794,6763
01-09-2022 08:11,59.8,2.4,2.6,3,SE,6662,6792,6759
01-09-2022 08:12,59.9,2.4,2.6,3,SE,6669,6795,6767
01-09-2022 08:12,60,2.4,2.6,3,SE,6658,6786,6753
01-09-2022 08:13,60,2.6,2.4,3,SE,6661,6800,6768
01-09-2022 08:14,60.1,2.6,2.6,3,SE,6684,6808,6774
01-09-2022 08:15,60,2.6,2.4,3,SE,6675,6801,6765
01-09-2022 08:15,60,2.6,2.8,3,SE,6669,6795,6762
01-09-2022 08:16,60,2.6,2.8,3,SE,6653,6792,6757
01-09-2022 08:16,59.9,2.4,2.6,3,SE,6648,6789,6754
01-09-2022 08:17,60,2.4,2.8,3,SE,6656,6797,6762
01-09-2022 08:17,59.9,2.4,2.6,3,SE,6672,6807,6774
01-09-2022 08:18,60,2.4,2.8,3,SE,6679,6807,6773
01-09-2022 08:18,60,2.4,2.8,3,SE,6677,6805,6773
01-09-2022 08:19,59.9,2.4,2.8,3,SE,6671,6803,6771
01-09-2022 08:19,59.9,2.4,2.8,3,SE,6670,6799,6765
01-09-2022 08:20,60,2.4,2.8,3,SE,6673,6806,6768
01-09-2022 08:20,60,2.4,2.8,3,SE,6661,6796,6762
01-09-2022 08:21,60,2.8,3.2,3.4,SE,6644,6777,6745
01-09-2022 08:21,60,2.4,2.8,3,SE,6644,6772,6738
01-09-2022 08:22,60,2.4,2.8,3,SE,6647,6773,6738
01-09-2022 08:23,59.9,2.6,2.8,3,SE,6630,6766,6734
01-09-2022 08:23,60,2.6,2.8,3,SE,6632,6766,6730
01-09-2022 08:24,60,2.6,2.8,3,SE,6642,6778,6741
01-09-2022 08:24,60,2.8,2.8,3,SE,6632,6763,6727
01-09-2022 08:25,60,2.6,2.6,3,SE,6635,6768,6732
01-09-2022 08:26,60,2.6,2.4,3,SE,6638,6761,6726
01-09-2022 08:26,60,2.6,2.4,2.8,SE,6626,6762,6729
01-09-2022 08:27,60,2.6,2.6,3,SE,6633,6773,6741
01-09-2022 08:27,60,2.6,2.6,3,SE,6646,6773,6738
01-09-2022 08:28,60,2.8,2.6,3,SE,6616,6743,6709
01-09-2022 08:28,59.9,2.8,2.6,3,SE,6624,6777,6737
01-09-2022 08:29,60,2.8,2.6,3,SE,6642,6763,6735
01-09-2022 08:29,60,3,2.8,3,SE,6651,6769,6737
01-09-2022 08:30,59.9,3,3,3.4,SE,6635,6765,6731
01-09-2022 08:30,60,3.4,3.4,3.8,SE,6652,6771,6739
01-09-2022 08:31,59.9,3.6,3.4,4,SE,6635,6761,6725
01-09-2022 08:31,59.9,3,3,3.4,SE,6648,6767,6731
01-09-2022 08:32,60,3.2,3,3.6,SE,6623,6758,6718
01-09-2022 08:32,60,3.2,3,3.6,SE,6626,6765,6722
01-09-2022 08:33,60,3.2,3.2,3.6,SE,6655,6785,6748
01-09-2022 08:33,60,3,3.2,3.4,SE,6653,6781,6743
01-09-2022 08:34,60,3,3,3.4,SE,6658,6779,6746
01-09-2022 08:35,60,3.2,3,3.4,SE,6651,6766,6734
01-09-2022 08:35,60,3.2,3,3.4,SE,6615,6737,6706
01-09-2022 08:36,60,3.2,3,3.4,SE,6599,6721,6693
01-09-2022 08:36,59.9,3.2,3,3.6,SE,6553,6684,6654
01-09-2022 08:37,59.9,3.2,3,3.6,SE,6557,6678,6651
01-09-2022 08:38,60,3.8,3.4,4,SE,6571,6699,6665
01-09-2022 08:38,59.9,3.4,3,3.6,SE,6641,6764,6734
01-09-2022 08:39,60,3.2,3,3.4,SE,6633,6765,6731
01-09-2022 08:39,59.9,3.2,2.8,3.4,SE,6634,6765,6731
01-09-2022 08:40,60,3.2,3,3.4,SE,6706,6843,6809
01-09-2022 08:40,60,3.2,3,3.4,SE,6706,6838,6806
01-09-2022 08:41,60,3.6,3.6,3.8,SE,6702,6840,6801
01-09-2022 08:41,60,3.4,3,3.6,SE,6687,6830,6793
01-09-2022 08:42,60,3.4,3.2,3.8,SE,6688,6809,6776
01-09-2022 08:42,60,3.2,3.2,3.6,SE,6694,6812,6780
01-09-2022 08:43,59.9,3.4,3.4,3.6,SE,6694,6821,6788
01-09-2022 08:43,59.9,3.2,3.4,3.4,SE,6710,6840,6808
01-09-2022 08:44,60,3.2,3.4,3.4,SE,6711,6844,6812
01-09-2022 08:44,60,3.2,3.4,3.2,SE,6731,6857,6824
01-09-2022 08:45,60,3.4,3.4,3.6,SE,6726,6856,6820
01-09-2022 08:45,60,3,3.4,3.6,SE,6726,6849,6809
01-09-2022 08:46,59.9,3,3.4,3.6,SE,6710,6853,6815
01-09-2022 08:47,60,3,3.4,3.6,SE,6724,6860,6820
01-09-2022 08:47,60,3,3.4,3.4,SE,6717,6861,6815
01-09-2022 08:48,59.9,3.2,3.4,3.4,SE,6695,6834,6787
01-09-2022 08:49,60,3.2,3.4,3.4,SE,6693,6826,6786
01-09-2022 08:50,60,3.2,3.4,3.4,SE,6695,6829,6784
01-09-2022 08:50,60.1,4,3.6,4.2,SE,6693,6838,6795
01-09-2022 08:51,60,3.4,3.2,3.8,SE,6695,6827,6783
01-09-2022 08:51,60,3.4,3.2,3.8,SE,6690,6829,6780
01-09-2022 08:52,60,3.2,3.2,3.6,SE,6676,6810,6769
01-09-2022 08:52,59.9,3.2,3.2,3.6,SE,6693,6825,6785
01-09-2022 08:53,60,3.2,3,3.6,SE,6692,6828,6788
01-09-2022 08:53,60,3.4,3,3.8,SE,6689,6830,6789
01-09-2022 08:54,59.9,3.2,3.2,3.8,SE,6676,6827,6787
01-09-2022 08:54,60,3.2,3.2,3.6,SE,6679,6818,6781
01-09-2022 08:55,60,3.2,3.2,3.8,SE,6679,6814,6778
01-09-2022 08:55,60,3.2,3,3.6,SE,6677,6822,6779
01-09-2022 08:56,60,3,3.2,3.2,SE,6674,6810,6774
01-09-2022 08:56,59.9,3,3.2,3.2,SE,6666,6802,6769
01-09-2022 08:57,59.9,3.2,3.2,3.4,SE,6660,6786,6755
01-09-2022 08:58,59.9,3.2,3.2,3.4,SE,6657,6798,6758
01-09-2022 08:58,59.9,3.2,3.4,3.2,SE,6651,6801,6763
01-09-2022 08:59,60,3.2,3.4,3.6,SE,6665,6802,6767
01-09-2022 08:59,60,3.2,3.4,3.4,SE,6676,6809,6777
01-09-2022 09:00,59.9,3.2,3.4,3.4,SE,6673,6805,6771
01-09-2022 09:00,60,3.6,3.8,4,SE,6672,6802,6763
01-09-2022 09:01,60,3,3.4,3.4,SE,6660,6797,6754
01-09-2022 09:02,60,3.2,3.4,3.6,SE,6667,6806,6765
01-09-2022 09:02,60,3.8,4,4.2,SE,6663,6804,6766
01-09-2022 09:03,60.1,3.6,3.8,3.8,SE,6675,6807,6772
01-09-2022 09:03,60,3.2,3.4,3.8,SE,6668,6815,6777
01-09-2022 09:04,60.1,3,3.4,3.6,SE,6669,6810,6770
01-09-2022 09:04,60.1,3.2,3.6,3.6,SE,6671,6814,6775
01-09-2022 09:05,60.1,3.4,3.4,3.6,SE,6696,6831,6797
01-09-2022 09:05,60.1,3.4,3.4,3.8,SE,6691,6821,6783
01-09-2022 09:06,60.1,3.4,3.4,3.6,SE,6678,6800,6766
01-09-2022 09:06,60.1,4,3.8,4,SE,6691,6821,6787
01-09-2022 09:07,60.1,3.8,3.6,4.2,SE,6683,6812,6782
01-09-2022 09:07,60.1,3.4,3.2,3.6,SE,6684,6821,6789
01-09-2022 09:08,60.1,3.8,3.6,3.8,SE,6679,6811,6779
01-09-2022 09:08,60.1,3.8,3.6,3.8,SE,6674,6804,6771
01-09-2022 09:09,60,3.6,3.2,3.8,SE,6693,6809,6780
01-09-2022 09:10,60,3.6,3.2,3.8,SE,6688,6814,6783
01-09-2022 09:10,60,4.2,3.8,4.2,SE,6672,6806,6774
01-09-2022 09:11,59.8,3.8,3.6,4.2,SE,6658,6802,6767
01-09-2022 09:11,59.9,4,3.6,4.2,SE,6692,6820,6784
01-09-2022 09:12,59.9,4.4,4.2,4.6,SE,6689,6822,6783
01-09-2022 09:12,60,3.8,3.8,4.2,SE,6702,6832,6796
01-09-2022 09:13,60,4,4,4.4,SE,6709,6834,6799
01-09-2022 09:14,60,4.8,4.4,5,SE,6706,6819,6787
01-09-2022 09:14,60,4.6,4,4.6,SE,6696,6820,6787
01-09-2022 09:15,60,4.8,4.2,4.6,SE,6686,6813,6780
01-09-2022 09:15,60,4.8,4.2,4.8,SE,6681,6798,6771
01-09-2022 09:16,60,5.2,4.8,5,SE,6661,6812,6775
01-09-2022 09:16,60,5.2,4.8,4.8,SE,6670,6810,6778
01-09-2022 09:17,60,5,4.6,4.8,SE,6687,6806,6777
01-09-2022 09:17,59.9,5.2,4.6,4.8,SE,6691,6821,6787
01-09-2022 09:18,59.9,5.2,4.6,4.8,SE,6680,6809,6777
01-09-2022 09:18,59.9,5,4.6,4.6,SE,6693,6808,6778
01-09-2022 09:19,60,5.2,4.6,4.8,SE,6671,6817,6783
01-09-2022 09:19,60,5.2,4.6,4.8,SE,6679,6814,6779
01-09-2022 09:20,60,5.2,4.6,4.8,SE,6680,6810,6780
01-09-2022 09:20,60,5,4.6,4.6,SE,6690,6802,6773
01-09-2022 09:21,60,5.2,4.6,4.8,SE,6687,6817,6783
01-09-2022 09:22,60,5.2,4.4,4.8,SE,6679,6823,6785
01-09-2022 09:22,60,5,4.4,4.6,SE,6678,6806,6773
01-09-2022 09:23,60,5,4.4,4.6,SE,6676,6797,6764
01-09-2022 09:23,59.9,5,4.4,4.8,SE,6680,6808,6774
01-09-2022 09:24,59.9,5.6,4.8,5.2,SE,6671,6808,6772
01-09-2022 09:24,60,5,4.4,4.6,SE,6674,6802,6767
01-09-2022 09:25,59.9,5.6,4.8,5,SE,6660,6799,6763
01-09-2022 09:26,59.9,5.2,4.6,4.8,SE,6658,6792,6756
01-09-2022 09:26,59.9,5.4,4.6,4.8,SE,6658,6791,6759
01-09-2022 09:27,60,5.2,4.8,4.6,SE,6665,6791,6760
01-09-2022 09:27,59.9,5.2,4.8,4.6,SE,6671,6795,6765
01-09-2022 09:28,60,5.4,4.8,4.8,SE,6656,6785,6755
01-09-2022 09:28,60,5.4,4.8,4.8,SE,6666,6791,6758
01-09-2022 09:29,60,5.2,4.8,4.6,SE,6664,6787,6755
01-09-2022 09:29,60,5.2,4.8,4.6,SE,6661,6782,6746
01-09-2022 09:30,59.9,5.2,4.8,4.8,SE,6653,6792,6758
01-09-2022 09:30,59.9,5.6,5,5,SE,6646,6793,6757
01-09-2022 09:31,59.9,5.2,4.8,4.6,SE,6660,6798,6763
01-09-2022 09:31,60,5.2,4.8,4.6,SE,6664,6793,6762
01-09-2022 09:32,60,5.4,4.8,4.8,SE,6648,6791,6756
01-09-2022 09:32,60,5.4,4.8,4.8,SE,6653,6795,6758
01-09-2022 09:33,60,5.6,5,5,SE,6652,6803,6764
01-09-2022 09:34,60,5.2,4.6,4.8,SE,6645,6796,6757
01-09-2022 09:34,60,5.2,4.6,4.8,SE,6661,6795,6759
01-09-2022 09:35,60,5,4.6,4.6,SE,6664,6790,6758
01-09-2022 09:35,60,5,4.6,4.6,SE,6657,6791,6757
01-09-2022 09:36,59.9,5.2,4.6,4.8,SE,6651,6787,6757
01-09-2022 09:36,59.9,5.4,4.6,4.8,SE,6642,6779,6744
01-09-2022 09:37,59.9,5.8,5,5,SE,6643,6782,6745
01-09-2022 09:38,60,5.6,4.6,4.8,SE,6649,6778,6739
01-09-2022 09:38,60,5.6,4.8,5,SE,6637,6782,6746
01-09-2022 09:39,60,5.4,4.8,4.6,SE,6656,6789,6755
01-09-2022 09:39,60,5.4,5,4.8,SE,6658,6789,6754
01-09-2022 09:40,60,5.4,4.8,4.8,SE,6660,6783,6754
01-09-2022 09:40,60,5.4,4.8,5,SE,6660,6799,6764
01-09-2022 09:41,60,5.4,5.2,5,SE,6639,6783,6743
01-09-2022 09:41,60,5.4,5,4.8,SE,6661,6781,6750
01-09-2022 09:42,60,5.8,5.2,5,SE,6680,6801,6768
01-09-2022 09:42,59.9,5.8,5.2,5,SE,6668,6795,6762
01-09-2022 09:43,59.9,5.6,5.2,4.8,SE,6673,6802,6767
01-09-2022 09:43,60,5.6,5.2,4.8,SE,6656,6807,6773
01-09-2022 09:44,60,5.6,5.2,5.2,SE,6647,6791,6751
01-09-2022 09:44,60,5.6,5.2,5,SE,6648,6776,6743
01-09-2022 09:45,60,5.6,5.2,5,SE,6666,6789,6758
01-09-2022 09:46,60,5.6,5.2,4.8,SE,6665,6785,6755
01-09-2022 09:46,60,6.2,5.8,5.6,SE,6666,6792,6760
01-09-2022 09:47,60,5.4,5,4.6,SE,6664,6783,6747
01-09-2022 09:48,60,5.4,4.8,4.6,SE,6651,6790,6751
01-09-2022 09:48,60,5.8,5.4,5.4,SE,6653,6786,6747
01-09-2022 09:49,60.1,5.2,4.8,4.8,SE,6665,6801,6763
01-09-2022 09:50,60.1,5.2,4.6,4.8,SE,6664,6795,6758
01-09-2022 09:50,60.1,5.6,5.2,5,SE,6670,6789,6755
01-09-2022 09:51,60,5.6,4.8,5,SE,6651,6794,6755
01-09-2022 09:51,60,5.4,4.8,4.8,SE,6659,6789,6748
01-09-2022 09:52,60,5.8,5.2,5,SE,6657,6807,6766
01-09-2022 09:52,60,5.2,4.6,4.6,SE,6653,6803,6758
01-09-2022 09:53,60.1,5.4,4.6,4.8,SE,6681,6817,6778
01-09-2022 09:54,60.1,5.4,4.8,4.8,SE,6672,6812,6773
01-09-2022 09:54,60,5.6,5.2,5,SE,6676,6806,6766
01-09-2022 09:55,60,5.6,5,5,SE,6674,6806,6763
01-09-2022 09:55,60,5.2,4.6,4.8,SE,6677,6810,6772
01-09-2022 09:56,60,5.8,5.4,5,SE,6659,6801,6758
01-09-2022 09:56,60,5.4,4.8,4.6,SE,6636,6780,6733
01-09-2022 09:57,60,5.4,4.8,5,SE,6661,6796,6755
01-09-2022 09:58,60,5.8,5.4,5.4,SE,6663,6790,6751
01-09-2022 09:58,60,5.4,5,4.6,SE,6669,6801,6767
01-09-2022 09:59,60,5.6,5.2,5.2,SE,6672,6795,6758
01-09-2022 09:59,60,5.4,5,5,SE,6673,6797,6762
01-09-2022 10:00,60,5.4,5,4.8,SE,6662,6800,6762
01-09-2022 10:00,60,5.8,5.4,4.8,SE,6671,6798,6759
01-09-2022 10:01,60,5.4,5,4.6,SE,6669,6799,6759
01-09-2022 10:02,60,6,5.2,5,SE,6669,6799,6763
01-09-2022 10:03,60,5.8,5.2,5,SE,6667,6804,6768
01-09-2022 10:03,60.1,6,5.4,5.4,SE,6668,6813,6777
01-09-2022 10:04,60.1,6,5.2,5.2,SE,6670,6802,6770
01-09-2022 10:05,60,5,4.8,4.6,SE,6667,6797,6760
01-09-2022 10:05,60,5,4.6,4.6,SE,6670,6807,6771
01-09-2022 10:06,60,5.2,4.8,4.8,SE,6661,6807,6770
01-09-2022 10:07,60,5.4,4.8,4.8,SE,6679,6790,6759
01-09-2022 10:07,60,5.6,5,5,SE,6681,6800,6768
01-09-2022 10:08,59.9,5.4,4.8,4.8,SE,6659,6800,6763
01-09-2022 10:08,59.9,5.4,5,4.6,SE,6660,6794,6756
01-09-2022 10:09,59.9,5.2,4.8,4.6,SE,6661,6789,6748
01-09-2022 10:10,59.8,5.2,4.8,4.6,SE,6663,6780,6746
01-09-2022 10:10,59.9,5.4,5,4.6,SE,6654,6784,6749
01-09-2022 10:11,59.9,5.4,5.2,5,SE,6636,6784,6740
01-09-2022 10:11,59.9,5.4,5,5,SE,6662,6791,6755
01-09-2022 10:12,59.9,5.4,5,5.2,SE,6663,6789,6755
01-09-2022 10:12,60,5.2,5,5,SE,6667,6795,6762
01-09-2022 10:13,60,5.4,4.8,5,SE,6671,6784,6754
01-09-2022 10:14,59.9,5.4,5.2,5,SE,6657,6790,6764
01-09-2022 10:14,59.9,5.2,4.8,4.8,SE,6661,6787,6754
01-09-2022 10:15,59.9,5.2,4.8,4.8,SE,6654,6779,6748
01-09-2022 10:15,59.9,5.2,4.8,4.8,SE,6659,6776,6737
01-09-2022 10:16,59.9,5.8,5,5.4,SE,6669,6774,6742
01-09-2022 10:16,59.9,5.4,4.6,5.2,SE,6661,6787,6753
01-09-2022 10:17,59.9,5.4,4.6,5.2,SE,6650,6799,6765
01-09-2022 10:17,59.9,5.2,4.6,5,SE,6639,6781,6742
01-09-2022 10:18,59.9,5.2,4.6,5,SE,6659,6791,6759
01-09-2022 10:18,59.9,5.4,4.6,5.2,SE,6660,6792,6758
01-09-2022 10:19,59.9,5.2,4.6,5,SE,6656,6793,6759
01-09-2022 10:19,59.9,6,5,5.4,SE,6658,6784,6750
01-09-2022 10:20,59.9,5.2,4.6,5,SE,6674,6801,6761
01-09-2022 10:20,60,5.4,4.6,5.2,SE,6681,6806,6772
01-09-2022 10:21,59.9,5.4,4.6,5.2,SE,6666,6799,6764
01-09-2022 10:22,59.8,5.4,4.8,5.2,SE,6670,6794,6759
01-09-2022 10:22,59.9,5.6,4.6,5.4,SE,6675,6792,6761
01-09-2022 10:23,59.9,5.4,4.8,5.2,SE,6678,6798,6763
01-09-2022 10:23,59.9,5.4,4.8,5.2,SE,6668,6802,6764
01-09-2022 10:24,59.9,5.4,4.6,5.2,SE,6672,6802,6767
01-09-2022 10:24,59.9,5.6,4.8,5.2,SE,6665,6793,6758
01-09-2022 10:25,59.9,5.4,4.6,5.2,SE,6666,6794,6759
01-09-2022 10:26,59.9,5.8,5,5.6,SE,6667,6784,6749
01-09-2022 10:26,59.9,5.8,4.8,5.4,SE,6668,6791,6753
01-09-2022 10:27,59.9,5.8,4.8,5.4,SE,6666,6795,6760
01-09-2022 10:27,59.9,5.8,4.8,5.4,SE,6661,6792,6757
01-09-2022 10:28,59.9,5.6,4.8,5.2,SE,6654,6788,6751
01-09-2022 10:28,59.9,5.8,4.8,5.4,SE,6646,6785,6747
01-09-2022 10:29,59.9,5.6,5,5.6,SE,6656,6781,6746
01-09-2022 10:29,59.9,5.6,4.8,5.4,SE,6664,6785,6751
01-09-2022 10:30,59.9,5.6,4.6,5.2,SE,6666,6791,6756
01-09-2022 10:30,59.9,5.8,4.6,5.2,SE,6657,6791,6755
01-09-2022 10:31,59.9,5.8,4.6,5.4,SE,6657,6781,6749
01-09-2022 10:31,59.9,6.2,4.8,5.4,SE,6666,6784,6753
01-09-2022 10:32,59.9,5.6,4.6,5.2,SE,6661,6780,6752
01-09-2022 10:32,59.9,5.4,4.6,5,SE,6653,6774,6747
01-09-2022 10:33,59.9,5.4,4.6,5,SE,6651,6783,6753
01-09-2022 10:34,59.9,5.4,4.8,5,SE,6658,6782,6752
01-09-2022 10:34,59.9,5.4,4.8,5,SE,6650,6774,6740
01-09-2022 10:35,59.9,5.4,4.6,4.8,SE,6647,6776,6743
01-09-2022 10:35,59.9,5.4,4.6,5.2,SE,6654,6776,6748
01-09-2022 10:36,59.9,5.4,4.8,5.2,SE,6655,6779,6753
01-09-2022 10:37,59.9,5.4,4.6,5.2,SE,6652,6770,6751
01-09-2022 10:37,59.9,5.4,4.8,5,SE,6647,6767,6752
01-09-2022 10:38,59.9,5.6,4.8,5,SE,6644,6762,6740
01-09-2022 10:38,59.9,5.6,4.8,5,SE,6634,6765,6739
01-09-2022 10:39,59.9,5.6,4.8,5.2,SE,6639,6764,6742
01-09-2022 10:39,59.9,5.6,4.8,5.2,SE,6638,6757,6731
01-09-2022 10:40,59.9,5.8,5.2,5.6,SE,6649,6765,6742
01-09-2022 10:40,59.9,5.8,5.2,5.6,SE,6657,6782,6754
01-09-2022 10:41,59.9,5.8,5.2,5.6,SE,6650,6775,6750
01-09-2022 10:41,60,5.8,5,5.6,SE,6654,6781,6753
01-09-2022 10:42,59.9,5.8,5,5.4,SE,6645,6777,6748
01-09-2022 10:42,59.8,5.8,5.2,5.4,SE,6636,6767,6741
01-09-2022 10:43,59.9,6,5.2,5.4,SE,6644,6765,6736
01-09-2022 10:44,59.9,5.8,5,5,SE,6643,6773,6740
01-09-2022 10:44,59.9,5.8,5,5.2,SE,6644,6761,6735
01-09-2022 10:45,59.9,5.8,5,5.2,SE,6633,6758,6735
01-09-2022 10:46,59.8,5.8,5,5.2,SE,6642,6766,6742
01-09-2022 10:46,59.9,5.8,5.2,5.4,SE,6667,6793,6768
01-09-2022 10:47,59.9,6,5.2,5.4,SE,6674,6802,6774
01-09-2022 10:47,59.8,5.8,5,5.4,SE,6677,6799,6774
01-09-2022 10:48,59.9,5.6,5,5.2,SE,6680,6805,6777
01-09-2022 10:49,59.9,5.6,5,5,SE,6689,6806,6780
01-09-2022 10:49,59.9,5.8,5,5.2,SE,6677,6800,6773
01-09-2022 10:50,59.9,6,5.4,5.6,SE,6663,6793,6766
01-09-2022 10:50,59.9,5.8,5,5.2,SE,6674,6802,6773
01-09-2022 10:51,59.9,5.6,4.8,5.2,SE,6677,6800,6773
01-09-2022 10:51,59.9,5.8,4.8,5.4,SE,6674,6797,6769
01-09-2022 10:52,59.9,5.8,4.8,5.4,SE,6673,6766,6749
01-09-2022 10:53,59.9,5.6,5,5.4,SE,6669,6780,6750
01-09-2022 10:53,59.9,5.4,5,5.4,SE,6663,6793,6763
01-09-2022 10:54,59.9,5.4,5,5.4,SE,6661,6787,6758
01-09-2022 10:54,59.9,5.6,5,5.4,SE,6659,6790,6759
01-09-2022 10:55,59.9,5.8,5.4,5.6,SE,6669,6794,6764
01-09-2022 10:55,60,5.4,5,5.2,SE,6679,6795,6766
01-09-2022 10:56,59.9,5.6,5,5.4,SE,6666,6793,6764
01-09-2022 10:56,59.9,5.6,4.8,5.2,SE,6671,6796,6759
01-09-2022 10:57,59.9,5.6,4.8,5.4,SE,6662,6793,6760
01-09-2022 10:58,59.9,5.4,5,5,SE,6658,6787,6756
01-09-2022 10:58,59.9,5.6,5,5,SE,6640,6787,6758
01-09-2022 10:59,59.9,6,5.4,5.6,SE,6638,6776,6749
01-09-2022 10:59,59.9,5.8,5.2,5.4,SE,6665,6795,6767
01-09-2022 11:00,59.9,5.4,4.8,5,SE,6664,6790,6762
01-09-2022 11:01,59.9,5.4,4.8,5.4,SE,6671,6796,6769
01-09-2022 11:01,59.9,5.6,4.8,5.4,SE,6668,6791,6761
01-09-2022 11:02,59.9,5.4,4.6,5.4,SE,6661,6786,6756
01-09-2022 11:02,59.9,5.4,4.6,5.4,SE,6654,6780,6752
01-09-2022 11:03,59.9,5.4,4.6,5.4,SE,6664,6793,6763
01-09-2022 11:03,59.9,5.6,4.6,5.6,SE,6656,6785,6759
01-09-2022 11:04,59.9,5.4,4.8,5.2,SE,6668,6779,6751
01-09-2022 11:04,59.9,5.4,4.8,5.2,SE,6665,6778,6749
01-09-2022 11:05,59.9,5.4,4.8,5.2,SE,6666,6787,6759
01-09-2022 11:05,60,5.8,5.2,5.6,SE,6669,6785,6755
01-09-2022 11:06,59.9,5.2,4.8,5.2,SE,6661,6792,6759
01-09-2022 11:06,60,5.2,4.8,5.2,SE,6664,6795,6762
01-09-2022 11:07,60,5.4,4.8,5.4,SE,6665,6793,6761
01-09-2022 11:07,59.9,5.4,4.8,5.4,SE,6660,6789,6758
01-09-2022 11:08,59.9,5.2,4.8,4.8,SE,6664,6776,6746
01-09-2022 11:09,59.9,5,4.8,4.8,SE,6659,6787,6756
01-09-2022 11:09,59.9,5,4.8,4.8,SE,6654,6783,6748
01-09-2022 11:10,59.9,5.2,4.8,5,SE,6656,6782,6750
01-09-2022 11:11,59.9,5.4,4.8,5.2,SE,6642,6779,6749
01-09-2022 11:11,59.9,5.8,5,5.4,SE,6644,6781,6745
01-09-2022 11:12,59.9,5.8,5,5.4,SE,6654,6782,6747
01-09-2022 11:13,59.9,6.2,5.2,6,SE,6635,6785,6741
01-09-2022 11:13,59.9,5.8,4.8,5.4,SE,6646,6782,6743
01-09-2022 11:14,60,5.6,4.8,5.2,SE,6648,6787,6745
01-09-2022 11:14,59.9,5.8,5,5.6,SE,6650,6777,6739
01-09-2022 11:15,59.9,5.4,4.6,5.2,SE,6655,6786,6751
01-09-2022 11:15,60,5.4,4.6,5,SE,6656,6787,6749
01-09-2022 11:16,59.9,5.4,4.6,5,SE,6643,6778,6740
01-09-2022 11:16,59.9,5.2,4.6,5,SE,6644,6785,6748
01-09-2022 11:17,59.9,5.4,4.6,5.2,SE,6641,6775,6740
01-09-2022 11:17,59.9,5.4,4.6,5.2,SE,6636,6775,6739
01-09-2022 11:18,59.9,5.2,4.6,5.2,SE,6642,6767,6736
01-09-2022 11:18,59.9,5.2,4.6,5.2,SE,6630,6770,6731
01-09-2022 11:19,59.9,5,4.6,5,SE,6633,6773,6739
01-09-2022 11:19,59.9,5,4.6,5,SE,6638,6775,6746
01-09-2022 11:20,59.9,5,4.6,4.8,SE,6647,6784,6755
01-09-2022 11:21,60,4.8,4.6,4.8,SE,6658,6787,6754
01-09-2022 11:21,59.9,5,4.4,5,SE,6645,6768,6735
01-09-2022 11:22,59.9,5.2,4.4,5.2,SE,6630,6763,6731
01-09-2022 11:22,59.9,5.2,4.4,5.2,SE,6654,6772,6739
01-09-2022 11:23,60,5,4.4,5,SE,6650,6777,6744
01-09-2022 11:23,59.9,5.6,4.6,5.2,SE,6642,6780,6747
01-09-2022 11:24,60,5.2,4.4,5.2,SE,6643,6788,6755
01-09-2022 11:25,59.9,5.4,4.8,5.2,SE,6640,6779,6751
01-09-2022 11:25,59.9,5.2,4.8,5,SE,6647,6776,6750
01-09-2022 11:26,59.9,4.8,4.6,5,SE,6663,6786,6761
01-09-2022 11:26,60,5,4.4,5,SE,6666,6784,6761
01-09-2022 11:27,59.9,4.8,4.4,4.8,SE,6664,6787,6762
01-09-2022 11:27,59.9,4.6,4.4,4.6,SE,6662,6787,6761
01-09-2022 11:28,59.9,5,4.4,5,SE,6645,6786,6749
01-09-2022 11:28,59.9,5,4.4,5,SE,6644,6783,6749
01-09-2022 11:29,59.9,4.8,4.2,4.8,SE,6662,6780,6757
01-09-2022 11:29,59.9,4.6,4.2,4.8,SE,6676,6798,6780
01-09-2022 11:30,60,4.8,4.4,5,SE,6677,6792,6771
01-09-2022 11:30,59.9,5,4.4,5,SE,6680,6791,6770
01-09-2022 11:31,59.9,4.8,4.4,4.8,SE,6693,6786,6765
01-09-2022 11:31,59.9,5,4.6,5,SE,6688,6770,6754
01-09-2022 11:32,59.9,5,4.4,5.2,SE,6666,6788,6765
01-09-2022 11:33,59.9,5,4.4,5.2,SE,6667,6788,6766
01-09-2022 11:33,59.9,4.8,4.4,5,SE,6665,6784,6764
01-09-2022 11:34,59.9,4.8,4.4,5,SE,6682,6799,6773
01-09-2022 11:34,59.9,5,4.4,5,SE,6672,6792,6765
01-09-2022 11:35,60,5.4,4.8,5.2,SE,6684,6796,6768
01-09-2022 11:35,59.9,4.8,4.4,5,SE,6668,6781,6757
01-09-2022 11:36,59.9,4.8,4.4,5,SE,6673,6791,6767
01-09-2022 11:37,59.9,4.8,4.4,5,SE,6661,6790,6767
01-09-2022 11:37,59.9,4.6,4.4,4.8,SE,6676,6795,6770
01-09-2022 11:38,60,5.2,5,5.2,SE,6677,6788,6771
01-09-2022 11:38,60,4.6,4.4,4.6,SE,6678,6784,6766
01-09-2022 11:39,59.9,4.8,4.6,4.8,SE,6680,6779,6765
01-09-2022 11:39,59.9,4.6,4.6,4.8,SE,6679,6786,6766
01-09-2022 11:40,59.9,4.6,4.6,4.6,SE,6676,6795,6771
01-09-2022 11:40,59.9,4.6,4.6,5,SE,6672,6802,6774
01-09-2022 11:41,60,5.2,5,5.4,SE,6664,6799,6770
01-09-2022 11:41,59.9,4.4,4.6,4.6,SE,6669,6794,6768
01-09-2022 11:42,60,5,5,5.4,SE,6680,6802,6776
01-09-2022 11:42,60,4.8,4.4,5.2,SE,6686,6806,6777
01-09-2022 11:43,60,4.8,4.4,5,SE,6689,6813,6787
01-09-2022 11:43,59.9,4.6,4.4,4.8,SE,6683,6809,6784
01-09-2022 11:44,59.9,5,4.4,5.2,SE,6675,6801,6771
01-09-2022 11:45,59.9,5,4.6,5.4,SE,6664,6800,6768
01-09-2022 11:45,59.9,4.6,4.4,4.8,SE,6663,6790,6764
01-09-2022 11:46,59.9,5.4,4.8,5.6,SE,6672,6788,6758
01-09-2022 11:46,60,4.8,4.2,5.2,SE,6687,6808,6775
01-09-2022 11:47,59.9,5,4.4,5.2,SE,6675,6802,6771
01-09-2022 11:47,59.9,5,4.4,5.2,SE,6682,6800,6774
01-09-2022 11:48,59.9,5,4.4,5.2,SE,6687,6801,6777
01-09-2022 11:49,59.9,5,4.4,5.4,SE,6689,6807,6781
01-09-2022 11:49,60,5,4.6,5.4,SE,6695,6804,6775
01-09-2022 11:50,60,5.2,5,5.6,SE,6701,6819,6789
01-09-2022 11:50,60,4.8,4.6,5.2,SE,6704,6819,6793
01-09-2022 11:51,59.9,5,4.8,5.6,SE,6684,6804,6776
01-09-2022 11:51,59.9,5,4.6,5.6,SE,6692,6814,6791
01-09-2022 11:52,59.9,4.8,4.4,5.2,SE,6696,6818,6792
01-09-2022 11:52,59.8,5.4,5,5.8,SE,6683,6811,6782
01-09-2022 11:53,59.9,5,4.4,5.6,SE,6701,6808,6781
01-09-2022 11:53,59.9,5,4.4,5.4,SE,6700,6819,6790
01-09-2022 11:54,59.9,4.8,4.4,5.2,SE,6689,6826,6798
01-09-2022 11:54,59.9,5.2,4.8,5.6,SE,6686,6815,6790
01-09-2022 11:55,59.9,5,4.6,5.4,SE,6710,6833,6807
01-09-2022 11:55,59.9,5,4.6,5.4,SE,6707,6825,6798
01-09-2022 11:56,59.9,4.8,4.6,5,SE,6717,6837,6807
01-09-2022 11:57,60,5.2,5,5.6,SE,6708,6840,6810
01-09-2022 11:57,59.9,4.8,4.8,5.4,SE,6718,6857,6823
01-09-2022 11:58,59.9,4.6,4.6,5.2,SE,6718,6859,6825
01-09-2022 11:58,59.9,4.6,4.6,5.2,SE,6729,6866,6836
01-09-2022 11:59,60,4.6,4.6,5.2,SE,6741,6877,6850
01-09-2022 11:59,60,4.8,4.4,5.2,SE,6770,6894,6870
01-09-2022 12:00,60,4.8,4.4,5.2,SE,6718,6832,6807
01-09-2022 12:01,59.9,4.8,4.2,5.2,SE,6653,6778,6753
01-09-2022 12:01,59.9,5,4.2,5.4,SE,6654,6780,6753
01-09-2022 12:02,60,4.8,4.4,5.2,SE,6658,6781,6755
01-09-2022 12:02,60,5,4.2,5.4,SE,6660,6777,6750
01-09-2022 12:03,59.9,4.8,4.2,5.2,SE,6675,6801,6769
01-09-2022 12:03,59.9,5.2,4.8,5.6,SE,6667,6789,6763
01-09-2022 12:04,60,4.8,4.6,5.2,SE,6663,6789,6757
01-09-2022 12:04,59.9,4.6,4.4,5.2,SE,6672,6800,6771
01-09-2022 12:05,60,4.6,4.4,5.2,SE,6665,6792,6768
01-09-2022 12:05,60,4.8,4.6,5.6,SE,6670,6791,6767
01-09-2022 12:06,59.9,5.2,4.8,5.6,SE,6665,6790,6766
01-09-2022 12:06,59.9,4.8,4.6,5.4,SE,6666,6790,6763
01-09-2022 12:07,59.9,4.6,4.4,5,SE,6671,6796,6767
01-09-2022 12:07,59.9,4.6,4.4,5,SE,6662,6790,6762
01-09-2022 12:08,60,4.6,4.6,5,SE,6672,6803,6774
01-09-2022 12:09,59.9,4.6,4.4,5,SE,6665,6797,6769
01-09-2022 12:09,60,4.8,4.4,5.2,SE,6668,6795,6766
01-09-2022 12:10,60,4.8,4.4,5.4,SE,6671,6798,6765
01-09-2022 12:10,59.9,4.8,4.4,5.4,SE,6663,6802,6773
01-09-2022 12:11,59.9,4.8,4.2,5.4,SE,6668,6801,6770
01-09-2022 12:11,59.9,4.8,4.4,5.2,SE,6656,6794,6766
01-09-2022 12:12,59.9,4.6,4.2,5,SE,6655,6794,6761
01-09-2022 12:13,59.9,4.6,4.2,5,SE,6669,6798,6767
01-09-2022 12:13,59.9,4.6,4.2,5,SE,6675,6802,6774
01-09-2022 12:14,60,4.6,4,5,SE,6676,6795,6772
01-09-2022 12:14,60,4.8,4,5.2,SE,6646,6790,6753
01-09-2022 12:15,59.9,4.6,4,5,SE,6676,6803,6774
01-09-2022 12:15,59.9,4.8,4,5,SE,6667,6803,6770
01-09-2022 12:16,59.9,4.6,4,4.8,SE,6675,6793,6762
01-09-2022 12:16,59.9,4.6,4,4.8,SE,6672,6790,6761
01-09-2022 12:17,59.9,4.6,4,4.6,SE,6662,6785,6759
01-09-2022 12:17,59.9,4.6,4.2,4.8,SE,6661,6789,6764
01-09-2022 12:18,60,4.6,4.2,5,SE,6668,6794,6765
01-09-2022 12:18,60,4.6,4.4,5.2,SE,6671,6793,6767
01-09-2022 12:19,60,4.6,4.6,5,SE,6671,6781,6754
01-09-2022 12:19,59.9,4.6,4.6,5,SE,6670,6785,6758
01-09-2022 12:20,59.9,4.6,4.4,5,SE,6663,6788,6760
01-09-2022 12:21,59.9,4.6,4.4,5,SE,6657,6789,6759
01-09-2022 12:21,60,4.6,4.4,5,SE,6665,6794,6769
01-09-2022 12:22,59.9,4.8,4.4,5.2,SE,6662,6789,6764
01-09-2022 12:22,59.9,4.8,4.4,5.4,SE,6660,6790,6765
01-09-2022 12:23,59.9,4.8,4.4,5.4,SE,6675,6769,6749
01-09-2022 12:24,59.9,4.8,4.4,5.2,SE,6671,6774,6751
01-09-2022 12:25,60,4.8,4.4,5,SE,6660,6794,6768
01-09-2022 12:25,59.9,4.8,4.4,5,SE,6660,6785,6761
01-09-2022 12:26,59.9,4.6,4.2,5,SE,6666,6785,6765
01-09-2022 12:26,59.9,4.6,4.2,5,SE,6676,6789,6770
01-09-2022 12:27,60,4.8,4.2,5.2,SE,6677,6783,6765
01-09-2022 12:27,59.9,4.8,4.2,5.2,SE,6678,6794,6780
01-09-2022 12:28,60,5.4,4.8,5.6,SE,6673,6775,6757
01-09-2022 12:28,60,5,4.2,5.2,SE,6664,6771,6751
01-09-2022 12:29,60,4.8,4.2,5,SE,6666,6790,6772
01-09-2022 12:29,60,4.8,4.2,5,SE,6665,6794,6770
01-09-2022 12:30,59.9,4.8,4.4,5,SE,6667,6788,6766
01-09-2022 12:30,59.9,4.8,4.2,5.2,SE,6670,6788,6767
01-09-2022 12:31,59.9,5,4.4,5.4,SE,6670,6779,6761
01-09-2022 12:31,59.9,5,4.4,5.6,SE,6671,6785,6763
01-09-2022 12:32,60,4.8,4.4,5.2,SE,6663,6782,6761
01-09-2022 12:33,60,4.8,4.4,5.2,SE,6649,6778,6759
01-09-2022 12:33,60,4.8,4.4,5.2,SE,6669,6788,6770
01-09-2022 12:34,60,4.6,4.4,5,SE,6666,6786,6767
01-09-2022 12:34,59.9,4.6,4.4,4.8,SE,6678,6774,6756
01-09-2022 12:35,59.9,4.6,4.2,4.8,SE,6680,6785,6768
01-09-2022 12:35,59.9,4.6,4.4,5,SE,6735,6833,6821
01-09-2022 12:36,59.9,4.8,4.4,5.2,SE,6738,6830,6823
01-09-2022 12:37,59.9,4.8,4.2,5,SE,6724,6856,6838
01-09-2022 12:37,59.9,5.2,4.4,5.4,SE,6728,6857,6835
01-09-2022 12:38,59.9,4.4,3.8,4.4,SE,6725,6859,6835
01-09-2022 12:38,59.9,4.4,3.8,4.4,SE,6745,6855,6838
01-09-2022 12:39,60,4.2,4,4.2,SE,6744,6855,6838
01-09-2022 12:39,59.9,4.2,3.8,4.2,SE,6742,6855,6838
01-09-2022 12:40,59.9,4.4,3.8,4.4,SE,6726,6861,6839
01-09-2022 12:40,59.9,4.4,3.8,4.6,SE,6727,6859,6837
01-09-2022 12:41,59.9,4.6,4,5,SE,6730,6863,6840
01-09-2022 12:41,59.9,4.8,4.2,5,SE,6742,6858,6843
01-09-2022 12:42,60,4.4,4,4.6,SE,6742,6853,6836
01-09-2022 12:42,59.9,4.8,4.4,4.8,SE,6739,6852,6838
01-09-2022 12:43,59.9,4.4,4,4.4,SE,6744,6863,6843
01-09-2022 12:43,60,4.6,4.2,4.6,SE,6750,6868,6847
01-09-2022 12:44,59.9,4.6,4,4.6,SE,6741,6873,6845
01-09-2022 12:45,59.9,4.6,4.2,4.8,SE,6738,6871,6846
01-09-2022 12:45,60,4.6,4,5,SE,6746,6874,6850
01-09-2022 12:46,60,4.4,4,4.8,SE,6749,6868,6847
01-09-2022 12:46,59.9,4.2,4.2,4.4,SE,6736,6867,6843
01-09-2022 12:47,59.9,4.8,4.8,4.8,SE,6735,6872,6841
01-09-2022 12:48,60,4.4,4.2,4.6,SE,6734,6871,6837
01-09-2022 12:48,59.9,4.4,4.2,4.6,SE,6732,6865,6830
01-09-2022 12:49,59.9,4.6,4.2,4.8,SE,6743,6872,6842
01-09-2022 12:49,60,4.6,4.2,4.8,SE,6748,6874,6846
01-09-2022 12:50,59.9,4.6,4.2,5,SE,6742,6869,6843
01-09-2022 12:50,59.9,4.6,4.2,5,SE,6736,6871,6844
01-09-2022 12:51,60,4.4,4.2,5,SE,6726,6864,6840
01-09-2022 12:52,60,4.4,4.2,4.8,SE,6743,6879,6853
01-09-2022 12:52,60,4.4,4.2,4.8,SE,6739,6874,6848
01-09-2022 12:53,59.9,4.6,4,5,SE,6746,6877,6854
01-09-2022 12:53,59.9,4.6,4.2,5,SE,6750,6874,6853
01-09-2022 12:54,60,5,4.6,5.4,SE,6743,6878,6852
01-09-2022 12:54,60,4.6,4.2,4.8,SE,6745,6881,6854
01-09-2022 12:55,59.9,4.8,4.2,5,SE,6749,6871,6848
01-09-2022 12:55,60,4.8,4.2,5,SE,6738,6856,6837
01-09-2022 12:56,60,5.2,4.6,5.4,SE,6735,6857,6833
01-09-2022 12:57,59.9,4.6,4.2,5,SE,6738,6867,6842
01-09-2022 12:57,60,4.8,4,5.2,SE,6737,6865,6839
01-09-2022 12:58,59.9,4.6,4,4.8,SE,6725,6855,6832
01-09-2022 12:59,59.9,4.4,4,4.6,SE,6723,6850,6829
01-09-2022 13:00,60,4.6,4.2,4.6,SE,6721,6841,6816
01-09-2022 13:00,60,4.8,4.4,4.8,SE,6695,6817,6789
01-09-2022 13:01,59.9,4.4,4.2,4.6,SE,6684,6810,6782
01-09-2022 13:01,60,4.6,4.2,4.6,SE,6680,6804,6776
01-09-2022 13:02,60,4.8,4.4,5,SE,6672,6779,6761
01-09-2022 13:02,59.9,4.8,4.4,5,SE,6654,6774,6751
01-09-2022 13:03,59.9,4.8,4.6,4.8,SE,6652,6772,6747
01-09-2022 13:03,59.9,5.2,5,5.2,SE,6651,6770,6743
01-09-2022 13:04,59.9,4.8,4.4,4.8,SE,6634,6767,6737
01-09-2022 13:04,59.9,4.8,4.4,4.8,SE,6631,6754,6729
01-09-2022 13:05,60,5,4.4,5,SE,6637,6754,6727
01-09-2022 13:06,59.9,4.8,4.4,5.4,SE,6693,6807,6778
01-09-2022 13:06,59.9,5,4.6,5.4,SE,6684,6804,6773
01-09-2022 13:07,59.9,4.8,4.6,5.2,SE,6675,6789,6761
01-09-2022 13:08,60,4.6,4.4,4.8,SE,6676,6801,6776
01-09-2022 13:09,60,4.6,4.4,4.8,SE,6678,6794,6769
01-09-2022 13:09,60,4.4,4.4,4.6,SE,6690,6797,6772
01-09-2022 13:10,60,4.4,4.4,4.4,SE,6681,6797,6770
01-09-2022 13:10,59.9,4.4,4.4,4.6,SE,6676,6797,6765
01-09-2022 13:11,60,4.6,4.2,4.8,SE,6678,6798,6759
01-09-2022 13:12,60,4.6,4.4,4.8,SE,6680,6803,6771
01-09-2022 13:12,60,5,4.6,5.2,SE,6682,6802,6769
01-09-2022 13:13,59.9,5,4.6,5,SE,6657,6795,6755
01-09-2022 13:13,59.9,4.4,4.2,4.6,SE,6637,6792,6745
01-09-2022 13:14,59.9,4.6,4.6,5,SE,6676,6799,6768
01-09-2022 13:14,59.9,4.4,4.2,4.8,SE,6684,6797,6767
01-09-2022 13:15,60,4.4,4.4,4.8,SE,6676,6786,6760
01-09-2022 13:15,59.9,4.4,4.2,4.8,SE,6673,6790,6761
01-09-2022 13:16,60,4.8,4.2,5.2,SE,6672,6797,6766
01-09-2022 13:16,60,4.8,4.2,5.2,SE,6668,6783,6754
01-09-2022 13:17,59.9,4.8,4.2,5.2,SE,6665,6787,6757
01-09-2022 13:17,60,4.8,4.2,5.2,SE,6664,6794,6764
01-09-2022 13:18,60,4.8,4.2,5.2,SE,6671,6790,6760
01-09-2022 13:19,59.9,4.8,4.4,4.8,SE,6650,6782,6749
01-09-2022 13:20,59.9,4.6,4.4,4.8,SE,6643,6783,6745
01-09-2022 13:20,60,4.6,4.4,4.8,SE,6655,6783,6748
01-09-2022 13:21,60,4.6,4.4,4.8,SE,6651,6788,6755
01-09-2022 13:21,59.9,4.6,4.4,4.8,SE,6652,6786,6750
01-09-2022 13:22,59.9,4.6,4.2,5,SE,6664,6779,6749
01-09-2022 13:22,59.9,4.6,4.2,4.8,SE,6663,6787,6755
01-09-2022 13:23,59.9,4.8,4.4,5,SE,6646,6786,6749
01-09-2022 13:24,59.9,4.6,4.4,4.6,SE,6662,6786,6755
01-09-2022 13:24,59.9,4.6,4.2,4.6,SE,6661,6788,6757
01-09-2022 13:25,59.9,4.8,4.6,5,SE,6658,6790,6753
01-09-2022 13:25,59.9,4.4,4.2,4.6,SE,6663,6788,6757
01-09-2022 13:26,60,4.4,4.2,4.8,SE,6649,6783,6748
01-09-2022 13:26,59.9,4.4,4.2,4.8,SE,6655,6786,6754
01-09-2022 13:27,59.9,4.4,4.2,4.6,SE,6664,6791,6763
01-09-2022 13:27,59.9,4.4,4.2,4.6,SE,6661,6781,6751
01-09-2022 13:28,60,4.2,4.2,4.4,SE,6665,6791,6762
01-09-2022 13:28,60,4.2,4.2,4.4,SE,6659,6786,6755
01-09-2022 13:29,59.9,4.4,4.2,4.6,SE,6659,6783,6754
01-09-2022 13:29,59.9,4.4,4.2,4.6,SE,6651,6786,6754
01-09-2022 13:30,60,4.4,4.2,4.8,SE,6668,6793,6761
01-09-2022 13:30,59.9,4.4,4.2,5,SE,6666,6788,6759
01-09-2022 13:31,59.9,4.6,4.2,5,SE,6662,6784,6753
01-09-2022 13:32,59.9,4.6,4.2,5,SE,6663,6772,6742
01-09-2022 13:32,59.9,4.4,4.4,4.8,SE,6661,6779,6748
01-09-2022 13:33,60,4.4,4.2,4.8,SE,6665,6782,6754
01-09-2022 13:33,59.9,4.6,4.2,4.6,SE,6653,6794,6761
01-09-2022 13:34,59.9,4.6,4.2,4.6,SE,6661,6794,6765
01-09-2022 13:34,59.9,4.4,4.2,4.8,SE,6674,6802,6775
01-09-2022 13:35,60,4.4,4.2,4.8,SE,6664,6784,6756
01-09-2022 13:36,59.9,4.4,4.2,4.8,SE,6669,6777,6754
01-09-2022 13:37,59.9,4.6,4.2,4.8,SE,6664,6756,6737
01-09-2022 13:37,59.9,4.4,4.2,4.8,SE,6652,6756,6733
01-09-2022 13:38,59.9,4.2,4.2,4.4,SE,6627,6779,6735
01-09-2022 13:38,59.9,4.2,4.2,4.6,SE,6649,6782,6749
01-09-2022 13:39,59.9,4.2,4.4,4.6,SE,6656,6767,6743
01-09-2022 13:39,60,4.2,4.4,4.6,SE,6662,6779,6753
01-09-2022 13:40,59.9,4.2,4,4.4,SE,6669,6796,6766
01-09-2022 13:40,59.9,4.4,4.2,4.6,SE,6652,6786,6754
01-09-2022 13:41,59.9,4.4,4.2,5,SE,6660,6788,6752
01-09-2022 13:41,60,4.6,4.2,5,SE,6658,6788,6748
01-09-2022 13:42,59.9,4.6,4.4,5.2,SE,6658,6785,6752
01-09-2022 13:42,59.9,5.2,5,5.6,SE,6658,6778,6747
01-09-2022 13:43,60,4.2,4.4,4.8,SE,6665,6791,6757
01-09-2022 13:44,60,4.2,4.4,4.8,SE,6668,6786,6756
01-09-2022 13:44,60,4.2,4.4,4.8,SE,6663,6792,6756
01-09-2022 13:45,60,4.4,4.6,4.8,SE,6668,6799,6764
01-09-2022 13:45,59.9,4.4,4.6,4.8,SE,6661,6796,6767
01-09-2022 13:46,59.9,4.6,4.6,4.8,SE,6665,6793,6761
01-09-2022 13:46,59.9,5.4,5,5.6,SE,6668,6780,6745
01-09-2022 13:48,60,4.8,4.6,5.2,SE,6651,6778,6738
01-09-2022 13:48,59.9,4.6,4.4,5.2,SE,6642,6781,6745
01-09-2022 13:49,60,4.6,4.4,5.2,SE,6644,6779,6745
01-09-2022 13:49,59.9,4.6,4.4,5.2,SE,6658,6786,6756
01-09-2022 13:50,59.9,4.6,4.4,5.2,SE,6675,6789,6755
01-09-2022 13:50,60,5,4.6,5.6,SE,6663,6797,6766
01-09-2022 13:51,59.9,4.6,4.4,5,SE,6661,6777,6744
01-09-2022 13:51,59.9,4.6,4,5,SE,6652,6781,6749
01-09-2022 13:52,59.9,4.4,4,4.8,SE,6639,6774,6740
01-09-2022 13:52,59.9,4.6,4.2,4.8,SE,6631,6777,6736
01-09-2022 13:53,59.9,4.4,4,4.8,SE,6652,6787,6755
01-09-2022 13:53,59.9,4.6,4.2,4.8,SE,6643,6784,6750
01-09-2022 13:54,59.9,4.4,4.2,4.8,SE,6657,6786,6750
01-09-2022 13:54,59.9,4.4,4.2,4.8,SE,6648,6775,6741
01-09-2022 13:55,59.9,4.6,4.2,5,SE,6652,6781,6747
01-09-2022 13:56,59.9,4.8,4.4,5.6,SE,6663,6780,6748
01-09-2022 13:56,59.9,4.6,4.6,5.4,SE,6642,6783,6749
01-09-2022 13:57,59.9,4.6,4.6,5.2,SE,6656,6788,6755
01-09-2022 13:57,59.9,4.8,4.6,5.2,SE,6651,6783,6751
01-09-2022 13:58,59.9,4.8,4.8,5.2,SE,6651,6786,6752
01-09-2022 13:58,60,4.8,4.6,5.2,SE,6652,6774,6737
01-09-2022 13:59,59.9,4.8,4.6,5.2,SE,6647,6778,6741
01-09-2022 14:00,59.9,4.6,4.4,5.2,SE,6657,6782,6751
01-09-2022 14:00,59.9,4.4,4.4,5,SE,6645,6778,6750
01-09-2022 14:01,59.9,4.6,4.4,5,SE,6655,6777,6747
01-09-2022 14:01,59.9,4.6,4.4,5,SE,6659,6783,6750
01-09-2022 14:02,59.9,4.6,4.4,5,SE,6654,6786,6757
01-09-2022 14:02,59.9,4.6,4.4,5,SE,6656,6780,6749
01-09-2022 14:03,59.9,4.8,4.6,5.2,SE,6657,6778,6750
01-09-2022 14:03,59.9,5.2,5,5.6,SE,6661,6781,6752
01-09-2022 14:04,59.9,4.6,4.2,5,SE,6647,6778,6751
01-09-2022 14:04,59.9,4.6,4.2,5,SE,6655,6775,6749
01-09-2022 14:05,60,4.6,4.4,5.2,SE,6649,6773,6746
01-09-2022 14:05,59.9,4.6,4.2,5.2,SE,6644,6777,6747
01-09-2022 14:06,60,4.6,4.2,5.2,SE,6665,6784,6756
01-09-2022 14:06,59.9,4.8,4.4,5.2,SE,6661,6780,6750
01-09-2022 14:07,59.9,4.6,4.4,5.2,SE,6657,6766,6738
01-09-2022 14:08,60,4.6,4.2,5.2,SE,6653,6772,6747
01-09-2022 14:08,59.9,4.4,4.2,4.6,SE,6645,6772,6747
01-09-2022 14:09,59.9,4.2,4.4,4.6,SE,6654,6780,6754
01-09-2022 14:09,60,4.4,4.4,4.6,SE,6647,6781,6756
01-09-2022 14:10,60,4.4,4.4,4.6,SE,6648,6779,6756
01-09-2022 14:10,59.9,4.4,4.2,4.6,SE,6664,6781,6749
01-09-2022 14:11,59.9,4.6,4.2,5,SE,6657,6784,6752
01-09-2022 14:12,59.9,4.6,4.2,5,SE,6653,6778,6746
01-09-2022 14:13,60,4.6,4.2,5,SE,6675,6799,6769
01-09-2022 14:13,59.9,4.6,4.2,5,SE,6671,6796,6765
01-09-2022 14:14,59.9,4.6,4.2,5,SE,6667,6791,6765
01-09-2022 14:14,60,4.6,4.2,5,SE,6673,6788,6760
01-09-2022 14:15,60,4.6,4.2,5,SE,6669,6779,6757
01-09-2022 14:15,60,5,4.6,5.4,SE,6666,6785,6761
01-09-2022 14:16,59.9,4.4,4.4,4.8,SE,6669,6793,6763
01-09-2022 14:16,60,4.4,4.4,4.8,SE,6672,6792,6762
01-09-2022 14:17,60,4.4,4,4.6,SE,6664,6794,6764
01-09-2022 14:17,59.9,4.4,4,4.6,SE,6670,6791,6760
01-09-2022 14:18,59.9,4.4,4,4.6,SE,6660,6785,6752
01-09-2022 14:18,60,4.2,4,4.6,SE,6669,6788,6759
01-09-2022 14:19,60,4.4,4,4.8,SE,6654,6792,6761
01-09-2022 14:20,60,4.4,4.2,5,SE,6671,6796,6770
01-09-2022 14:20,59.9,4.6,4.2,5,SE,6661,6781,6755
01-09-2022 14:21,59.9,4.6,4.2,5,SE,6669,6791,6763
01-09-2022 14:21,59.9,4.8,4.2,5,SE,6651,6778,6752
01-09-2022 14:22,59.9,4.6,4,4.8,SE,6662,6777,6754
01-09-2022 14:22,59.9,4.6,4,4.8,SE,6669,6790,6760
01-09-2022 14:24,59.9,4.6,4.2,5,SE,6662,6792,6764
01-09-2022 14:24,60,5.2,4.8,5.6,SE,6665,6788,6762
01-09-2022 14:25,60,4.6,4.2,5,SE,6656,6776,6755
01-09-2022 14:25,60,4.6,4.2,5,SE,6649,6788,6758
01-09-2022 14:26,59.9,4.6,4.2,4.8,SE,6660,6791,6765
01-09-2022 14:26,59.9,4.6,4.2,4.8,SE,6666,6781,6756
01-09-2022 14:27,60,4.6,4.2,5.2,SE,6664,6798,6768
01-09-2022 14:27,60,4.6,4.2,5,SE,6670,6793,6759
01-09-2022 14:28,60,4.6,4.4,5,SE,6668,6793,6763
01-09-2022 14:28,60,4.8,4.4,5,SE,6656,6787,6756
01-09-2022 14:29,60,4.8,4.4,5,SE,6678,6794,6764
01-09-2022 14:29,60,4.6,4.2,5,SE,6672,6792,6764
01-09-2022 14:30,60,4.6,4.4,5.2,SE,6666,6791,6765
01-09-2022 14:30,60,4.8,4.4,5.2,SE,6671,6789,6765
01-09-2022 14:31,59.9,5,4.2,5.4,SE,6659,6773,6749
01-09-2022 14:32,59.9,5,4.4,5.4,SE,6665,6774,6752
01-09-2022 14:32,59.9,5,4.2,5.2,SE,6645,6773,6741
01-09-2022 14:33,59.9,5,4.2,5.2,SE,6661,6775,6748
01-09-2022 14:33,60,4.8,4.2,5.2,SE,6658,6773,6750
01-09-2022 14:34,60,4.8,4,5,SE,6673,6772,6750
01-09-2022 14:34,60,4.8,4.2,5.2,SE,6658,6780,6755
01-09-2022 14:36,60,5,4.2,5.4,SE,6650,6771,6741
01-09-2022 14:36,60,5,4.2,5.4,SE,6653,6780,6757
01-09-2022 14:37,60,5,4.4,5.4,SE,6648,6779,6754
01-09-2022 14:37,60,5,4.6,5.6,SE,6650,6786,6760
01-09-2022 14:38,60,4.8,4.4,5.2,SE,6645,6779,6752
01-09-2022 14:38,60,4.8,4.4,5.2,SE,6647,6769,6745
01-09-2022 14:39,60,4.8,4.4,5.2,SE,6654,6774,6754
01-09-2022 14:39,60,4.8,4.6,5.2,SE,6669,6777,6756
01-09-2022 14:40,59.9,4.8,4.4,5,SE,6663,6789,6758
01-09-2022 14:40,59.9,4.8,4.4,5,SE,6655,6778,6749
01-09-2022 14:41,59.9,4.8,4.6,5,SE,6658,6800,6766
01-09-2022 14:41,59.9,4.8,4.4,5,SE,6656,6786,6751
01-09-2022 14:42,59.9,4.8,4.4,5,SE,6663,6793,6765
01-09-2022 14:42,59.9,4.8,4.4,5,SE,6662,6792,6762
01-09-2022 14:43,60,5,4.6,5.2,SE,6669,6787,6753
01-09-2022 14:44,59.9,5,4.4,5.2,SE,6665,6787,6757
01-09-2022 14:44,60,5,4.4,5.2,SE,6668,6791,6764
01-09-2022 14:45,59.9,5.2,4.8,5.4,SE,6644,6784,6757
01-09-2022 14:45,60,4.8,4.6,5.2,SE,6654,6784,6753
01-09-2022 14:46,59.9,4.8,4.4,5.2,SE,6648,6794,6761
01-09-2022 14:46,60,5.4,4.8,5.6,SE,6652,6792,6755
01-09-2022 14:47,60,4.8,4.2,5,SE,6666,6796,6766
01-09-2022 14:48,60,5,4.2,5,SE,6667,6782,6753
01-09-2022 14:49,59.9,4.6,4.2,4.6,SE,6671,6803,6777
01-09-2022 14:49,60,4.6,4.2,4.6,SE,6673,6801,6774
01-09-2022 14:50,59.9,4.6,4.2,4.4,SE,6663,6797,6777
01-09-2022 14:50,60,4.6,4.2,4.4,SE,6664,6799,6772
01-09-2022 14:51,60,4.6,5,4.4,SE,6675,6802,6776
01-09-2022 14:51,60,5.2,5,5.4,SE,6688,6799,6767
01-09-2022 14:52,60,4.8,4.6,4.8,SE,6680,6796,6770
01-09-2022 14:52,60,4.8,4.4,5.2,SE,6674,6800,6774
01-09-2022 14:53,60,5,4.6,5.2,SE,6675,6795,6770
01-09-2022 14:53,59.9,5,4.6,5.2,SE,6668,6787,6761
01-09-2022 14:54,60,5,4.6,5.2,SE,6675,6801,6777
01-09-2022 14:54,60,5,4.6,5.2,SE,6681,6799,6772
01-09-2022 14:55,59.9,5.2,4.8,5.2,SE,6675,6795,6767
01-09-2022 14:56,60,5,4.8,5.2,SE,6669,6795,6768
01-09-2022 14:56,60,5,4.8,5,SE,6675,6800,6772
01-09-2022 14:57,59.9,5,4.8,5,SE,6674,6795,6767
01-09-2022 14:57,60,4.8,4.6,5,SE,6684,6798,6773
01-09-2022 14:58,60,4.6,4.6,4.8,SE,6689,6797,6769
01-09-2022 14:59,60,4.6,4.6,4.8,SE,6677,6799,6770
01-09-2022 14:59,60,5,5,5,SE,6673,6804,6775
01-09-2022 15:00,59.9,4.8,4.6,4.8,SE,6671,6801,6772
01-09-2022 15:00,59.9,4.8,4.8,5,SE,6676,6803,6774
01-09-2022 15:01,59.9,5,4.6,5.2,SE,6682,6804,6772
01-09-2022 15:01,59.9,4.8,4.4,5,SE,6694,6814,6781
01-09-2022 15:02,59.9,5,4.4,5.2,SE,6687,6798,6770
01-09-2022 15:02,59.9,5,4.4,5.2,SE,6685,6805,6771
01-09-2022 15:03,60,5,4.6,5.2,SE,6678,6811,6775
01-09-2022 15:03,60,5.6,5.2,5.8,SE,6672,6801,6766
01-09-2022 15:04,60,4.8,4.4,5,SE,6680,6810,6781
01-09-2022 15:04,60,4.6,4.6,4.8,SE,6682,6801,6771
01-09-2022 15:05,60,4.6,4.6,5,SE,6692,6802,6776
01-09-2022 15:06,59.9,4.8,4.6,5,SE,6696,6810,6781
01-09-2022 15:06,59.9,5.2,5,5.4,SE,6691,6810,6783
01-09-2022 15:07,60,5.4,5,5.6,SE,6697,6811,6782
01-09-2022 15:08,60,4.8,4.6,5.2,SE,6696,6814,6785
01-09-2022 15:08,60,4.6,4.6,5,SE,6692,6811,6780
01-09-2022 15:09,59.9,4.6,4.6,5,SE,6700,6817,6789
01-09-2022 15:09,60,4.6,4.6,5,SE,6699,6809,6784
01-09-2022 15:10,60,4.6,4.4,5,SE,6702,6818,6790
01-09-2022 15:11,60,4.6,4.4,5,SE,6697,6814,6785
01-09-2022 15:11,60,4.6,4.4,4.8,SE,6693,6813,6788
01-09-2022 15:12,59.9,4.6,4.4,4.8,SE,6692,6810,6784
01-09-2022 15:12,59.9,4.6,4.4,4.8,SE,6690,6808,6780
01-09-2022 15:13,60,4.4,4.4,4.6,SE,6692,6817,6784
01-09-2022 15:13,59.9,4.6,4.6,4.6,SE,6689,6804,6775
01-09-2022 15:14,60,4.8,4.4,5,SE,6694,6819,6788
01-09-2022 15:14,59.9,4.8,4.4,4.8,SE,6691,6817,6788
01-09-2022 15:15,60,4.8,4.4,5,SE,6688,6809,6782
01-09-2022 15:15,60,5.4,5,5.6,SE,6684,6790,6767
01-09-2022 15:16,59.9,5.2,4.6,5.4,SE,6693,6803,6779
01-09-2022 15:16,59.9,4.8,4.4,5.2,SE,6689,6796,6773
01-09-2022 15:17,59.9,4.6,4.4,5,SE,6678,6807,6777
01-09-2022 15:17,59.9,4.8,4.6,5,SE,6673,6802,6772
01-09-2022 15:18,59.9,4.6,4.6,5,SE,6681,6806,6774
01-09-2022 15:18,60,4.8,4.6,5,SE,6691,6805,6778
01-09-2022 15:19,60,4.8,4.6,5,SE,6695,6806,6774
01-09-2022 15:20,60,5,4.8,5.4,SE,6689,6805,6775
01-09-2022 15:20,60,4.8,4.6,5.2,SE,6689,6805,6775
01-09-2022 15:21,60,5.2,5,5.6,SE,6694,6817,6783
01-09-2022 15:21,59.9,4.6,4.6,5,SE,6693,6803,6772
01-09-2022 15:22,59.9,5.4,5.4,5.8,SE,6681,6794,6766
01-09-2022 15:23,59.9,4.6,4.4,5,SE,6683,6797,6768
01-09-2022 15:23,59.9,4.8,4.6,5,SE,6696,6800,6771
01-09-2022 15:24,59.9,5.4,5,5.8,SE,6674,6793,6768
01-09-2022 15:24,60,4.8,4.6,5.2,SE,6686,6807,6778
01-09-2022 15:25,59.9,4.8,4.4,5.2,SE,6693,6808,6779
01-09-2022 15:25,59.9,4.8,4.6,5.2,SE,6689,6806,6777
01-09-2022 15:26,59.9,5,4.6,5.2,SE,6682,6791,6764
01-09-2022 15:26,59.9,5.2,4.6,5.2,SE,6683,6804,6775
01-09-2022 15:27,59.9,5,4.8,5.2,SE,6688,6810,6777
01-09-2022 15:27,59.9,4.8,4.6,5,SE,6680,6794,6765
01-09-2022 15:28,60,4.8,4.6,5,SE,6687,6805,6779
01-09-2022 15:28,60,4.8,4.6,4.8,SE,6695,6816,6787
01-09-2022 15:29,60,4.8,4.6,4.8,SE,6685,6806,6775
01-09-2022 15:29,60,5,4.8,5.2,SE,6678,6804,6775
01-09-2022 15:30,59.9,5.4,5.2,5.4,SE,6688,6810,6781
01-09-2022 15:31,59.9,4.8,4.6,5,SE,6691,6815,6786
01-09-2022 15:31,59.9,4.8,4.8,5.4,SE,6698,6801,6777
01-09-2022 15:32,59.9,4.8,4.8,5.4,SE,6693,6811,6784
01-09-2022 15:32,60,4.8,4.8,5.2,SE,6694,6814,6783
01-09-2022 15:33,60,5.2,5.2,5.6,SE,6699,6821,6789
01-09-2022 15:33,60,4.8,4.8,5.2,SE,6710,6829,6800
01-09-2022 15:34,60,4.8,4.8,5.2,SE,6705,6816,6786
01-09-2022 15:35,60,4.6,4.8,5.2,SE,6690,6814,6787
01-09-2022 15:35,60,4.6,5,5.2,SE,6693,6823,6795
01-09-2022 15:36,60,4.6,5,5.2,SE,6709,6824,6791
01-09-2022 15:36,59.9,4.6,4.8,5.2,SE,6707,6823,6786
01-09-2022 15:37,59.9,4.6,4.8,5.2,SE,6699,6829,6796
01-09-2022 15:37,59.9,4.8,5,5.2,SE,6699,6822,6789
01-09-2022 15:38,60,4.6,5,4.8,SE,6706,6826,6791
01-09-2022 15:38,60,4.6,5,5,SE,6707,6823,6785
01-09-2022 15:39,60,4.6,5,5,SE,6698,6827,6792
01-09-2022 15:39,59.9,4.6,5,5,SE,6697,6819,6786
01-09-2022 15:40,59.9,4.6,4.8,4.8,SE,6706,6823,6797
01-09-2022 15:40,60,4.8,4.8,5.2,SE,6711,6824,6795
01-09-2022 15:41,59.9,4.8,4.6,5.2,SE,6709,6829,6798
01-09-2022 15:41,59.9,4.8,4.6,5.2,SE,6708,6834,6802
01-09-2022 15:42,59.9,4.6,4.8,5.2,SE,6710,6832,6794
01-09-2022 15:43,60,4.6,4.6,5.2,SE,6709,6822,6787
01-09-2022 15:43,60,4.4,4.6,4.8,SE,6707,6827,6795
01-09-2022 15:44,59.9,4.4,4.6,4.8,SE,6702,6809,6776
01-09-2022 15:44,60,4.4,4.6,5,SE,6713,6824,6791
01-09-2022 15:45,59.9,4.6,4.6,5,SE,6704,6812,6778
01-09-2022 15:45,60,4.6,4.8,5,SE,6693,6818,6782
01-09-2022 15:46,59.9,4.8,4.8,5.2,SE,6699,6823,6790
01-09-2022 15:47,59.9,4.8,4.8,5.2,SE,6696,6825,6796
01-09-2022 15:47,59.9,4.8,4.8,5.2,SE,6699,6825,6795
01-09-2022 15:48,59.9,5,5,5.4,SE,6715,6825,6795
01-09-2022 15:48,59.9,5.4,5.4,5.6,SE,6706,6824,6794
01-09-2022 15:49,59.9,4.8,4.6,5,SE,6708,6821,6793
01-09-2022 15:49,59.9,4.8,4.6,5,SE,6711,6828,6797
01-09-2022 15:50,60,4.6,4.6,4.8,SE,6710,6836,6804
01-09-2022 15:50,60,4.6,4.6,5,SE,6701,6828,6796
01-09-2022 15:51,59.9,4.6,4.6,5,SE,6705,6818,6789
01-09-2022 15:51,59.9,4.8,4.8,5,SE,6705,6825,6796
01-09-2022 15:52,60,4.6,4.6,4.8,SE,6704,6827,6791
01-09-2022 15:52,60,4.8,4.6,5,SE,6694,6824,6786
01-09-2022 15:53,59.9,4.8,4.6,5,SE,6704,6827,6795
01-09-2022 15:53,59.9,4.8,4.6,5,SE,6706,6825,6793
01-09-2022 15:54,59.9,4.8,4.6,4.8,SE,6713,6825,6789
01-09-2022 15:55,60,4.6,4.6,4.8,SE,6711,6828,6791
01-09-2022 15:55,59.9,4.8,4.8,5,SE,6700,6832,6799
01-09-2022 15:56,60,5.2,5.2,5.4,SE,6711,6823,6794
01-09-2022 15:56,60,5,5.2,5.2,SE,6704,6834,6800
01-09-2022 15:57,60,5,4.8,5.2,SE,6689,6818,6780
01-09-2022 15:57,60,5,4.8,5.2,SE,6703,6838,6801
01-09-2022 15:58,59.9,4.8,4.8,5.2,SE,6698,6839,6798
01-09-2022 15:59,60,4.6,4.8,5,SE,6715,6841,6807
01-09-2022 15:59,60,4.6,5,4.8,SE,6702,6830,6796
01-09-2022 16:00,60,4.4,4.6,4.6,SE,6719,6841,6812
01-09-2022 16:00,59.9,4.4,4.6,4.6,SE,6718,6826,6797
01-09-2022 16:01,59.9,4.8,5,5.2,SE,6713,6841,6808
01-09-2022 16:01,60,4.2,4.4,4.6,SE,6727,6854,6821
01-09-2022 16:02,59.9,4.2,4.4,4.6,SE,6726,6849,6819
01-09-2022 16:02,60,4.2,4.4,4.4,SE,6720,6851,6820
01-09-2022 16:03,60,4.2,4.4,4.6,SE,6721,6839,6809
01-09-2022 16:03,60,4.2,4.4,4.6,SE,6719,6839,6810
01-09-2022 16:04,59.9,4.2,4.2,4.6,SE,6729,6834,6807
01-09-2022 16:04,59.9,4.2,4.2,4.4,SE,6730,6831,6808
01-09-2022 16:05,60,4.2,4.2,4.4,SE,6728,6845,6820
01-09-2022 16:05,60,4.4,4.8,4.8,SE,6722,6848,6824
01-09-2022 16:06,60,4.2,4.4,4.4,SE,6725,6837,6813
01-09-2022 16:07,60,4.2,4.4,4.4,SE,6722,6839,6815
01-09-2022 16:07,59.9,4.2,4.2,4.6,SE,6726,6841,6815
01-09-2022 16:08,59.9,4.8,4.8,5,SE,6727,6836,6811
01-09-2022 16:08,59.9,4.4,4.4,4.6,SE,6733,6852,6826
01-09-2022 16:09,60,4.2,4.2,4.4,SE,6725,6852,6826
01-09-2022 16:09,59.9,4.2,4.4,4.6,SE,6730,6841,6822
01-09-2022 16:11,59.9,4.8,4.8,5,SE,6727,6858,6835
01-09-2022 16:11,59.9,4.2,4.2,4.4,SE,6733,6855,6830
01-09-2022 16:12,59.9,4.2,4.2,4.4,SE,6742,6859,6836
01-09-2022 16:12,60,4.2,4.2,4.4,SE,6742,6856,6832
01-09-2022 16:13,59.9,4.2,4.2,4.4,SE,6745,6862,6836
01-09-2022 16:13,60,4.2,4.2,4.4,SE,6744,6859,6828
01-09-2022 16:14,59.9,4.2,4,4.2,SE,6730,6847,6826
01-09-2022 16:14,59.9,4.2,4,4.2,SE,6733,6850,6830
01-09-2022 16:15,59.9,4.2,4,4.2,SE,6733,6861,6836
01-09-2022 16:15,60,4.2,3.8,4.2,SE,6730,6855,6828
01-09-2022 16:16,59.9,4.2,3.8,4.2,SE,6743,6854,6829
01-09-2022 16:16,59.9,4.8,4.4,4.8,SE,6739,6851,6825
01-09-2022 16:17,59.9,4.2,3.8,4.2,SE,6734,6847,6826
01-09-2022 16:17,60,4.2,4,4.4,SE,6735,6851,6824
01-09-2022 16:18,60,4.2,4,4.2,SE,6730,6856,6828
01-09-2022 16:19,59.9,4.2,4,4.2,SE,6723,6849,6822
01-09-2022 16:19,60,4.2,4,4.2,SE,6729,6859,6831
01-09-2022 16:20,60,4.2,3.8,4.2,SE,6734,6853,6827
01-09-2022 16:20,60,4,3.8,4.2,SE,6732,6855,6827
01-09-2022 16:21,59.9,4,3.8,4.2,SE,6735,6849,6822
01-09-2022 16:21,60,4.2,4,4,SE,6722,6836,6810
01-09-2022 16:22,60,4,4,4,SE,6717,6836,6809
01-09-2022 16:23,60,4.6,4.4,4.4,SE,6716,6843,6819
01-09-2022 16:23,60,4,4,4,SE,6718,6840,6815
01-09-2022 16:24,59.9,4,4,4,SE,6706,6832,6807
01-09-2022 16:24,60,4,4.2,4,SE,6722,6840,6813
01-09-2022 16:25,59.9,4,4.2,4.2,SE,6711,6825,6803
01-09-2022 16:25,60,4,4.2,4.2,SE,6712,6832,6809
01-09-2022 16:26,60,4.2,4.4,4.2,SE,6716,6833,6810
01-09-2022 16:26,59.9,4.2,4.2,4.2,SE,6717,6833,6805
01-09-2022 16:27,60,4.2,4.2,4.2,SE,6710,6822,6794
01-09-2022 16:27,59.9,4.2,4.2,4.2,SE,6692,6825,6796
01-09-2022 16:28,59.9,4.2,4.2,4.2,SE,6708,6838,6810
01-09-2022 16:28,59.9,4,4,4.2,SE,6711,6839,6809
01-09-2022 16:29,59.9,4,4.2,4.2,SE,6720,6828,6799
01-09-2022 16:29,59.9,4.4,4.4,4.4,SE,6719,6829,6802
01-09-2022 16:30,60,4,4.2,4.2,SE,6718,6831,6804
01-09-2022 16:31,59.9,4,4.4,4.2,SE,6711,6821,6788
01-09-2022 16:31,59.9,4,4.2,4.2,SE,6717,6840,6812
01-09-2022 16:32,60,4,4,4.2,SE,6708,6837,6807
01-09-2022 16:32,60,4,4.4,4.2,SE,6707,6824,6799
01-09-2022 16:33,59.9,4.2,4.2,4.4,SE,6710,6824,6793
01-09-2022 16:33,60,4,4.2,4.4,SE,6718,6837,6816
01-09-2022 16:34,60,4,4.2,4.4,SE,6721,6829,6807
01-09-2022 16:35,59.9,4,4.2,4.2,SE,6706,6825,6806
01-09-2022 16:35,59.9,4,4.2,4.2,SE,6716,6809,6796
01-09-2022 16:36,60,4,4.4,4.4,SE,6705,6833,6806
01-09-2022 16:36,60,4,4.2,4.2,SE,6702,6836,6808
01-09-2022 16:37,60,4,4.2,4.4,SE,6723,6842,6815
01-09-2022 16:37,60,4,4.2,4.4,SE,6721,6847,6820
01-09-2022 16:38,60,4,4.2,4,SE,6710,6836,6811
01-09-2022 16:38,59.9,4.4,4.6,4.6,SE,6712,6841,6815
01-09-2022 16:39,60,4,4.2,4.2,SE,6720,6850,6825
01-09-2022 16:39,60,4.4,4.6,4.6,SE,6721,6847,6823
01-09-2022 16:40,59.9,3.8,3.8,4,SE,6721,6840,6818
01-09-2022 16:40,59.9,3.8,3.8,4,SE,6709,6841,6817
01-09-2022 16:41,59.9,4,3.8,4.2,SE,6714,6843,6814
01-09-2022 16:41,60,4,3.8,4.2,SE,6728,6831,6812
01-09-2022 16:42,59.9,4.2,4,4.2,SE,6725,6845,6822
01-09-2022 16:43,59.9,4.6,4.6,4.8,SE,6730,6848,6825
01-09-2022 16:43,60,4,4,4.4,SE,6727,6851,6824
01-09-2022 16:44,59.9,4,4.2,4.4,SE,6722,6850,6824
01-09-2022 16:44,60,4,4,4.4,SE,6736,6859,6834
01-09-2022 16:45,59.9,4,4,4.4,SE,6732,6861,6836
01-09-2022 16:45,60,4,4,4.4,SE,6710,6859,6826
01-09-2022 16:46,60,4.4,4.4,4.6,SE,6710,6857,6828
01-09-2022 16:47,59.9,3.8,4,4.2,SE,6730,6865,6837
01-09-2022 16:47,59.9,3.8,4,4.2,SE,6735,6859,6833
01-09-2022 16:48,60,3.8,4,4.2,SE,6732,6860,6831
01-09-2022 16:48,59.9,3.8,3.8,4.2,SE,6737,6846,6824
01-09-2022 16:49,60,3.8,3.8,4.4,SE,6756,6879,6854
01-09-2022 16:49,60,4,4,4.4,SE,6754,6881,6856
01-09-2022 16:50,59.9,3.8,3.8,4.4,SE,6758,6882,6856
01-09-2022 16:50,60,4,4,4.4,SE,6758,6883,6856
01-09-2022 16:51,60,4,4,4.6,SE,6742,6886,6850
01-09-2022 16:51,60,3.6,3.8,4.2,SE,6745,6883,6846
01-09-2022 16:52,59.9,3.4,3.6,4.2,SE,6757,6895,6863
01-09-2022 16:52,59.9,3.6,3.6,4.4,SE,6755,6888,6858
01-09-2022 16:53,60,3.4,3.6,4.4,SE,6776,6903,6879
01-09-2022 16:53,60,4,4.2,4.8,SE,6783,6896,6874
01-09-2022 16:54,60,3.4,3.8,4.2,SE,6760,6894,6869
01-09-2022 16:55,60,4.2,4.4,4.6,SE,6693,6823,6799
01-09-2022 16:55,59.9,3.6,3.8,4,SE,6615,6741,6719
01-09-2022 16:56,60,3.6,3.4,3.8,SE,6625,6752,6729
01-09-2022 16:56,60,3.4,3.4,3.8,SE,6639,6756,6734
01-09-2022 16:57,59.9,4.2,4,4.4,SE,6643,6763,6740
01-09-2022 16:58,59.9,3.4,3.4,3.8,SE,6642,6762,6740
01-09-2022 16:59,60,3.4,3.2,3.6,SE,6653,6797,6775
01-09-2022 16:59,60,3.4,3,3.6,SE,6670,6802,6783
01-09-2022 17:00,60,3.4,3,3.6,SE,6693,6811,6789
01-09-2022 17:01,59.9,3.4,3,3.6,SE,6708,6822,6803
01-09-2022 17:01,59.9,3.4,3,3.8,SE,6712,6824,6805
01-09-2022 17:02,59.9,3.8,3.2,3.8,SE,6689,6810,6785
01-09-2022 17:02,59.9,3.4,3.2,3.8,SE,6686,6816,6793
01-09-2022 17:03,60,3.6,3.2,3.6,SE,6704,6816,6790
01-09-2022 17:03,60,3.4,3.2,3.6,SE,6705,6810,6786
01-09-2022 17:04,59.9,3.4,3.2,3.4,SE,6697,6815,6798
01-09-2022 17:04,60,3.2,3,3.4,SE,6690,6810,6790
01-09-2022 17:05,59.9,3.6,3.4,3.6,SE,6693,6807,6786
01-09-2022 17:05,59.9,3,3,3.4,SE,6685,6802,6783
01-09-2022 17:06,59.9,3.2,3,3.4,SE,6687,6821,6799
01-09-2022 17:07,59.9,3.2,3,3.2,SE,6682,6820,6800
01-09-2022 17:07,60,3.4,3.2,3.2,SE,6702,6821,6802
01-09-2022 17:08,60,3.4,3.2,3.2,SE,6697,6814,6794
01-09-2022 17:08,59.9,3.4,3.4,3.2,SE,6697,6809,6791
01-09-2022 17:09,60,3.4,3.4,3.2,SE,6702,6823,6804
01-09-2022 17:10,60,3.4,3.4,3.2,SE,6694,6820,6796
01-09-2022 17:10,59.9,3.4,3.4,3.2,SE,6697,6809,6785
01-09-2022 17:11,59.9,3.4,3.6,3.4,SE,6687,6805,6785
01-09-2022 17:11,59.9,3.6,3.6,3.4,SE,6676,6806,6782
01-09-2022 17:12,59.9,3.4,3.6,3.6,SE,6695,6815,6797
01-09-2022 17:12,59.9,4,4.2,4,SE,6690,6812,6797
01-09-2022 17:13,59.9,3.4,3.6,3.6,SE,6697,6817,6804
01-09-2022 17:13,59.9,3.4,3.6,3.6,SE,6701,6819,6803
01-09-2022 17:14,59.9,3.4,3.8,3.6,SE,6698,6809,6790
01-09-2022 17:14,59.9,4,4.2,4,SE,6701,6819,6798
01-09-2022 17:15,59.9,3.4,3.8,3.6,SE,6699,6823,6800
01-09-2022 17:15,59.9,4,4,4,SE,6704,6818,6798
01-09-2022 17:16,60,4,3.8,4,SE,6709,6823,6797
01-09-2022 17:16,60,4,4,3.8,SE,6711,6826,6801
01-09-2022 17:17,59.9,3.4,3.6,3.6,SE,6702,6819,6794
01-09-2022 17:17,59.9,3.6,3.6,3.6,SE,6699,6828,6802
01-09-2022 17:18,60,4,3.8,4,SE,6704,6830,6806
01-09-2022 17:19,59.9,3.6,3.6,3.6,SE,6701,6826,6804
01-09-2022 17:19,59.9,4.2,4,4.2,SE,6704,6821,6801
01-09-2022 17:20,60,3.6,3.6,3.8,SE,6705,6827,6806
01-09-2022 17:20,60,3.6,3.6,3.8,SE,6700,6824,6805
01-09-2022 17:21,59.9,3.6,3.6,3.8,SE,6694,6814,6798
01-09-2022 17:22,59.9,3.6,3.6,3.8,SE,6704,6806,6785
01-09-2022 17:22,59.9,3.8,3.8,3.8,SE,6698,6803,6785
01-09-2022 17:23,59.9,3.8,3.8,3.8,SE,6705,6815,6795
01-09-2022 17:23,60,4,4,4,SE,6705,6796,6778
01-09-2022 17:24,59.9,3.8,3.8,3.8,SE,6700,6818,6800
01-09-2022 17:24,60,3.8,3.8,3.8,SE,6696,6813,6798
01-09-2022 17:25,59.9,3.8,3.6,3.8,SE,6699,6810,6796
01-09-2022 17:25,59.9,3.8,3.8,3.8,SE,6695,6817,6802
01-09-2022 17:26,59.9,3.6,3.6,3.8,SE,6706,6817,6801
01-09-2022 17:26,59.9,3.6,3.4,3.8,SE,6705,6810,6794
01-09-2022 17:27,60,3.6,3.4,3.8,SE,6708,6814,6798
01-09-2022 17:27,60,4.2,3.8,4.2,SE,6708,6834,6816
01-09-2022 17:28,59.9,4,3.6,4.2,SE,6698,6823,6810
01-09-2022 17:28,59.9,4,3.6,4,SE,6704,6825,6812
01-09-2022 17:29,59.9,4.8,4.2,4.6,SE,6709,6825,6817
01-09-2022 17:29,60,4.6,4.4,4.8,SE,6707,6824,6807
01-09-2022 17:30,59.9,4.6,4.2,4.8,SE,6707,6820,6805
01-09-2022 17:31,59.9,4.8,4.2,5,SE,6704,6809,6790
01-09-2022 17:31,59.9,5,4.2,5.2,SE,6694,6813,6793
01-09-2022 17:32,59.9,5.4,4.6,5.8,SE,6704,6825,6805
01-09-2022 17:32,59.9,5,4,5.4,SE,6656,6808,6791
01-09-2022 17:33,59.9,5.4,4.4,5.8,SE,6667,6805,6794
01-09-2022 17:34,59.9,5,4.2,5.6,SE,6695,6815,6797
01-09-2022 17:34,59.9,5,4.2,5.6,SE,6699,6806,6789
01-09-2022 17:35,59.9,5.2,4.4,5.6,SE,6702,6814,6796
01-09-2022 17:35,59.9,5,4.2,5.6,SE,6698,6804,6792
01-09-2022 17:36,59.9,5,4.2,5.6,SE,6690,6813,6794
01-09-2022 17:36,59.9,5,4.2,5.6,SE,6697,6810,6795
01-09-2022 17:37,59.9,4.8,4,5.2,SE,6682,6800,6780
01-09-2022 17:37,60,4.8,4,5.2,SE,6671,6800,6776
01-09-2022 17:38,60,4.8,4,5.2,SE,6648,6814,6785
01-09-2022 17:38,59.9,5.2,4.4,5.4,SE,6674,6808,6783
01-09-2022 17:39,59.9,4.8,4.2,5.2,SE,6674,6791,6779
01-09-2022 17:39,59.9,5.2,4.4,5.2,SE,6688,6804,6790
01-09-2022 17:40,60,5,4,5.2,SE,6701,6805,6780
01-09-2022 17:40,60,5,4,5.2,SE,6691,6815,6793
01-09-2022 17:41,59.9,5,4,5.4,SE,6658,6808,6778
01-09-2022 17:42,59.9,5,4,5.2,SE,6688,6805,6777
01-09-2022 17:42,59.9,5,4,5.2,SE,6692,6806,6780
01-09-2022 17:43,59.9,4.8,4,5,SE,6683,6812,6785
01-09-2022 17:43,59.9,4.6,4,4.8,SE,6652,6807,6773
01-09-2022 17:44,59.9,4.6,4.2,5,SE,6672,6817,6788
01-09-2022 17:44,60,4.6,4.4,5,SE,6677,6812,6792
01-09-2022 17:45,59.9,4.6,4.6,5,SE,6673,6810,6790
01-09-2022 17:46,59.9,5.2,4.8,5.6,SE,6687,6812,6791
01-09-2022 17:47,60,5,4.4,5.4,SE,6692,6812,6789
01-09-2022 17:47,59.9,5.2,4.2,5.4,SE,6692,6809,6786
01-09-2022 17:48,60,5,4.2,5.2,SE,6685,6812,6787
01-09-2022 17:48,59.9,4.8,4.4,5,SE,6672,6812,6788
01-09-2022 17:49,60,5.4,4.6,5.4,SE,6680,6815,6790
01-09-2022 17:49,59.9,4.8,4.2,5,SE,6672,6808,6783
01-09-2022 17:50,59.9,4.8,4.2,4.8,SE,6697,6795,6774
01-09-2022 17:51,59.9,4.8,4,4.8,SE,6702,6818,6798
01-09-2022 17:51,60,5,3.8,5.2,SE,6699,6806,6787
01-09-2022 17:52,60,4.8,3.8,4.8,SE,6698,6818,6795
01-09-2022 17:52,59.9,4.8,3.8,4.8,SE,6705,6818,6793
01-09-2022 17:53,59.9,4.6,3.8,4.8,SE,6682,6818,6797
01-09-2022 17:54,59.9,4.6,3.8,4.8,SE,6699,6821,6801
01-09-2022 17:54,59.9,4.8,4.2,4.8,SE,6700,6823,6802
01-09-2022 17:55,59.9,4.8,4,4.6,SE,6696,6820,6799
01-09-2022 17:55,59.9,5,4.2,5,SE,6711,6828,6808
01-09-2022 17:56,59.9,5.2,4.6,5.4,SE,6710,6829,6810
01-09-2022 17:56,59.9,4.8,4.2,5,SE,6710,6830,6809
01-09-2022 17:57,59.9,4.6,4,5,SE,6719,6833,6813
01-09-2022 17:58,59.9,5,4.4,5.2,SE,6681,6809,6796
01-09-2022 17:58,59.9,4.4,4.2,4.8,SE,6687,6807,6797
01-09-2022 17:59,59.9,4.6,4.2,4.8,SE,6688,6789,6784
01-09-2022 17:59,59.9,4.6,4.2,4.8,SE,6706,6800,6791
01-09-2022 18:00,60,4.6,4.2,5,SE,6690,6826,6808
01-09-2022 18:00,59.9,4.6,4.2,5,SE,6703,6821,6803
01-09-2022 18:01,59.9,4.6,4.2,4.6,SE,6693,6819,6804
01-09-2022 18:01,59.9,4.6,4.2,4.8,SE,6687,6810,6788
01-09-2022 18:02,59.9,5.4,4.6,5.6,SE,6704,6810,6791
01-09-2022 18:02,60,4.8,4.2,5,SE,6707,6818,6798
01-09-2022 18:03,59.9,5.2,4.8,5.4,SE,6697,6800,6790
01-09-2022 18:03,59.9,4.6,4.2,4.8,SE,6701,6802,6793
01-09-2022 18:04,60,4.8,4.4,5.2,SE,6695,6810,6795
01-09-2022 18:04,59.9,4.8,4.4,5.2,SE,6693,6815,6800
01-09-2022 18:05,59.9,4.6,4.4,5,SE,6680,6805,6795
01-09-2022 18:06,60,4.6,4.4,5,SE,6695,6810,6799
01-09-2022 18:06,59.9,5.2,4.8,5.6,SE,6689,6795,6787
01-09-2022 18:07,59.9,4.8,4.2,5.2,SE,6706,6786,6776
01-09-2022 18:07,59.9,4.8,4,5,SE,6701,6813,6796
01-09-2022 18:08,60,5.2,4.4,5.4,SE,6707,6809,6789
01-09-2022 18:08,60,4.6,3.8,4.8,SE,6705,6812,6792
01-09-2022 18:09,59.9,4.6,3.8,4.8,SE,6699,6819,6799
01-09-2022 18:10,59.9,4.4,3.6,4.6,SE,6692,6810,6798
01-09-2022 18:10,59.9,4.4,3.6,4.6,SE,6693,6817,6801
01-09-2022 18:11,59.9,5,4.2,5.4,SE,6686,6815,6798
01-09-2022 18:11,59.9,4.6,3.8,4.8,SE,6694,6817,6804
01-09-2022 18:12,59.9,4.4,3.8,4.8,SE,6674,6815,6801
01-09-2022 18:12,59.9,4.8,3.8,5.2,SE,6693,6816,6803
01-09-2022 18:13,59.9,4.4,3.6,4.8,SE,6697,6809,6801
01-09-2022 18:13,59.9,4.4,3.6,4.8,SE,6697,6813,6804
01-09-2022 18:14,59.8,4.2,3.8,4.8,SE,6683,6798,6797
01-09-2022 18:14,59.9,4.6,4.2,4.8,SE,6696,6810,6803
01-09-2022 18:15,59.9,4.4,4.2,5,SE,6705,6809,6796
01-09-2022 18:15,59.9,4.4,4.2,5,SE,6694,6815,6806
01-09-2022 18:16,60,5.2,4.8,5.6,SE,6701,6809,6799
01-09-2022 18:16,60,4.8,4.4,5.4,SE,6699,6806,6797
01-09-2022 18:17,59.9,4.8,4.2,5.2,SE,6701,6806,6793
01-09-2022 18:18,60,4.8,4,5.2,SE,6696,6811,6800
01-09-2022 18:18,59.9,4.6,4,4.8,SE,6687,6803,6803
01-09-2022 18:19,59.9,5,4.6,5.2,SE,6697,6805,6800
01-09-2022 18:19,59.9,5,4.6,5.2,SE,6694,6809,6797
01-09-2022 18:20,59.9,4.4,4,4.8,SE,6698,6811,6801
01-09-2022 18:20,59.9,4.4,4,4.8,SE,6691,6808,6800
01-09-2022 18:21,60,5.2,4.4,5.6,SE,6697,6812,6797
01-09-2022 18:22,59.9,4.8,4,5.2,SE,6683,6808,6794
01-09-2022 18:22,59.9,5,4.2,5.4,SE,6690,6809,6794
01-09-2022 18:23,59.9,4.4,4,4.6,SE,6661,6807,6789
01-09-2022 18:23,59.9,4.4,4.2,4.8,SE,6665,6798,6779
01-09-2022 18:24,59.8,4.6,4.4,5,SE,6682,6794,6781
01-09-2022 18:24,59.9,4.8,4.8,5.4,SE,6682,6795,6782
01-09-2022 18:25,59.9,4.2,3.8,4.8,SE,6683,6796,6788
01-09-2022 18:25,59.8,4.2,3.8,4.8,SE,6683,6797,6788
01-09-2022 18:26,59.9,5,4.2,5.8,SE,6683,6799,6788
01-09-2022 18:26,59.8,4.4,3.8,5.2,SE,6681,6801,6788
01-09-2022 18:27,59.9,4.2,3.6,4.8,SE,6663,6795,6786
01-09-2022 18:27,59.8,4.2,3.6,4.8,SE,6673,6795,6787
01-09-2022 18:28,59.9,4.2,3.4,4.6,SE,6667,6793,6783
01-09-2022 18:28,59.8,4.2,3.4,4.6,SE,6666,6785,6775
01-09-2022 18:29,60,4.2,3.4,4.6,SE,6693,6798,6788
01-09-2022 18:30,59.9,4.8,4,5,SE,6661,6794,6777
01-09-2022 18:30,59.9,4.8,3.6,5,SE,6680,6797,6785
01-09-2022 18:31,59.9,4.8,3.6,5,SE,6678,6810,6795
01-09-2022 18:31,59.9,4.8,3.6,5,SE,6668,6799,6785
01-09-2022 18:32,60,4.4,3.6,4.6,SE,6669,6800,6786
01-09-2022 18:32,59.9,4.4,3.6,4.6,SE,6662,6792,6775
01-09-2022 18:33,59.9,5,4.2,5,SE,6667,6788,6773
01-09-2022 18:34,59.9,4.4,3.8,4.6,SE,6669,6786,6772
01-09-2022 18:34,59.9,4.4,4,4.6,SE,6669,6794,6777
01-09-2022 18:35,59.9,4.8,4,5.2,SE,6664,6779,6762
01-09-2022 18:35,60,5,4,5.2,SE,6667,6791,6775
01-09-2022 18:36,59.9,5,4,5.4,SE,6661,6790,6775
01-09-2022 18:36,60,5,4.6,5.2,SE,6659,6789,6775
01-09-2022 18:37,59.9,4.8,4,4.8,SE,6671,6791,6779
01-09-2022 18:37,59.9,4.8,4,4.8,SE,6669,6784,6774
01-09-2022 18:38,59.9,4.8,4.2,5,SE,6671,6777,6765
01-09-2022 18:38,60,4.8,4.2,5,SE,6676,6777,6767
01-09-2022 18:39,59.9,5,4.4,5,SE,6651,6787,6763
01-09-2022 18:39,59.9,5.2,4.2,5.4,SE,6626,6788,6759
01-09-2022 18:40,59.9,5,4,5.4,SE,6660,6794,6777
01-09-2022 18:40,59.9,5.6,4.6,5.8,SE,6669,6798,6784
01-09-2022 18:41,59.9,4.6,4,4.8,SE,6663,6791,6774
01-09-2022 18:42,59.9,4.6,4,5,SE,6660,6793,6774
01-09-2022 18:42,59.9,4.6,4,5,SE,6657,6780,6759
01-09-2022 18:43,59.9,4.6,3.8,5,SE,6663,6789,6765
01-09-2022 18:43,59.9,4.6,3.8,5,SE,6657,6779,6754
01-09-2022 18:44,59.9,4.8,4,5.4,SE,6665,6795,6771
01-09-2022 18:44,59.9,5,4,5.4,SE,6668,6798,6775
01-09-2022 18:45,59.9,5,4,5.4,SE,6660,6792,6774
01-09-2022 18:46,60,4.6,4,5,SE,6672,6800,6783
01-09-2022 18:46,59.9,4.4,4,4.8,SE,6669,6799,6780
01-09-2022 18:47,60,4.4,3.8,4.4,SE,6670,6793,6778
01-09-2022 18:47,59.9,4.6,3.8,4.8,SE,6669,6788,6774
01-09-2022 18:48,60,4.8,3.6,4.6,SE,6669,6789,6771
01-09-2022 18:48,59.9,4.8,3.6,4.6,SE,6669,6793,6771
01-09-2022 18:49,60,5,3.4,5.2,SE,6668,6791,6769
01-09-2022 18:49,59.9,5.2,3.6,5.2,SE,6658,6786,6765
01-09-2022 18:50,60,4.8,3.4,5,SE,6652,6785,6767
01-09-2022 18:50,60,4.8,3.4,5,SE,6658,6779,6761
01-09-2022 18:51,60,4.8,3.6,5,SE,6671,6799,6783
01-09-2022 18:51,60,4.8,3.6,5,SE,6678,6809,6794
01-09-2022 18:52,60,4.6,3.4,5,SE,6685,6808,6787
01-09-2022 18:52,60,4.6,3.6,5,SE,6679,6803,6780
01-09-2022 18:53,60,4.8,4,5,SE,6694,6805,6789
01-09-2022 18:54,59.9,4.8,3.8,5.2,SE,6675,6799,6781
01-09-2022 18:54,59.9,4.6,4,5.4,SE,6661,6790,6768
01-09-2022 18:55,59.9,4.4,4,5,SE,6662,6801,6779
01-09-2022 18:55,59.9,4.4,3.8,5,SE,6674,6803,6789
01-09-2022 18:56,60,4.4,3.8,4.8,SE,6680,6798,6783
01-09-2022 18:56,59.9,4.4,3.8,4.8,SE,6676,6807,6797
01-09-2022 18:57,59.9,4.4,3.8,4.8,SE,6679,6802,6792
01-09-2022 18:58,59.9,4.6,3.8,4.8,SE,6682,6796,6782
01-09-2022 18:58,60,4.6,3.8,4.8,SE,6674,6794,6784
01-09-2022 18:59,60,4.8,3.8,5.2,SE,6683,6805,6790
01-09-2022 18:59,59.9,4.8,4,5,SE,6680,6802,6790
01-09-2022 19:00,59.9,4.6,4,5,SE,6673,6796,6780
01-09-2022 19:00,59.9,4.6,4,5,SE,6683,6804,6789
01-09-2022 19:01,60,4.4,4,4.6,SE,6687,6812,6796
01-09-2022 19:01,59.9,4.4,4,4.6,SE,6693,6811,6796
01-09-2022 19:02,60,4.4,4,4.8,SE,6678,6812,6797
01-09-2022 19:02,60,4.4,3.8,4.8,SE,6696,6817,6803
01-09-2022 19:03,60,4.6,3.8,4.8,SE,6691,6796,6778
01-09-2022 19:03,60,4.4,3.8,4.4,SE,6691,6815,6800
01-09-2022 19:04,60,4.6,4,4.8,SE,6672,6813,6798
01-09-2022 19:04,59.9,4.6,4,4.8,SE,6680,6812,6797
01-09-2022 19:05,60,4.6,4,5,SE,6685,6805,6789
01-09-2022 19:06,60,4.6,4,5,SE,6688,6810,6794
01-09-2022 19:06,60,4.6,4,5,SE,6697,6818,6799
01-09-2022 19:07,60,4.4,3.6,4.8,SE,6694,6823,6807
01-09-2022 19:07,60,4.4,3.8,5,SE,6695,6819,6800
01-09-2022 19:08,60,4.4,3.8,4.8,SE,6686,6820,6803
01-09-2022 19:08,60,4.4,3.6,4.6,SE,6588,6707,6684
01-09-2022 19:09,60,4.6,3.6,5,SE,6587,6708,6678
01-09-2022 19:10,60,4.4,3.6,5,SE,6659,6783,6757
01-09-2022 19:10,60,4.6,3.6,5,SE,6645,6781,6753
01-09-2022 19:11,59.9,4.4,3.6,5,SE,6651,6786,6762
01-09-2022 19:11,60,4.4,3.6,5,SE,6654,6784,6761
01-09-2022 19:12,59.9,4.4,3.4,4.6,SE,6649,6773,6750
01-09-2022 19:12,60,4.2,3.6,4.4,SE,6648,6779,6758
01-09-2022 19:13,60,4.2,3.6,4.6,SE,6623,6774,6751
01-09-2022 19:13,59.9,4.2,3.6,4.6,SE,6647,6780,6760
01-09-2022 19:14,60,4.6,3.8,4.8,SE,6654,6777,6753
01-09-2022 19:14,59.9,5.2,4.2,5.4,SE,6653,6773,6751
01-09-2022 19:15,59.9,4.8,3.8,5.2,SE,6652,6779,6760
01-09-2022 19:15,59.9,4.8,3.8,5.2,SE,6651,6780,6760
01-09-2022 19:16,60,4.6,3.6,4.8,SE,6644,6783,6760
01-09-2022 19:16,60,4.4,3.6,4.6,SE,6658,6782,6759
01-09-2022 19:17,60,5,4.2,5.2,SE,6654,6783,6761
01-09-2022 19:18,59.9,4.4,3.8,4.8,SE,6660,6781,6761
01-09-2022 19:18,59.9,4.6,3.8,4.8,SE,6654,6776,6748
01-09-2022 19:19,59.9,5.2,4.4,5.6,SE,6650,6776,6749
01-09-2022 19:19,60,4.8,3.8,5.2,SE,6651,6782,6751
01-09-2022 19:20,60,5,3.8,5.2,SE,6653,6793,6767
01-09-2022 19:21,60,4.6,3.6,5,SE,6650,6783,6760
01-09-2022 19:21,60,4.4,3.6,4.6,SE,6644,6781,6762
01-09-2022 19:22,59.9,4.4,3.4,4.6,SE,6651,6784,6763
01-09-2022 19:22,59.9,4.4,3.4,4.6,SE,6657,6786,6760
01-09-2022 19:23,60,4.4,3.2,4.4,SE,6660,6786,6764
01-09-2022 19:23,59.9,4.4,3.4,4.6,SE,6661,6780,6757
01-09-2022 19:24,59.9,4.6,3.4,5,SE,6663,6795,6772
01-09-2022 19:24,59.9,4.8,3.6,5,SE,6661,6791,6768
01-09-2022 19:25,60,4.8,3.6,5,SE,6655,6791,6768
01-09-2022 19:25,59.9,4.6,3.6,4.8,SE,6649,6789,6765
01-09-2022 19:26,60,4.4,3.4,4.4,SE,6667,6793,6767
01-09-2022 19:26,60,4.4,3.4,4.4,SE,6656,6795,6768
01-09-2022 19:27,59.9,4.4,3.4,4.4,SE,6680,6799,6776
01-09-2022 19:27,60,4.4,3.4,4.6,SE,6679,6794,6774
01-09-2022 19:28,60,4.6,3.4,4.6,SE,6663,6797,6778
01-09-2022 19:28,60,4.8,3.6,4.8,SE,6661,6796,6776
01-09-2022 19:29,59.9,4.8,3.6,4.8,SE,6675,6795,6778
01-09-2022 19:30,60,4.8,3.6,5,SE,6681,6797,6781
01-09-2022 19:30,60,4.4,3.6,4.4,SE,6671,6806,6787
01-09-2022 19:31,60,4.4,3.6,4.4,SE,6669,6808,6791
01-09-2022 19:31,59.9,4.4,3.6,4.4,SE,6652,6801,6777
01-09-2022 19:32,60,4.4,3.8,4.6,SE,6670,6810,6790
01-09-2022 19:33,59.9,4.6,3.8,5,SE,6682,6803,6788
01-09-2022 19:34,60,4.6,3.6,5.2,SE,6684,6816,6794
01-09-2022 19:35,59.9,4.4,3.6,4.6,SE,6680,6802,6783
01-09-2022 19:35,60,4.4,3.6,4.8,SE,6684,6814,6795
01-09-2022 19:36,59.9,4.6,3.6,4.8,SE,6667,6803,6787
01-09-2022 19:36,60,4.6,3.4,4.6,SE,6674,6803,6787
01-09-2022 19:37,60,4.6,3.4,4.6,SE,6689,6810,6793
01-09-2022 19:37,60,4.4,3.2,4.6,SE,6687,6812,6795
01-09-2022 19:38,59.9,5.4,4,5.6,SE,6679,6790,6773
01-09-2022 19:38,59.9,4.8,3.2,5,SE,6681,6795,6781
01-09-2022 19:39,59.9,4.4,3.2,4.8,SE,6671,6800,6782
01-09-2022 19:39,59.9,4.2,3.2,4.6,SE,6677,6797,6782
01-09-2022 19:40,59.9,4.2,3.2,4.6,SE,6681,6794,6780
01-09-2022 19:40,60,4.2,3.2,4.6,SE,6697,6810,6788
01-09-2022 19:41,59.9,4.2,3.2,4.4,SE,6668,6803,6780
01-09-2022 19:42,60,4.4,3.4,4.4,SE,6671,6800,6782
01-09-2022 19:42,60,4.6,3.4,5,SE,6676,6796,6774
01-09-2022 19:43,60,4.6,3.4,5,SE,6682,6806,6785
01-09-2022 19:43,60,4.4,3.4,4.6,SE,6666,6793,6778
01-09-2022 19:44,60,4.4,3.4,4.4,SE,6669,6795,6781
01-09-2022 19:45,60,4.4,3.4,4.4,SE,6661,6782,6763
01-09-2022 19:45,59.9,4.4,3.4,4.4,SE,6642,6771,6755
01-09-2022 19:46,60,4.4,3.2,4.4,SE,6673,6784,6772
01-09-2022 19:46,59.9,4.4,3.4,4.6,SE,6660,6797,6783
01-09-2022 19:47,59.9,4.8,3.6,5,SE,6669,6805,6787
01-09-2022 19:47,60,4.8,3.6,5,SE,6671,6807,6790
01-09-2022 19:48,59.9,4.8,3.6,4.8,SE,6681,6799,6783
01-09-2022 19:48,59.9,4.8,3.6,4.8,SE,6674,6798,6781
01-09-2022 19:49,59.9,4.6,3.6,4.6,SE,6666,6807,6794
01-09-2022 19:49,59.9,4.6,3.6,4.6,SE,6682,6805,6780
01-09-2022 19:50,60,4.6,3.6,4.6,SE,6675,6796,6778
01-09-2022 19:50,59.9,4.6,3.6,4.6,SE,6671,6795,6780
01-09-2022 19:51,60,4.6,3.4,4.8,SE,6660,6796,6776
01-09-2022 19:51,60,4.8,3.6,5.2,SE,6658,6801,6778
01-09-2022 19:52,59.9,4.8,3.6,5.2,SE,6643,6801,6781
01-09-2022 19:53,60,4.6,3.6,4.8,SE,6655,6804,6788
01-09-2022 19:53,59.9,4.4,3.4,4.6,SE,6679,6798,6784
01-09-2022 19:54,59.9,4.4,3.4,4.4,SE,6672,6798,6784
01-09-2022 19:54,60,4.4,3.4,4.4,SE,6668,6807,6798
01-09-2022 19:55,60,4.4,3.4,4.4,SE,6665,6794,6783
01-09-2022 19:55,60,4.6,3.4,4.6,SE,6641,6788,6774
01-09-2022 19:56,60,4.6,3.4,4.6,SE,6639,6788,6775
01-09-2022 19:57,60,4.8,3.4,4.8,SE,6665,6787,6779
01-09-2022 19:57,59.9,4.6,3.4,4.6,SE,6663,6788,6782
01-09-2022 19:58,60,4.4,3.4,4.4,SE,6663,6792,6781
01-09-2022 19:58,60,4.4,3.4,4.4,SE,6645,6781,6771
01-09-2022 19:59,59.9,4.4,3.4,4.4,SE,6657,6799,6773
01-09-2022 19:59,59.9,5,3.8,4.8,SE,6667,6805,6782
01-09-2022 20:00,59.9,4.4,3.4,4.8,SE,6652,6792,6773
01-09-2022 20:00,59.9,4.6,3.4,4.8,SE,6637,6791,6771
01-09-2022 20:01,59.9,5.2,3.8,5.4,SE,6648,6775,6753
01-09-2022 20:01,60,4.6,3.4,4.8,SE,6647,6782,6759
01-09-2022 20:02,60,4.6,3.6,4.8,SE,6645,6772,6748
01-09-2022 20:02,60,4.6,3.6,4.6,SE,6651,6778,6759
01-09-2022 20:03,59.9,4.6,3.4,4.4,SE,6639,6767,6750
01-09-2022 20:03,59.9,4.4,3.6,4.6,SE,6631,6772,6755
01-09-2022 20:04,60,4.4,3.6,4.8,SE,6612,6771,6744
01-09-2022 20:05,59.9,4.6,3.6,4.8,SE,6607,6778,6740
01-09-2022 20:05,60,4.6,3.2,5,SE,6644,6779,6755
01-09-2022 20:06,59.9,4.4,3.4,4.8,SE,6643,6767,6740
01-09-2022 20:06,59.9,4.4,3.6,4.4,SE,6652,6769,6749
01-09-2022 20:07,59.9,4.4,3.6,4.4,SE,6636,6765,6750
01-09-2022 20:07,59.9,4.4,3.4,4.4,SE,6708,6829,6809
01-09-2022 20:08,59.9,5,4,5,SE,6687,6844,6815
01-09-2022 20:09,59.9,4.4,3.4,4.6,SE,6688,6836,6798
01-09-2022 20:10,59.9,4.6,3.4,4.8,SE,6706,6851,6826
01-09-2022 20:10,59.9,4.6,3.4,4.6,SE,6713,6847,6827
01-09-2022 20:11,60,4.6,3.4,4.6,SE,6727,6841,6816
01-09-2022 20:11,59.8,4.2,3.4,4.2,SE,6714,6824,6809
01-09-2022 20:12,60,4.8,3.8,4.8,SE,6705,6840,6814
01-09-2022 20:12,59.9,4.4,3.4,4.4,SE,6692,6833,6806
01-09-2022 20:13,59.9,4.6,3.4,4.6,SE,6698,6840,6815
01-09-2022 20:13,59.9,4.4,3.4,4.6,SE,6711,6850,6829
01-09-2022 20:14,59.9,5,3.6,5,SE,6704,6842,6821
01-09-2022 20:14,59.9,4.6,3.4,4.6,SE,6715,6848,6831
01-09-2022 20:15,59.9,4.8,3.6,4.6,SE,6714,6838,6822
01-09-2022 20:15,60,4.4,3.6,4.2,SE,6716,6850,6833
01-09-2022 20:16,60,5,3.8,4.6,SE,6705,6841,6825
01-09-2022 20:17,59.9,4.6,3.6,4.4,SE,6695,6834,6815
01-09-2022 20:17,59.9,4.4,3.4,4.6,SE,6702,6843,6830
01-09-2022 20:18,60,4.4,3.6,4.6,SE,6719,6847,6829
01-09-2022 20:18,60,4.8,3.6,4.8,SE,6710,6846,6828
01-09-2022 20:19,59.9,4.6,3.8,4.6,SE,6699,6836,6816
01-09-2022 20:19,59.9,4.4,3.6,4.6,SE,6707,6837,6816
01-09-2022 20:20,59.9,4.4,3.6,4.6,SE,6714,6845,6824
01-09-2022 20:21,59.9,4.2,3.6,4.4,SE,6709,6849,6835
01-09-2022 20:21,60,4.2,3.8,4.6,SE,6716,6840,6825
01-09-2022 20:22,59.9,4.6,3.8,4.8,SE,6702,6834,6813
01-09-2022 20:22,59.9,4.4,3.6,4.8,SE,6694,6841,6815
01-09-2022 20:23,59.9,4.2,3.6,4.6,SE,6717,6843,6824
01-09-2022 20:23,60,4.2,3.6,4.6,SE,6708,6845,6828
01-09-2022 20:24,60,4.2,3.8,4.8,SE,6698,6853,6833
01-09-2022 20:24,60,4.2,3.8,4.8,SE,6702,6845,6827
01-09-2022 20:25,60,4,3.8,4.6,SE,6712,6840,6820
01-09-2022 20:25,59.9,4,3.8,4.4,SE,6714,6843,6830
01-09-2022 20:26,59.9,4,3.8,4.4,SE,6717,6846,6830
01-09-2022 20:26,59.9,4.2,3.8,4.6,SE,6720,6848,6832
01-09-2022 20:27,59.9,4,3.8,4.2,SE,6725,6853,6832
01-09-2022 20:27,59.9,4,3.8,4.2,SE,6722,6854,6838
01-09-2022 20:28,60,4.2,3.8,4.4,SE,6730,6860,6844
01-09-2022 20:29,59.9,4.2,3.8,4.4,SE,6726,6856,6839
01-09-2022 20:29,60,4,3.6,4.2,SE,6730,6859,6845
01-09-2022 20:30,59.9,4,3.6,4.2,SE,6731,6850,6835
01-09-2022 20:30,59.9,4,3.6,4.4,SE,6721,6849,6838
01-09-2022 20:31,59.9,4,3.6,4.2,SE,6734,6857,6841
01-09-2022 20:32,59.9,4,3.6,4.2,SE,6733,6866,6849
01-09-2022 20:33,60,4.2,3.6,4.6,SE,6733,6858,6841
01-09-2022 20:33,60,4.2,3.6,4.6,SE,6739,6852,6839
01-09-2022 20:34,60,4,3.6,4.4,SE,6737,6863,6852
01-09-2022 20:34,60,3.8,3.6,4.2,SE,6730,6867,6853
01-09-2022 20:35,59.9,4,3.8,4.4,SE,6733,6858,6845
01-09-2022 20:35,59.9,4,3.8,4.4,SE,6733,6859,6849
01-09-2022 20:36,59.9,4,3.8,4.2,SE,6730,6858,6846
01-09-2022 20:36,59.9,4,3.8,4.2,SE,6737,6861,6848
01-09-2022 20:37,60,4,3.8,4.4,SE,6732,6842,6839
01-09-2022 20:37,59.9,4.4,4.2,5,SE,6725,6850,6844
01-09-2022 20:38,60,3.8,3.4,4.4,SE,6724,6866,6864
01-09-2022 20:38,60,3.8,3.6,4.4,SE,6727,6860,6855
01-09-2022 20:39,60,3.8,3.4,4.4,SE,6738,6859,6848
01-09-2022 20:39,60,4,3.6,4.6,SE,6740,6860,6850
01-09-2022 20:40,59.9,3.6,3.4,4.2,SE,6734,6864,6856
01-09-2022 20:41,60,3.6,3.4,4.2,SE,6735,6860,6851
01-09-2022 20:41,60,3.6,3.4,4.2,SE,6744,6871,6859
01-09-2022 20:42,59.9,3.8,3.4,4.4,SE,6740,6865,6851
01-09-2022 20:42,59.9,3.8,3.2,4.4,SE,6725,6866,6856
01-09-2022 20:43,60,3.8,3.2,4.2,SE,6744,6872,6865
01-09-2022 20:43,59.9,4.4,3.6,4.8,SE,6739,6848,6846
01-09-2022 20:45,59.9,3.8,3.4,4.2,SE,6743,6854,6847
01-09-2022 20:45,59.9,3.8,3.4,4.2,SE,6744,6855,6850
01-09-2022 20:46,59.9,3.8,3.4,4,SE,6749,6871,6858
01-09-2022 20:46,60,3.8,3.4,4,SE,6749,6871,6857
01-09-2022 20:47,60,3.8,3.2,4.2,SE,6754,6855,6848
01-09-2022 20:47,60,4,3.2,4.2,SE,6752,6864,6855
01-09-2022 20:48,60,3.8,3.2,4,SE,6760,6869,6854
01-09-2022 20:48,60,3.8,3.2,4,SE,6763,6867,6847
01-09-2022 20:49,59.9,3.6,3.2,3.8,SE,6755,6873,6860
01-09-2022 20:49,59.9,3.6,3.2,3.8,SE,6749,6870,6859
01-09-2022 20:50,59.9,3.6,3.2,3.8,SE,6750,6873,6861
01-09-2022 20:50,60,4,3.6,4.2,SE,6748,6870,6863
01-09-2022 20:51,59.9,3.6,3.2,4,SE,6751,6863,6848
01-09-2022 20:51,60,4,3.2,4.6,SE,6747,6868,6856
01-09-2022 20:52,59.9,3.6,3.2,4.4,SE,6747,6872,6859
01-09-2022 20:53,60,3.6,3.2,4.2,SE,6754,6877,6859
01-09-2022 20:53,60,3.6,3.2,4,SE,6756,6878,6859
01-09-2022 20:54,60,3.6,3.2,4,SE,6761,6880,6862
01-09-2022 20:54,60,3.6,3.2,4,SE,6759,6882,6863
01-09-2022 20:55,60.1,3.6,3.2,4,SE,6750,6888,6871
01-09-2022 20:55,60,3.8,3,4.2,SE,6756,6887,6871
01-09-2022 20:56,60,3.8,3,4.4,SE,6766,6887,6868
01-09-2022 20:57,60,3.8,3,4.4,SE,6756,6887,6870
01-09-2022 20:57,60,3.6,3,4,SE,6761,6889,6870
01-09-2022 20:58,60,3.6,3.2,4,SE,6760,6888,6869
01-09-2022 20:58,60,3.6,3.2,4,SE,6758,6878,6862
01-09-2022 20:59,60,3.6,3.2,4,SE,6756,6882,6865
01-09-2022 20:59,60,3.6,3.2,4,SE,6751,6879,6866
01-09-2022 21:00,60,3.8,3.2,4.2,SE,6759,6876,6856
01-09-2022 21:00,60,4,3.2,4.6,SE,6750,6887,6867
01-09-2022 21:01,60,3.8,3.2,4.6,SE,6763,6894,6878
01-09-2022 21:01,60,3.6,3.2,4,SE,6766,6893,6878
01-09-2022 21:02,59.9,3.6,3.2,4,SE,6763,6887,6874
01-09-2022 21:02,60,3.6,3.2,4,SE,6764,6882,6870
01-09-2022 21:03,59.9,3.6,3.2,3.8,SE,6751,6888,6874
01-09-2022 21:03,60,3.6,3.2,3.8,SE,6764,6891,6875
01-09-2022 21:04,60,3.4,3,4,SE,6753,6891,6879
01-09-2022 21:05,60,4,3.2,4.6,SE,6765,6897,6884
01-09-2022 21:05,60,3.6,3,4.2,SE,6763,6893,6879
01-09-2022 21:06,60,3.4,3,3.8,SE,6766,6895,6877
01-09-2022 21:06,60,3.4,3,3.8,SE,6757,6882,6866
01-09-2022 21:07,60,3.6,3,3.8,SE,6737,6872,6853
01-09-2022 21:07,60,3.6,3,3.8,SE,6744,6872,6856
01-09-2022 21:08,60,3.6,3,3.8,SE,6741,6871,6856
01-09-2022 21:09,59.9,3.8,3,4.2,SE,6729,6870,6855
01-09-2022 21:09,60,3.8,3,4.2,SE,6727,6872,6849
01-09-2022 21:10,60,3.6,3,3.8,SE,6746,6871,6850
01-09-2022 21:10,59.9,4,3.4,4,SE,6740,6868,6850
01-09-2022 21:11,59.9,3.6,3,3.6,SE,6756,6856,6844
01-09-2022 21:11,59.9,3.6,3,3.6,SE,6754,6862,6846
01-09-2022 21:12,60,3.6,3,3.8,SE,6737,6873,6861
01-09-2022 21:12,60,3.6,3,3.8,SE,6747,6872,6858
01-09-2022 21:13,59.9,4,3.2,4.4,SE,6745,6874,6857
01-09-2022 21:13,59.9,4,3.2,4.4,SE,6751,6876,6858
01-09-2022 21:14,60,3.6,3.2,3.8,SE,6741,6880,6859
01-09-2022 21:14,60,3.6,3.2,3.8,SE,6750,6881,6864
01-09-2022 21:15,60,3.4,3.2,3.8,SE,6738,6881,6861
01-09-2022 21:15,60,3.4,2.8,3.8,SE,6734,6878,6861
01-09-2022 21:16,60,3.4,2.8,3.8,SE,6748,6880,6866
01-09-2022 21:17,60,3.2,2.6,3.8,SE,6735,6875,6859
01-09-2022 21:17,59.9,3.2,2.6,3.6,SE,6713,6874,6854
01-09-2022 21:18,59.9,3.2,2.6,3.8,SE,6719,6869,6855
01-09-2022 21:18,60,3.2,2.6,3.8,SE,6751,6880,6865
01-09-2022 21:19,59.9,3.4,2.6,3.6,SE,6737,6871,6858
01-09-2022 21:19,59.9,3.4,2.6,3.6,SE,6745,6873,6854
01-09-2022 21:20,59.9,3.4,2.4,3.6,SE,6743,6873,6860
01-09-2022 21:21,59.9,3.4,2.4,3.6,SE,6728,6870,6852
01-09-2022 21:21,59.9,3.6,2.6,3.6,SE,6756,6879,6863
01-09-2022 21:22,59.9,3.4,2.4,3.6,SE,6750,6872,6855
01-09-2022 21:22,59.9,3.2,2.2,3.6,SE,6757,6879,6864
01-09-2022 21:23,59.9,3.2,2.2,3.6,SE,6751,6874,6858
01-09-2022 21:23,59.9,3.2,2.4,3.6,SE,6756,6881,6864
01-09-2022 21:24,59.9,3.2,2.4,3.6,SE,6741,6867,6854
01-09-2022 21:24,59.9,3.2,2.2,3.4,SE,6737,6868,6854
01-09-2022 21:25,60,3.2,2.2,3.4,SE,6757,6885,6870
01-09-2022 21:25,59.9,3.2,2.2,3.4,SE,6749,6884,6864
01-09-2022 21:26,59.9,3.2,2,3.6,SE,6756,6881,6863
01-09-2022 21:26,59.9,3.2,2,3.6,SE,6762,6878,6861
01-09-2022 21:27,60,3.2,2.2,3.6,SE,6754,6878,6864
01-09-2022 21:27,60,3.2,2.2,3.6,SE,6757,6869,6858
01-09-2022 21:28,59.9,2.8,2.2,3.6,SE,6739,6877,6860
01-09-2022 21:29,60,2.8,2.2,3.4,SE,6745,6878,6862
01-09-2022 21:29,60,2.6,2.2,3.2,SE,6756,6867,6853
01-09-2022 21:30,60,2.2,2.2,3,SE,6742,6874,6862
01-09-2022 21:30,59.9,2.4,2.2,3,SE,6737,6878,6853
01-09-2022 21:31,59.9,2.2,2.2,3,SE,6752,6882,6855
01-09-2022 21:32,60,2.2,2.2,3.2,SE,6755,6885,6870
01-09-2022 21:32,60,2.2,2.2,3.2,SE,6750,6871,6870
01-09-2022 21:33,60,2.4,2.2,3.2,SE,6700,6818,6803
01-09-2022 21:33,60,2.6,2.2,3.2,SE,6698,6814,6802
01-09-2022 21:34,60,2.6,2,3.2,SE,6689,6808,6793
01-09-2022 21:34,60,2.6,2,3.2,SE,6684,6810,6802
01-09-2022 21:35,60,2.6,2,3.2,SE,6688,6828,6806
01-09-2022 21:35,60,2.6,2,3.2,SE,6691,6826,6807
01-09-2022 21:36,60,2.8,2,3.2,SE,6690,6808,6794
01-09-2022 21:36,60,2.6,2,3.2,SE,6691,6813,6804
01-09-2022 21:37,60,2.8,2.2,3.2,SE,6680,6820,6811
01-09-2022 21:37,59.9,2.8,2.2,3.2,SE,6684,6813,6798
01-09-2022 21:38,59.9,2.8,2.2,3.2,SE,6681,6821,6807
01-09-2022 21:39,59.9,2.6,2,3,SE,6676,6824,6800
01-09-2022 21:39,59.9,2.6,2,3,SE,6685,6824,6799
01-09-2022 21:40,60,2.4,2,3,SE,6698,6828,6809
01-09-2022 21:41,60,2.4,2,3,SE,6692,6822,6808
01-09-2022 21:41,59.9,2.4,2,3,SE,6689,6819,6800
01-09-2022 21:42,59.9,2.6,2.4,3.2,SE,6686,6818,6801
01-09-2022 21:42,60,2.4,2.2,3,SE,6691,6829,6812
01-09-2022 21:43,60,2.4,2.2,3,SE,6706,6833,6821
01-09-2022 21:44,59.9,2.4,2.2,3,SE,6710,6826,6807
01-09-2022 21:44,59.9,2.4,2.2,3,SE,6696,6828,6806
01-09-2022 21:45,60,2.4,2.2,3,SE,6694,6825,6809
01-09-2022 21:45,60,2.4,2.2,3,SE,6692,6826,6809
01-09-2022 21:46,59.9,2.4,2,3,SE,6685,6825,6809
01-09-2022 21:46,59.9,2.4,2,3,SE,6686,6827,6810
01-09-2022 21:47,59.9,2.4,2,3,SE,6709,6828,6812
01-09-2022 21:48,60,2.4,2,3,SE,6695,6834,6815
01-09-2022 21:49,59.9,2.6,2,3,SE,6682,6831,6806
01-09-2022 21:49,59.9,2.6,2,3,SE,6694,6826,6799
01-09-2022 21:50,60,2.6,2,3,SE,6698,6831,6812
01-09-2022 21:50,60,2.6,2,3,SE,6692,6830,6814
01-09-2022 21:51,60,2.4,2,3,SE,6698,6837,6819
01-09-2022 21:51,60,2.4,2,3,SE,6705,6841,6823
01-09-2022 21:52,59.9,2.4,2,3,SE,6701,6836,6820
01-09-2022 21:53,59.9,2.4,2,3,SE,6696,6834,6816
01-09-2022 21:53,60,2.4,2,3,SE,6694,6830,6806
01-09-2022 21:54,60,2.4,2,3,SE,6707,6830,6813
01-09-2022 21:54,59.9,2.4,2,3,SE,6700,6831,6819
01-09-2022 21:55,59.9,2.4,2,3,SE,6711,6831,6819
01-09-2022 21:56,60,2.4,2,3,SE,6705,6833,6823
01-09-2022 21:56,60,2.4,2,3,SE,6714,6839,6829
01-09-2022 21:57,59.9,2.2,2,3,SE,6708,6836,6828
01-09-2022 21:57,59.9,2.2,2,3,SE,6751,6873,6878
01-09-2022 21:58,60,2.4,2.2,3,SE,6747,6874,6867
01-09-2022 21:59,59.9,2.4,2.2,3,SE,6740,6861,6855
01-09-2022 21:59,59.9,2.4,2,3,SE,6747,6861,6858
01-09-2022 22:00,59.9,2.4,2,2.8,SE,6747,6860,6863
01-09-2022 22:00,59.9,2.4,2,2.8,SE,6747,6861,6855
01-09-2022 22:01,59.9,2.4,2,2.8,SE,6736,6869,6859
01-09-2022 22:01,59.9,2.4,2,2.8,SE,6723,6862,6850
01-09-2022 22:02,60,2.4,2,2.8,SE,6739,6866,6853
01-09-2022 22:02,59.9,2.4,2.2,3,SE,6740,6861,6848
01-09-2022 22:03,60,2.4,2.2,3,SE,6749,6864,6853
01-09-2022 22:04,60,2.4,2.2,3,SE,6747,6868,6858
01-09-2022 22:04,60,2.4,2.2,3,SE,6749,6857,6850
01-09-2022 22:05,59.9,2.4,2.2,3,SE,6742,6863,6854
01-09-2022 22:05,59.9,2.2,2.2,2.8,SE,6738,6867,6857
01-09-2022 22:06,59.9,2.2,2.2,2.8,SE,6719,6861,6851
01-09-2022 22:07,59.9,2.2,2.2,2.8,SE,6730,6856,6850
01-09-2022 22:08,59.9,2.2,2.2,2.8,SE,6738,6844,6838
01-09-2022 22:08,59.9,2.2,2.2,2.8,SE,6737,6854,6843
01-09-2022 22:09,60,2.4,2.2,2.8,SE,6733,6861,6848
01-09-2022 22:09,60,2.4,2.2,2.8,SE,6728,6868,6855
01-09-2022 22:10,60,2.6,2.2,2.8,SE,6732,6871,6861
01-09-2022 22:10,59.9,2.6,2.2,2.8,SE,6696,6846,6835
01-09-2022 22:11,59.9,2.6,2.2,2.8,SE,6719,6840,6828
01-09-2022 22:11,59.9,2.4,2.2,2.8,SE,6713,6843,6830
01-09-2022 22:12,60,2.4,2.2,2.8,SE,6725,6847,6831
01-09-2022 22:12,59.9,2.4,2.2,2.8,SE,6722,6847,6830
01-09-2022 22:13,59.9,2.4,2,2.8,SE,6707,6844,6830
01-09-2022 22:13,59.9,2.8,2.4,3,SE,6700,6846,6830
01-09-2022 22:14,59.9,2.2,2,2.8,SE,6717,6846,6835
01-09-2022 22:14,59.9,2.2,2,2.6,SE,6710,6846,6828
01-09-2022 22:15,59.9,2.2,2,2.8,SE,6717,6846,6832
01-09-2022 22:16,60,2.4,2,2.8,SE,6721,6851,6840
01-09-2022 22:16,60,2.4,2,2.6,SE,6713,6850,6840
01-09-2022 22:17,60,2.4,2,2.6,SE,6714,6845,6835
01-09-2022 22:17,59.9,2.2,2,2.6,SE,6720,6850,6840
01-09-2022 22:18,59.9,2.2,2,2.6,SE,6715,6847,6835
01-09-2022 22:18,59.9,2.2,1.8,2.8,SE,6710,6848,6832
01-09-2022 22:19,60,2.4,1.8,2.8,SE,6711,6849,6831
01-09-2022 22:20,60,2.4,1.8,2.8,SE,6714,6840,6820
01-09-2022 22:20,59.9,2.4,2,2.8,SE,6718,6844,6827
01-09-2022 22:21,59.9,2.4,2,2.8,SE,6717,6850,6833
01-09-2022 22:21,59.9,2.4,2,2.8,SE,6716,6848,6833
01-09-2022 22:22,60,2.4,2,2.8,SE,6723,6850,6836
01-09-2022 22:22,59.9,2.4,2,2.8,SE,6719,6853,6837
01-09-2022 22:23,59.9,2.4,2,2.8,SE,6719,6847,6833
01-09-2022 22:23,59.9,2.4,2,2.8,SE,6720,6853,6834
01-09-2022 22:24,60,2.2,2,2.8,SE,6722,6851,6833
01-09-2022 22:24,60,2.2,2,2.8,SE,6723,6854,6836
01-09-2022 22:25,60,2.2,2,2.8,SE,6712,6853,6836
01-09-2022 22:25,59.9,2.2,2,2.8,SE,6713,6847,6831
01-09-2022 22:26,59.9,2.2,1.8,2.8,SE,6720,6855,6838
01-09-2022 22:26,59.9,2.2,1.8,2.8,SE,6705,6842,6828
01-09-2022 22:27,59.9,2.2,2,2.8,SE,6722,6840,6826
01-09-2022 22:28,59.9,2.2,2,2.8,SE,6729,6852,6836
01-09-2022 22:28,60,2.2,2,2.8,SE,6727,6845,6833
01-09-2022 22:29,59.9,2.2,2,2.8,SE,6730,6843,6831
01-09-2022 22:29,60,2.2,2,2.8,SE,6710,6849,6839
01-09-2022 22:30,60,2.2,2,2.8,SE,6723,6846,6841
01-09-2022 22:30,60,2.2,2,2.8,SE,6724,6853,6845
01-09-2022 22:31,60,2.2,2,2.8,SE,6718,6848,6837
01-09-2022 22:32,59.9,2.2,2,2.8,SE,6717,6847,6838
01-09-2022 22:32,59.8,2.2,2,2.8,SE,6707,6847,6834
01-09-2022 22:33,59.9,2.2,2,2.8,SE,6722,6847,6831
01-09-2022 22:33,59.9,2.2,2,2.8,SE,6722,6843,6827
01-09-2022 22:34,59.9,2.4,2,2.8,SE,6722,6849,6835
01-09-2022 22:34,59.9,2.4,2,2.8,SE,6721,6857,6844
01-09-2022 22:35,60,2.4,2,2.8,SE,6737,6855,6844
01-09-2022 22:35,60,2.4,2,2.8,SE,6736,6856,6846
01-09-2022 22:36,60,2.4,2,2.8,SE,6736,6851,6841
01-09-2022 22:36,60,2.4,2,2.8,SE,6733,6848,6838
01-09-2022 22:37,60,2.4,2,2.8,SE,6728,6858,6848
01-09-2022 22:37,60,2.4,2,2.8,SE,6724,6848,6839
01-09-2022 22:38,59.9,2.2,2,2.8,SE,6725,6850,6836
01-09-2022 22:38,59.9,2.4,2,2.8,SE,6725,6842,6826
01-09-2022 22:39,59.9,2.4,2,2.8,SE,6715,6851,6837
01-09-2022 22:40,59.9,2.4,2,2.8,SE,6714,6848,6836
01-09-2022 22:40,59.9,2.2,2,2.8,SE,6724,6851,6834
01-09-2022 22:41,59.9,2.2,2,2.8,SE,6719,6849,6834
01-09-2022 22:41,60,2.4,2,2.8,SE,6720,6844,6833
01-09-2022 22:42,59.9,2.4,2,2.8,SE,6725,6861,6848
01-09-2022 22:42,59.9,2.4,2,2.8,SE,6733,6849,6833
01-09-2022 22:43,60,2.4,2,2.8,SE,6736,6860,6841
01-09-2022 22:44,59.9,2.2,2,2.8,SE,6731,6837,6830
01-09-2022 22:44,60,2.2,2,2.8,SE,6725,6844,6838
01-09-2022 22:45,60,2.2,2,2.8,SE,6733,6855,6848
01-09-2022 22:45,60,2.2,2,2.8,SE,6728,6849,6840
01-09-2022 22:46,59.8,2.2,2,2.8,SE,6724,6848,6838
01-09-2022 22:46,59.9,2.2,1.8,2.8,SE,6726,6844,6835
01-09-2022 22:47,59.9,2.2,2,2.8,SE,6729,6849,6837
01-09-2022 22:47,59.9,2.2,2,2.8,SE,6723,6853,6841
01-09-2022 22:48,59.9,2.4,2,2.8,SE,6730,6858,6845
01-09-2022 22:48,60,2.4,2,2.8,SE,6731,6845,6837
01-09-2022 22:49,60,2.4,2,2.8,SE,6731,6848,6837
01-09-2022 22:49,59.9,2.4,2,2.8,SE,6731,6847,6837
01-09-2022 22:50,59.9,2.4,2,2.8,SE,6740,6846,6830
01-09-2022 22:50,59.9,2.2,2,2.8,SE,6743,6858,6844
01-09-2022 22:51,60,2.2,2,2.8,SE,6732,6861,6848
01-09-2022 22:52,60.1,2.2,2,2.8,SE,6722,6860,6845
01-09-2022 22:53,60,2.2,2,2.8,SE,6727,6863,6850
01-09-2022 22:53,60,2.2,1.8,2.8,SE,6739,6857,6845
01-09-2022 22:54,60,2.2,1.8,2.8,SE,6744,6856,6840
01-09-2022 22:54,60,2.2,1.8,2.8,SE,6738,6858,6842
01-09-2022 22:55,59.9,2.2,1.8,2.8,SE,6730,6852,6838
01-09-2022 22:56,59.9,2.2,1.8,2.8,SE,6738,6857,6844
01-09-2022 22:56,59.9,2.2,1.8,2.8,SE,6722,6848,6838
01-09-2022 22:57,59.9,2.2,1.8,2.8,SE,6733,6829,6820
01-09-2022 22:57,59.9,2.2,1.8,2.8,SE,6720,6850,6838
01-09-2022 22:58,59.9,2.2,1.8,2.8,SE,6735,6857,6845
01-09-2022 22:59,60,2.2,1.8,2.8,SE,6746,6860,6848
01-09-2022 23:00,59.9,2.2,2,2.8,SE,6731,6855,6841
01-09-2022 23:00,59.8,2,2,2.8,SE,6739,6859,6840
01-09-2022 23:01,59.9,2.2,2,2.8,SE,6722,6838,6828
01-09-2022 23:01,59.9,2,2,2.8,SE,6718,6861,6841
01-09-2022 23:02,59.9,2.2,2,2.8,SE,6741,6864,6842
01-09-2022 23:02,59.9,2.2,2,2.8,SE,6748,6867,6847
01-09-2022 23:03,59.9,2.2,2.2,2.8,SE,6747,6868,6852
01-09-2022 23:04,59.9,2.2,2.2,2.8,SE,6735,6865,6849
01-09-2022 23:04,59.9,2.2,2.2,2.8,SE,6668,6784,6767
01-09-2022 23:05,60,2.2,2.2,2.8,SE,6658,6795,6778
01-09-2022 23:05,60,2.2,2,2.8,SE,6666,6796,6781
01-09-2022 23:06,60,2.2,2,2.8,SE,6672,6794,6777
01-09-2022 23:06,60,2.2,2,2.8,SE,6665,6789,6774
01-09-2022 23:07,59.9,2.2,2,2.8,SE,6672,6793,6776
01-09-2022 23:08,59.9,2.4,2,2.8,SE,6665,6783,6765
01-09-2022 23:08,59.8,2.4,2,2.8,SE,6664,6788,6769
01-09-2022 23:09,60,2.4,2,2.8,SE,6654,6792,6773
01-09-2022 23:09,60,2.4,2,2.8,SE,6657,6794,6777
01-09-2022 23:10,59.9,2.4,2,2.8,SE,6665,6795,6773
01-09-2022 23:10,59.9,2.4,2,2.8,SE,6676,6789,6770
01-09-2022 23:11,59.9,2.2,2,2.8,SE,6673,6796,6775
01-09-2022 23:11,59.9,2.2,2,2.8,SE,6675,6790,6769
01-09-2022 23:12,59.9,2.2,2,2.8,SE,6672,6798,6778
01-09-2022 23:12,59.9,2.2,2,2.8,SE,6662,6805,6786
01-09-2022 23:13,59.9,2.4,2,2.8,SE,6663,6803,6787
01-09-2022 23:13,59.9,2.2,2,2.8,SE,6672,6809,6790
01-09-2022 23:14,60,2.4,2,2.8,SE,6666,6803,6783
01-09-2022 23:15,59.9,2.4,2,2.8,SE,6679,6808,6785
01-09-2022 23:16,59.9,2.4,2,2.8,SE,6682,6804,6782
01-09-2022 23:16,60,2.2,2,2.8,SE,6674,6804,6781
01-09-2022 23:17,59.9,2.2,2,2.8,SE,6671,6807,6786
01-09-2022 23:17,59.9,2.4,2,2.8,SE,6663,6806,6782
01-09-2022 23:18,59.9,2.4,2,2.8,SE,6660,6805,6785
01-09-2022 23:18,59.9,2.4,2,2.8,SE,6663,6801,6778
01-09-2022 23:19,60,2.4,2,2.8,SE,6682,6811,6788
01-09-2022 23:20,60,2.2,2,2.8,SE,6679,6813,6791
01-09-2022 23:20,59.9,2.2,2,2.8,SE,6678,6805,6782
01-09-2022 23:21,59.9,2.4,2,2.8,SE,6678,6797,6776
01-09-2022 23:21,59.9,2.2,2,2.8,SE,6680,6806,6787
01-09-2022 23:22,60,2.4,2,2.8,SE,6670,6812,6795
01-09-2022 23:22,59.9,2.4,2,2.8,SE,6666,6810,6794
01-09-2022 23:23,60,2.4,2,2.8,SE,6680,6811,6793
01-09-2022 23:23,59.9,2.4,2,2.8,SE,6680,6807,6786
01-09-2022 23:24,59.9,2.4,2,2.8,SE,6680,6804,6788
01-09-2022 23:24,59.9,2.2,2,2.8,SE,6681,6808,6791
01-09-2022 23:25,60,2.2,2,2.8,SE,6681,6808,6792
01-09-2022 23:25,60,2.2,2,2.8,SE,6672,6806,6795
01-09-2022 23:26,59.9,2.2,2,2.8,SE,6684,6813,6800
01-09-2022 23:27,60,2.2,2,2.8,SE,6689,6820,6802
01-09-2022 23:28,59.9,2.2,2,2.8,SE,6679,6810,6794
01-09-2022 23:28,59.9,2.2,2,2.8,SE,6683,6808,6791
01-09-2022 23:29,59.9,2.2,2,2.8,SE,6690,6818,6801
01-09-2022 23:29,60,2.2,2,2.8,SE,6681,6813,6797
01-09-2022 23:30,60,2.2,2,2.8,SE,6685,6816,6799
01-09-2022 23:31,59.9,2.2,2,2.8,SE,6684,6815,6799
01-09-2022 23:31,59.9,2.2,2,2.8,SE,6693,6820,6805
01-09-2022 23:32,60,2.4,2,2.8,SE,6695,6812,6799
01-09-2022 23:32,60,2.4,2,2.8,SE,6699,6801,6793
01-09-2022 23:33,60,2.4,2,2.8,SE,6694,6821,6806
01-09-2022 23:34,59.9,2.4,2,2.8,SE,6701,6825,6809
01-09-2022 23:34,59.9,2.2,2,2.8,SE,6694,6821,6806
01-09-2022 23:35,59.9,2.2,2,2.8,SE,6692,6825,6811
01-09-2022 23:35,59.9,2.2,2,2.8,SE,6697,6829,6812
01-09-2022 23:36,59.9,2.2,2,2.8,SE,6677,6808,6790
01-09-2022 23:36,59.9,2.2,2,2.8,SE,6677,6811,6793
01-09-2022 23:37,59.9,2.2,2,2.6,SE,6690,6816,6797
01-09-2022 23:37,60,2.2,2,2.8,SE,6681,6813,6794
01-09-2022 23:38,60,2.2,2,2.6,SE,6681,6814,6795
01-09-2022 23:38,59.9,2.2,2,2.6,SE,6682,6814,6794
01-09-2022 23:39,59.9,2.2,2,2.6,SE,6683,6815,6798
01-09-2022 23:40,59.9,2.2,2,2.6,SE,6688,6821,6801
01-09-2022 23:40,59.9,2.4,2,2.6,SE,6695,6823,6806
01-09-2022 23:41,60,2.4,2,2.8,SE,6693,6826,6809
01-09-2022 23:41,59.9,2.4,2,2.8,SE,6701,6827,6814
01-09-2022 23:42,60,2.2,2,2.8,SE,6699,6823,6809
01-09-2022 23:43,60,2.4,2,3,SE,6695,6814,6798
01-09-2022 23:43,59.9,2.4,2,3,SE,6695,6817,6803
01-09-2022 23:44,59.9,2.4,2,3,SE,6683,6820,6808
01-09-2022 23:44,59.9,2.4,2.2,3,SE,6689,6817,6807
01-09-2022 23:45,60,2.4,2.2,3,SE,6689,6817,6807
01-09-2022 23:45,60,2.4,2,3,SE,6692,6818,6807
01-09-2022 23:46,59.9,2.4,2,3,SE,6698,6814,6801
01-09-2022 23:46,60,2.4,2,3,SE,6690,6818,6807
01-09-2022 23:47,59.9,2.4,2,3,SE,6693,6819,6808
01-09-2022 23:47,59.9,2.4,2,3,SE,6689,6816,6807
01-09-2022 23:48,59.9,2.4,2,3,SE,6691,6817,6811
01-09-2022 23:48,59.9,2.4,2,3,SE,6697,6811,6807
01-09-2022 23:49,60,2.2,2,2.8,SE,6686,6821,6816
01-09-2022 23:49,59.9,2.2,2,2.8,SE,6685,6818,6814
01-09-2022 23:50,59.9,2.2,2,2.8,SE,6679,6815,6811
01-09-2022 23:50,59.9,2.2,2,2.8,SE,6680,6815,6811
01-09-2022 23:51,59.9,2.2,2,2.8,SE,6676,6807,6802
01-09-2022 23:52,59.9,2.2,2,2.8,SE,6671,6808,6800
01-09-2022 23:52,59.9,2.2,1.8,2.8,SE,6685,6811,6795
01-09-2022 23:53,59.9,2.2,1.8,2.8,SE,6688,6811,6800
01-09-2022 23:53,60,2.2,2,2.8,SE,6683,6808,6800
01-09-2022 23:54,60,2.2,2,2.8,SE,6672,6813,6802
01-09-2022 23:55,59.9,2.2,2,2.8,SE,6670,6814,6805
01-09-2022 23:55,60,2.2,2,2.8,SE,6673,6818,6809
01-09-2022 23:56,60,2.2,2,2.8,SE,6713,6845,6837
01-09-2022 23:56,59.9,2.2,2,2.8,SE,6710,6837,6826
01-09-2022 23:57,59.9,2.4,2,2.8,SE,6713,6835,6831
01-09-2022 23:57,59.9,2.4,2,2.8,SE,6706,6829,6827
01-09-2022 23:58,59.9,2.4,2,2.8,SE,6703,6831,6827
01-09-2022 23:58,59.9,2.4,2,2.8,SE,6703,6833,6830
01-09-2022 23:59,60,2.4,2,2.8,SE,6712,6837,6836
01-09-2022 23:59,59.9,2.2,1.8,2.8,SE,6715,6835,6832
02-09-2022 00:00,59.9,2.2,2,2.8,SE,6717,6837,6832
02-09-2022 00:00,59.9,2.4,2,2.8,SE,6712,6837,6831
02-09-2022 00:01,60,2.4,2,2.8,SE,6693,6827,6826
02-09-2022 00:01,60,2.4,2,2.8,SE,6708,6832,6825
02-09-2022 00:02,59.9,2.4,2,2.8,SE,6679,6819,6814
02-09-2022 00:02,59.9,2.4,2,2.8,SE,6695,6819,6814
02-09-2022 00:03,59.9,2.4,2.2,2.8,SE,6692,6816,6812
02-09-2022 00:04,59.9,2.4,2.2,2.8,SE,6700,6817,6813
02-09-2022 00:04,59.9,2.4,2.2,2.8,SE,6691,6814,6807
02-09-2022 00:05,59.9,2.4,2.2,2.8,SE,6689,6811,6807
02-09-2022 00:05,59.9,2.4,2,2.8,SE,6688,6818,6815
02-09-2022 00:06,60,2.4,2,2.8,SE,6694,6822,6815
02-09-2022 00:07,59.9,2.4,2,3,SE,6684,6809,6804
02-09-2022 00:07,59.9,2.4,2,2.8,SE,6688,6814,6810
02-09-2022 00:08,60,2.4,2,3,SE,6689,6815,6813
02-09-2022 00:08,60,2.4,2,2.8,SE,6697,6821,6817
02-09-2022 00:09,60,2.6,2,2.8,SE,6694,6822,6817
02-09-2022 00:09,59.9,2.6,2,2.8,SE,6690,6817,6812
02-09-2022 00:10,59.9,2.6,2,2.8,SE,6696,6817,6812
02-09-2022 00:10,59.9,2.4,2,3,SE,6691,6822,6813
02-09-2022 00:11,60,2.2,2,2.8,SE,6691,6823,6812
02-09-2022 00:11,60,2.2,2,3,SE,6689,6821,6811
02-09-2022 00:12,60,2.2,2,3,SE,6691,6819,6815
02-09-2022 00:12,59.9,2.2,2.2,3,SE,6691,6819,6809
02-09-2022 00:13,59.9,2.2,2,2.8,SE,6691,6816,6807
02-09-2022 00:13,59.9,2.2,2,2.8,SE,6691,6816,6809
02-09-2022 00:14,59.9,2.4,2,2.8,SE,6686,6812,6806
02-09-2022 00:15,59.9,2.4,2,2.8,SE,6687,6813,6806
02-09-2022 00:15,60,2.2,2,3,SE,6690,6813,6809
02-09-2022 00:16,59.9,2.4,2,2.8,SE,6689,6811,6807
02-09-2022 00:16,59.9,2.4,2,2.8,SE,6692,6810,6807
02-09-2022 00:17,60,2.4,2,2.8,SE,6691,6811,6806
02-09-2022 00:17,59.9,2.4,2,2.8,SE,6687,6808,6804
02-09-2022 00:18,59.9,2.4,2,2.8,SE,6687,6808,6804
02-09-2022 00:19,60,2.4,2.2,2.8,SE,6718,6847,6837
02-09-2022 00:19,60,2.4,2,2.8,SE,6721,6846,6839
02-09-2022 00:20,59.9,2.4,2,2.8,SE,6718,6843,6838
02-09-2022 00:20,60,2.2,2,2.8,SE,6722,6847,6844
02-09-2022 00:21,60,2.2,2.2,2.8,SE,6726,6849,6843
02-09-2022 00:21,60,2.2,2.2,2.8,SE,6709,6831,6830
02-09-2022 00:22,60,2.2,2.2,2.8,SE,6698,6824,6821
02-09-2022 00:22,59.9,2.2,2.2,2.8,SE,6689,6815,6812
02-09-2022 00:23,59.9,2.2,2.2,2.8,SE,6690,6816,6816
02-09-2022 00:23,59.9,2.2,2.2,2.8,SE,6696,6824,6824
02-09-2022 00:24,59.9,2.4,2.2,2.8,SE,6692,6822,6820
02-09-2022 00:24,59.9,2.2,2.2,2.8,SE,6694,6822,6820
02-09-2022 00:25,59.9,2.4,2.2,2.8,SE,6683,6810,6809
02-09-2022 00:25,59.9,2.4,2.2,2.8,SE,6685,6814,6813
02-09-2022 00:26,60,2.4,2,2.8,SE,6686,6814,6811
02-09-2022 00:27,60,2.4,2,2.8,SE,6683,6812,6808
02-09-2022 00:27,59.9,2.4,2,2.8,SE,6680,6808,6805
02-09-2022 00:28,59.9,2.4,2.2,2.8,SE,6683,6812,6809
02-09-2022 00:28,60,2.4,2.2,2.8,SE,6690,6818,6816
02-09-2022 00:29,60,2.4,2.2,2.8,SE,6693,6818,6818
02-09-2022 00:29,60,2.4,2.2,2.8,SE,6682,6811,6808
02-09-2022 00:30,59.9,2.4,2.2,2.8,SE,6681,6808,6805
02-09-2022 00:31,59.9,2.4,2.2,2.8,SE,6690,6816,6811
02-09-2022 00:31,59.9,2.4,2.2,2.8,SE,6688,6813,6809
02-09-2022 00:32,60,2.6,2.2,2.8,SE,6684,6810,6804
02-09-2022 00:32,60,2.4,2.2,2.8,SE,6691,6816,6810
02-09-2022 00:33,59.9,2.4,2.2,2.8,SE,6686,6809,6802
02-09-2022 00:33,59.8,2.4,2.2,2.8,SE,6682,6805,6799
02-09-2022 00:34,60,2.4,2.2,2.8,SE,6694,6818,6814
02-09-2022 00:34,60,2.4,2.2,2.8,SE,6686,6808,6807
02-09-2022 00:35,60,2.4,2.2,2.8,SE,6682,6806,6804
02-09-2022 00:35,60,2.4,2.2,2.8,SE,6710,6835,6833
02-09-2022 00:36,59.9,2.4,2.2,2.8,SE,6706,6831,6833
02-09-2022 00:36,59.9,2.4,2.2,2.8,SE,6709,6832,6831
02-09-2022 00:37,60,2.6,2.2,2.8,SE,6648,6773,6771
02-09-2022 00:37,60,2.6,2.2,2.8,SE,6645,6769,6768
02-09-2022 00:38,59.8,2.4,2.2,2.8,SE,6613,6738,6735
02-09-2022 00:39,59.8,2.4,2,2.8,SE,6613,6740,6737
02-09-2022 00:39,60,2.4,2,2.8,SE,6620,6748,6745
02-09-2022 00:40,60,2.6,2,2.8,SE,6617,6745,6742
02-09-2022 00:40,60,2.4,2,2.8,SE,6628,6761,6751
02-09-2022 00:41,60,2.4,2,2.8,SE,6617,6741,6738
02-09-2022 00:41,59.9,2.4,2,2.8,SE,6609,6735,6733
02-09-2022 00:42,60,2.4,2,2.8,SE,6619,6744,6743
02-09-2022 00:43,59.9,2.4,2,2.8,SE,6631,6754,6752
02-09-2022 00:43,59.9,2.4,2,2.8,SE,6614,6737,6736
02-09-2022 00:44,59.8,2.4,2,2.8,SE,6611,6734,6738
02-09-2022 00:45,60,2.4,2,2.8,SE,6611,6733,6732
02-09-2022 00:45,59.9,2.4,2.2,2.8,SE,6606,6730,6728
02-09-2022 00:46,59.9,2.4,2.2,2.8,SE,6599,6725,6722
02-09-2022 00:46,59.9,2.4,2.2,2.8,SE,6616,6742,6740
02-09-2022 00:47,60,2.4,2.2,2.8,SE,6610,6735,6735
02-09-2022 00:47,60,2.4,2.2,2.8,SE,6612,6738,6737
02-09-2022 00:48,59.9,2.4,2.2,2.8,SE,6602,6725,6726
02-09-2022 00:48,59.8,2.4,2.2,2.8,SE,6608,6730,6729
02-09-2022 00:49,59.9,2.4,2.2,2.8,SE,6616,6740,6738
02-09-2022 00:50,59.9,2.2,2.2,2.8,SE,6618,6739,6738
02-09-2022 00:51,59.9,2.2,2.2,2.8,SE,6605,6727,6723
02-09-2022 00:51,59.9,2.2,2.2,2.6,SE,6618,6740,6738
02-09-2022 00:52,60,2.2,2.2,2.6,SE,6616,6738,6737
02-09-2022 00:52,60,2.2,2,2.8,SE,6650,6774,6773
02-09-2022 00:53,60,2.4,2,2.6,SE,6647,6772,6772
02-09-2022 00:53,59.9,2.4,2,2.6,SE,6638,6760,6762
02-09-2022 00:54,59.9,2.4,2,2.6,SE,6643,6767,6768
02-09-2022 00:55,60,2.4,2,2.8,SE,6649,6770,6769
02-09-2022 00:55,60,2.4,2,2.8,SE,6638,6757,6755
02-09-2022 00:56,59.8,2.2,2,2.6,SE,6624,6742,6739
02-09-2022 00:56,59.9,2.2,2,2.6,SE,6621,6742,6738
02-09-2022 00:57,60,2.2,2,2.8,SE,6640,6758,6755
02-09-2022 00:57,60,2.2,2.2,2.8,SE,6625,6744,6739
02-09-2022 00:58,60,2.2,2,2.8,SE,6625,6746,6742
02-09-2022 00:58,59.9,2.2,2,2.8,SE,6618,6745,6734
02-09-2022 00:59,59.9,2.2,2,2.8,SE,6637,6761,6754
02-09-2022 00:59,59.9,2.2,2.2,2.8,SE,6619,6743,6737
02-09-2022 01:00,60,2.2,2,2.8,SE,6625,6748,6744
02-09-2022 01:00,60,2.2,2,2.8,SE,6623,6743,6740
02-09-2022 01:01,59.9,2.2,2,2.6,SE,6621,6742,6738
02-09-2022 01:01,60,2.2,2.2,2.8,SE,6631,6750,6749
02-09-2022 01:02,60,2.2,2,2.8,SE,6627,6746,6744
02-09-2022 01:03,60,2.2,2,2.8,SE,6627,6749,6742
02-09-2022 01:03,59.9,2.2,2,2.6,SE,6623,6741,6736
02-09-2022 01:04,60,2.2,2,2.6,SE,6632,6751,6748
02-09-2022 01:04,60,2.2,2,2.8,SE,6654,6774,6774
02-09-2022 01:05,60,2.2,2.2,2.8,SE,6659,6780,6776
02-09-2022 01:05,60,2.2,2,2.8,SE,6656,6774,6772
02-09-2022 01:06,60,2.2,2,2.6,SE,6652,6771,6768
02-09-2022 01:07,59.9,2.2,2,2.6,SE,6654,6771,6770
02-09-2022 01:07,59.9,2.2,2,2.6,SE,6640,6760,6759
02-09-2022 01:08,60,2.2,2,2.6,SE,6629,6746,6744
02-09-2022 01:08,60,2.2,2,2.6,SE,6631,6751,6748
02-09-2022 01:09,59.9,2.2,2,2.6,SE,6626,6740,6741
02-09-2022 01:09,59.9,2.2,2,2.6,SE,6628,6746,6737
02-09-2022 01:10,60,2.2,2,2.6,SE,6631,6751,6749
02-09-2022 01:11,60,2.2,2,2.6,SE,6635,6757,6757
02-09-2022 01:11,60,2.2,2,2.6,SE,6637,6756,6755
02-09-2022 01:12,60,2.2,2,2.6,SE,6637,6759,6758
02-09-2022 01:13,59.9,2.2,2.2,2.6,SE,6629,6751,6745
02-09-2022 01:13,59.9,2.2,2,2.6,SE,6630,6751,6749
02-09-2022 01:14,59.9,2.2,2,2.6,SE,6626,6747,6745
02-09-2022 01:15,59.9,2.2,2,2.6,SE,6630,6750,6747
02-09-2022 01:15,59.9,2.2,2,2.6,SE,6628,6749,6746
02-09-2022 01:16,59.9,2.2,2,2.6,SE,6634,6755,6751
02-09-2022 01:16,60,2.2,2,2.6,SE,6634,6752,6748
02-09-2022 01:17,60,2.2,2,2.6,SE,6639,6757,6754
02-09-2022 01:17,59.9,2.2,2,2.6,SE,6635,6753,6753
02-09-2022 01:18,59.9,2.2,2,2.6,SE,6633,6753,6752
02-09-2022 01:19,59.9,2.2,2,2.6,SE,6636,6756,6757
02-09-2022 01:19,59.9,2.2,2,2.6,SE,6635,6757,6757
02-09-2022 01:20,60,2.2,2,2.6,SE,6632,6755,6756
02-09-2022 01:20,60,2.2,2,2.6,SE,6635,6757,6760
02-09-2022 01:21,60,2.2,2,2.6,SE,6638,6760,6760
02-09-2022 01:21,59.9,2.2,2,2.6,SE,6638,6761,6761
02-09-2022 01:22,59.9,2.2,2,2.6,SE,6632,6753,6752
02-09-2022 01:22,59.9,2.2,2,2.6,SE,6633,6755,6754
02-09-2022 01:23,60,2.4,2,2.6,SE,6633,6757,6758
02-09-2022 01:23,60,2.2,2,2.6,SE,6644,6768,6768
02-09-2022 01:24,60,2.2,2,2.6,SE,6643,6767,6768
02-09-2022 01:24,60,2.2,2,2.6,SE,6639,6763,6763
02-09-2022 01:25,60,2.4,2,2.6,SE,6644,6765,6768
02-09-2022 01:25,60,2.4,2,2.6,SE,6643,6764,6767
02-09-2022 01:26,60,2.2,2,2.8,SE,6639,6758,6762
02-09-2022 01:27,60,2.2,2,2.8,SE,6646,6765,6770
02-09-2022 01:27,60,2.4,2,2.8,SE,6669,6791,6790
02-09-2022 01:28,59.9,2.4,2.2,2.8,SE,6671,6790,6790
02-09-2022 01:28,60,2.4,2.2,2.8,SE,6670,6793,6793
02-09-2022 01:29,60,2.4,2,2.8,SE,6672,6790,6793
02-09-2022 01:29,60,2.2,2.2,2.6,SE,6675,6795,6796
02-09-2022 01:31,60,2.2,2,2.6,SE,6667,6787,6789
02-09-2022 01:31,59.9,2.2,2,2.6,SE,6667,6786,6788
02-09-2022 01:32,59.9,2.2,2,2.6,SE,6659,6780,6783
02-09-2022 01:32,59.9,2.2,2,2.6,SE,6662,6783,6786
02-09-2022 01:33,60,2.2,2,2.6,SE,6671,6791,6792
02-09-2022 01:33,60,2.4,2,2.6,SE,6667,6789,6788
02-09-2022 01:34,59.9,2.4,2,2.6,SE,6661,6783,6781
02-09-2022 01:34,59.9,2.4,2,2.6,SE,6661,6783,6781
02-09-2022 01:35,59.9,2.4,2,2.8,SE,6647,6767,6766
02-09-2022 01:35,59.9,2.4,2,2.8,SE,6643,6763,6763
02-09-2022 01:36,59.9,2.4,2,2.8,SE,6633,6753,6753
02-09-2022 01:36,59.9,2.4,2,2.8,SE,6629,6750,6757
02-09-2022 01:37,60,2.4,2,2.8,SE,6633,6757,6754
02-09-2022 01:38,59.9,2.4,2,2.8,SE,6623,6748,6746
02-09-2022 01:39,59.9,2.4,2,2.6,SE,6625,6741,6744
02-09-2022 01:39,59.9,2.4,2,2.6,SE,6626,6746,6747
02-09-2022 01:40,59.9,2.2,2,2.6,SE,6630,6749,6750
02-09-2022 01:40,59.9,2.2,2.2,2.6,SE,6620,6741,6740
02-09-2022 01:41,60,2.2,2.2,2.6,SE,6625,6745,6747
02-09-2022 01:41,60,2.2,2.2,2.6,SE,6618,6744,6739
02-09-2022 01:42,60,2.2,2.2,2.6,SE,6625,6745,6743
02-09-2022 01:43,59.9,2.4,2,2.8,SE,6626,6747,6747
02-09-2022 01:43,59.9,2.2,2,2.8,SE,6629,6749,6751
02-09-2022 01:44,59.9,2.2,2,2.8,SE,6625,6747,6749
02-09-2022 01:44,59.9,2.2,2,2.8,SE,6633,6753,6756
02-09-2022 01:45,59.9,2.4,2,2.8,SE,6630,6749,6753
02-09-2022 01:45,59.9,2.4,2,2.8,SE,6635,6751,6754
02-09-2022 01:46,60,2.4,2,2.8,SE,6627,6752,6749
02-09-2022 01:46,60,2.4,2,2.8,SE,6631,6750,6753
02-09-2022 01:47,60,2.4,2,2.8,SE,6639,6759,6761
02-09-2022 01:47,59.9,2.2,2,2.6,SE,6636,6754,6756
02-09-2022 01:48,60,2.2,2,2.6,SE,6638,6755,6755
02-09-2022 01:48,60,2.2,2,2.6,SE,6668,6785,6789
02-09-2022 01:49,60,2.2,2,2.6,SE,6664,6783,6784
02-09-2022 01:49,60,2.2,2,2.6,SE,6664,6781,6781
02-09-2022 01:50,60,2.2,2,2.6,SE,6662,6780,6781
02-09-2022 01:51,59.9,2.2,2.2,2.8,SE,6659,6776,6780
02-09-2022 01:51,59.9,2.2,2.2,2.8,SE,6634,6754,6756
02-09-2022 01:52,59.9,2.2,2.2,2.8,SE,6640,6760,6762
02-09-2022 01:52,60,2.2,2.2,2.8,SE,6632,6752,6753
02-09-2022 01:53,60,2.2,2.2,2.8,SE,6633,6754,6756
02-09-2022 01:54,59.9,2.2,2,2.6,SE,6631,6753,6753
02-09-2022 01:54,59.9,2.2,2,2.6,SE,6637,6757,6757
02-09-2022 01:55,59.9,2.2,2,2.6,SE,6631,6751,6753
02-09-2022 01:56,60,2.2,2,2.6,SE,6633,6752,6754
02-09-2022 01:56,60,2.2,2,2.6,SE,6631,6749,6751
02-09-2022 01:57,59.9,2.2,2,2.6,SE,6629,6749,6748
02-09-2022 01:57,59.9,2.2,2,2.6,SE,6630,6749,6749
02-09-2022 01:58,60,2.2,2,2.6,SE,6634,6751,6752
02-09-2022 01:58,59.9,2.2,2,2.6,SE,6630,6749,6749
02-09-2022 01:59,59.9,2.4,2,2.6,SE,6626,6748,6745
02-09-2022 01:59,59.9,2.2,2,2.6,SE,6630,6750,6748
02-09-2022 02:00,59.9,2.2,2.2,2.6,SE,6641,6763,6759
02-09-2022 02:00,59.9,2.2,2.2,2.6,SE,6647,6767,6764
02-09-2022 02:01,59.9,2.2,2,2.6,SE,6628,6749,6747
02-09-2022 02:01,59.9,2.2,2,2.6,SE,6627,6748,6750
02-09-2022 02:02,60,2.2,2,2.6,SE,6627,6745,6747
02-09-2022 02:03,60,2.2,2,2.6,SE,6631,6749,6749
02-09-2022 02:03,60,2.2,2,2.6,SE,6643,6761,6760
02-09-2022 02:04,60,2.2,1.8,2.6,SE,6641,6758,6758
02-09-2022 02:04,60,2.2,1.8,2.6,SE,6669,6789,6788
02-09-2022 02:05,60,2.2,1.8,2.6,SE,6668,6789,6789
02-09-2022 02:06,60,2.2,1.8,2.6,SE,6670,6792,6792
02-09-2022 02:06,60,2.2,1.8,2.6,SE,6670,6791,6789
02-09-2022 02:07,59.9,2.2,1.8,2.6,SE,6668,6788,6784
02-09-2022 02:07,59.9,2.2,2,2.6,SE,6642,6764,6762
02-09-2022 02:08,60,2.2,2,2.6,SE,6650,6769,6767
02-09-2022 02:08,60,2.2,2,2.6,SE,6656,6776,6775
02-09-2022 02:09,60,2.2,2.2,2.6,SE,6634,6755,6755
02-09-2022 02:09,60,2.2,2.2,2.6,SE,6647,6767,6765
02-09-2022 02:10,59.9,2.2,2,2.6,SE,6630,6753,6749
02-09-2022 02:10,59.9,2.2,2,2.6,SE,6635,6756,6752
02-09-2022 02:11,59.9,2.2,2.2,2.6,SE,6631,6755,6750
02-09-2022 02:11,59.9,2.2,2,2.6,SE,6633,6758,6751
02-09-2022 02:12,60,2.2,2,2.6,SE,6634,6758,6755
02-09-2022 02:12,60,2.2,2,2.6,SE,6635,6759,6756
02-09-2022 02:13,60,2.2,2,2.6,SE,6658,6779,6777
02-09-2022 02:13,60,2.2,2,2.6,SE,6637,6757,6758
02-09-2022 02:14,59.9,2.2,2,2.6,SE,6642,6762,6763
02-09-2022 02:15,59.8,2.2,2,2.6,SE,6630,6751,6752
02-09-2022 02:15,59.9,2.2,2,2.6,SE,6632,6753,6756
02-09-2022 02:16,59.9,2.2,2,2.6,SE,6637,6758,6758
02-09-2022 02:16,60,2.2,2,2.6,SE,6657,6779,6780
02-09-2022 02:17,60,2.2,2,2.6,SE,6662,6785,6785
02-09-2022 02:18,60,2.2,2,2.6,SE,6659,6779,6780
02-09-2022 02:18,60,2.2,2,2.6,SE,6664,6785,6784
02-09-2022 02:19,59.9,2.2,2,2.6,SE,6650,6772,6771
02-09-2022 02:19,59.9,2.2,2,2.6,SE,6645,6768,6768
02-09-2022 02:20,60,2.2,2,2.6,SE,6645,6766,6766
02-09-2022 02:20,60,2.2,2,2.6,SE,6649,6770,6770
02-09-2022 02:21,59.9,2.2,2.2,2.6,SE,6642,6763,6763
02-09-2022 02:21,59.9,2.2,2.2,2.6,SE,6640,6761,6761
02-09-2022 02:22,60,2.2,2.2,2.6,SE,6645,6765,6766
02-09-2022 02:22,60,2.2,2.2,2.6,SE,6642,6763,6763
02-09-2022 02:23,59.9,2.2,2.2,2.6,SE,6649,6769,6769
02-09-2022 02:23,59.9,2.2,2.2,2.6,SE,6632,6752,6753
02-09-2022 02:24,59.9,2.2,2,2.6,SE,6643,6763,6765
02-09-2022 02:24,59.9,2.4,2,2.6,SE,6641,6761,6761
02-09-2022 02:25,59.9,2.4,2,2.6,SE,6636,6754,6755
02-09-2022 02:26,59.9,2.4,2,2.6,SE,6641,6763,6761
02-09-2022 02:26,60,2.4,2,2.6,SE,6639,6758,6758
02-09-2022 02:27,60,2.4,2.2,2.6,SE,6642,6763,6763
02-09-2022 02:27,59.9,2,2,2.6,SE,6634,6752,6757
02-09-2022 02:28,59.9,2.2,2,2.6,SE,6644,6766,6768
02-09-2022 02:28,60,2.2,2,2.8,SE,6642,6765,6769
02-09-2022 02:29,60,2.2,2,2.6,SE,6638,6762,6764
02-09-2022 02:30,59.9,2.2,2,2.6,SE,6632,6756,6758
02-09-2022 02:30,60,2.2,2,2.6,SE,6641,6761,6764
02-09-2022 02:31,60,2.2,2,2.6,SE,6642,6764,6765
02-09-2022 02:31,60,2.2,2,2.6,SE,6653,6774,6777
02-09-2022 02:32,59.9,2.2,2,2.6,SE,6629,6749,6754
02-09-2022 02:32,59.9,2.2,2,2.6,SE,6633,6754,6754
02-09-2022 02:33,59.9,2.2,2,2.6,SE,6639,6760,6761
02-09-2022 02:33,59.9,2,2,2.6,SE,6630,6756,6757
02-09-2022 02:34,59.9,2.2,2,2.6,SE,6629,6753,6754
02-09-2022 02:34,59.9,2.2,2,2.6,SE,6631,6755,6755
02-09-2022 02:35,59.9,2.2,2,2.6,SE,6632,6755,6754
02-09-2022 02:35,60,2.2,2,2.6,SE,6631,6754,6753
02-09-2022 02:36,59.9,2.2,2,2.6,SE,6634,6756,6750
02-09-2022 02:36,60,2.2,2,2.6,SE,6658,6781,6776
02-09-2022 02:37,59.9,2.2,2,2.6,SE,6635,6757,6754
02-09-2022 02:38,59.9,2.2,2,2.6,SE,6630,6753,6752
02-09-2022 02:38,59.9,2,2,2.6,SE,6633,6758,6753
02-09-2022 02:39,59.9,2,2,2.6,SE,6643,6764,6763
02-09-2022 02:39,60,2,2,2.6,SE,6669,6790,6790
02-09-2022 02:40,60,2.2,2,2.6,SE,6665,6784,6787
02-09-2022 02:40,59.9,2.2,2,2.6,SE,6625,6746,6745
02-09-2022 02:41,59.9,2,2,2.8,SE,6632,6756,6753
02-09-2022 02:42,60,2.2,2,2.8,SE,6662,6786,6782
02-09-2022 02:42,60,2.2,2,2.8,SE,6665,6787,6785
02-09-2022 02:43,59.9,2.2,2,2.8,SE,6665,6785,6784
02-09-2022 02:44,60,2.2,2,2.8,SE,6669,6788,6785
02-09-2022 02:44,60,2.2,2,2.8,SE,6672,6792,6791
02-09-2022 02:45,60,2.2,2,2.8,SE,6667,6789,6787
02-09-2022 02:45,59.9,2.2,2,2.8,SE,6665,6786,6784
02-09-2022 02:46,59.9,2.2,2,2.6,SE,6660,6783,6778
02-09-2022 02:46,59.9,2.2,2,2.6,SE,6659,6782,6776
02-09-2022 02:47,60,2.2,2,2.8,SE,6666,6787,6785
02-09-2022 02:47,60,2.2,2,2.8,SE,6662,6784,6781
02-09-2022 02:48,59.9,2.2,2,2.6,SE,6664,6785,6780
02-09-2022 02:48,59.9,2.2,2,2.6,SE,6665,6787,6783
02-09-2022 02:49,60,2.2,2.2,2.8,SE,6665,6789,6786
02-09-2022 02:50,60,2.2,2.2,2.8,SE,6666,6790,6786
02-09-2022 02:50,60,2.2,2.2,2.6,SE,6649,6773,6768
02-09-2022 02:51,59.9,2.2,2.2,2.8,SE,6641,6763,6760
02-09-2022 02:51,59.9,2.2,2.2,2.6,SE,6635,6755,6753
02-09-2022 02:52,59.8,2.2,2,2.6,SE,6625,6745,6743
02-09-2022 02:52,60,2.2,2,2.6,SE,6637,6760,6761
02-09-2022 02:53,60,2.2,2,2.6,SE,6642,6761,6763
02-09-2022 02:54,60,2.2,2,2.6,SE,6634,6760,6758
02-09-2022 02:54,60,2.2,2,2.6,SE,6640,6762,6761
02-09-2022 02:55,60,2.2,2,2.6,SE,6636,6764,6757
02-09-2022 02:55,60,2.2,2,2.6,SE,6649,6772,6766
02-09-2022 02:56,59.9,2.2,2,2.6,SE,6639,6767,6759
02-09-2022 02:56,59.9,2.2,2,2.6,SE,6640,6764,6762
02-09-2022 02:57,59.8,2.2,2,2.6,SE,6630,6754,6749
02-09-2022 02:57,59.8,2.2,2,2.6,SE,6631,6756,6752
02-09-2022 02:58,59.9,2.2,2,2.6,SE,6638,6762,6764
02-09-2022 02:58,59.9,2.2,2,2.6,SE,6635,6758,6759
02-09-2022 02:59,59.9,2.2,2,2.6,SE,6642,6764,6763
02-09-2022 02:59,59.9,2.2,2,2.6,SE,6632,6755,6756
02-09-2022 03:00,60,2,2,2.6,SE,6639,6765,6754
02-09-2022 03:00,60,2,2,2.6,SE,6635,6761,6759
02-09-2022 03:01,59.9,2,2,2.6,SE,6633,6760,6758
02-09-2022 03:02,59.9,2,2,2.6,SE,6635,6761,6758
02-09-2022 03:02,60,2,2,2.6,SE,6669,6794,6790
02-09-2022 03:03,60,2,2,2.6,SE,6670,6797,6790
02-09-2022 03:03,60,2,2,2.6,SE,6665,6790,6784
02-09-2022 03:04,60,2,2,2.6,SE,6667,6791,6784
02-09-2022 03:04,59.9,2,2,2.6,SE,6652,6776,6769
02-09-2022 03:05,59.9,2,2,2.6,SE,6642,6768,6763
02-09-2022 03:06,59.9,2.2,2,2.6,SE,6647,6772,6768
02-09-2022 03:06,60,2,2,2.6,SE,6672,6795,6791
02-09-2022 03:07,59.9,2.2,2,2.6,SE,6642,6767,6762
02-09-2022 03:07,60,2.2,2,2.6,SE,6648,6769,6766
02-09-2022 03:08,59.9,2.2,2,2.6,SE,6639,6762,6758
02-09-2022 03:08,59.9,2.2,2,2.6,SE,6639,6761,6759
02-09-2022 03:09,60,2.2,2,2.6,SE,6644,6768,6764
02-09-2022 03:09,60,2.2,2,2.6,SE,6639,6763,6760
02-09-2022 03:10,60,2.2,2,2.6,SE,6646,6771,6767
02-09-2022 03:10,60,2.2,2,2.6,SE,6643,6768,6763
02-09-2022 03:11,59.9,2.2,2,2.6,SE,6632,6758,6748
02-09-2022 03:11,59.9,2.2,2,2.6,SE,6642,6766,6764
02-09-2022 03:12,60,2.2,2,2.6,SE,6638,6762,6759
02-09-2022 03:12,60,2.2,2,2.6,SE,6647,6772,6770
02-09-2022 03:13,59.9,2.2,2,2.6,SE,6631,6757,6760
02-09-2022 03:14,59.9,2.2,2,2.6,SE,6636,6762,6760
02-09-2022 03:14,59.9,2.2,2,2.6,SE,6638,6762,6761
02-09-2022 03:15,60,2.2,2.2,2.6,SE,6641,6765,6763
02-09-2022 03:15,60,2.2,2,2.6,SE,6636,6757,6758
02-09-2022 03:16,59.9,2.2,2,2.6,SE,6641,6762,6761
02-09-2022 03:16,59.9,2.2,2,2.6,SE,6638,6758,6755
02-09-2022 03:17,59.9,2.2,2,2.6,SE,6642,6760,6757
02-09-2022 03:18,59.9,2.2,2,2.6,SE,6643,6762,6761
02-09-2022 03:18,59.9,2.2,2,2.6,SE,6642,6765,6762
02-09-2022 03:19,59.9,2,2.2,2.6,SE,6643,6765,6764
02-09-2022 03:19,59.9,2,2.2,2.6,SE,6645,6766,6763
02-09-2022 03:20,59.9,2,2.2,2.6,SE,6673,6796,6791
02-09-2022 03:20,59.9,2,2.2,2.6,SE,6669,6789,6788
02-09-2022 03:21,60,2,2,2.6,SE,6676,6797,6793
02-09-2022 03:21,60,2,2,2.6,SE,6676,6798,6795
02-09-2022 03:22,59.9,2,2,2.6,SE,6649,6771,6769
02-09-2022 03:22,59.9,2,2,2.6,SE,6649,6771,6765
02-09-2022 03:23,59.8,2.2,2,2.6,SE,6650,6772,6764
02-09-2022 03:23,59.8,2.2,2,2.6,SE,6634,6757,6753
02-09-2022 03:24,59.9,2.4,2,2.6,SE,6641,6763,6758
02-09-2022 03:24,60,2.4,2,2.6,SE,6652,6769,6768
02-09-2022 03:25,60,2.4,2,2.6,SE,6647,6770,6765
02-09-2022 03:26,59.9,2.2,2,2.6,SE,6645,6769,6762
02-09-2022 03:26,59.9,2.2,2,2.6,SE,6651,6773,6768
02-09-2022 03:27,59.9,2.2,2,2.6,SE,6648,6774,6766
02-09-2022 03:27,60,2,2,2.6,SE,6662,6788,6778
02-09-2022 03:28,60,2.2,2,2.6,SE,6656,6782,6775
02-09-2022 03:28,60,2.2,2,2.6,SE,6654,6779,6773
02-09-2022 03:29,60,2.2,2,2.6,SE,6646,6770,6764
02-09-2022 03:30,60,2.2,2.2,2.6,SE,6653,6777,6770
02-09-2022 03:30,60,2.2,2.2,2.6,SE,6661,6783,6779
02-09-2022 03:31,59.9,2.2,2.2,2.6,SE,6680,6801,6794
02-09-2022 03:31,59.9,2.2,2.2,2.6,SE,6670,6795,6788
02-09-2022 03:32,59.9,2.2,2,2.6,SE,6671,6794,6786
02-09-2022 03:32,59.8,2,2,2.6,SE,6670,6795,6788
02-09-2022 03:33,60,2.2,2,2.6,SE,6668,6789,6784
02-09-2022 03:33,60,2.2,2,2.6,SE,6659,6781,6776
02-09-2022 03:34,60.1,2.2,2,2.6,SE,6656,6779,6772
02-09-2022 03:34,60,2.2,2,2.6,SE,6659,6781,6776
02-09-2022 03:35,60,2.2,2,2.6,SE,6660,6782,6776
02-09-2022 03:35,60,2.2,2,2.6,SE,6651,6775,6769
02-09-2022 03:36,59.9,2,2,2.6,SE,6647,6770,6765
02-09-2022 03:36,59.9,2,2,2.6,SE,6644,6768,6759
02-09-2022 03:37,59.9,2.2,2,2.8,SE,6652,6776,6771
02-09-2022 03:38,59.9,2.2,2,2.8,SE,6650,6777,6767
02-09-2022 03:38,59.9,2.2,2,2.8,SE,6644,6772,6763
02-09-2022 03:39,59.9,2.2,2,2.8,SE,6642,6768,6762
02-09-2022 03:39,60,2.2,2,2.8,SE,6655,6781,6775
02-09-2022 03:40,60,2.2,2,2.6,SE,6650,6775,6770
02-09-2022 03:40,59.9,2,2,2.6,SE,6649,6775,6767
02-09-2022 03:41,59.9,2,2,2.6,SE,6649,6773,6768
02-09-2022 03:42,59.9,2,2,2.6,SE,6644,6771,6764
02-09-2022 03:42,59.9,2,2,2.6,SE,6647,6773,6767
02-09-2022 03:43,59.9,2.2,2,2.6,SE,6651,6775,6771
02-09-2022 03:43,59.9,2.2,2,2.6,SE,6650,6775,6770
02-09-2022 03:44,59.9,2.2,2,2.6,SE,6654,6779,6773
02-09-2022 03:44,60,2.2,2,2.6,SE,6652,6778,6772
02-09-2022 03:45,60,2.2,2,2.6,SE,6661,6787,6781
02-09-2022 03:45,60,2.2,2,2.6,SE,6646,6772,6765
02-09-2022 03:46,59.9,2.2,2,2.6,SE,6653,6777,6771
02-09-2022 03:46,59.9,2.2,2,2.6,SE,6649,6774,6766
02-09-2022 03:47,59.9,2,2,2.6,SE,6655,6779,6772
02-09-2022 03:47,59.9,2,2,2.6,SE,6651,6777,6766
02-09-2022 03:48,59.9,2.2,2,2.6,SE,6651,6775,6773
02-09-2022 03:49,60,2.2,2,2.6,SE,6661,6786,6779
02-09-2022 03:50,60,2.2,2,2.6,SE,6662,6788,6782
02-09-2022 03:50,60,2,2,2.6,SE,6685,6809,6803
02-09-2022 03:51,60,2,2,2.6,SE,6659,6783,6778
02-09-2022 03:51,60,2,2,2.6,SE,6665,6787,6784
02-09-2022 03:52,60,2,2,2.6,SE,6663,6788,6784
02-09-2022 03:52,60,2.2,2,2.6,SE,6687,6814,6804
02-09-2022 03:53,59.9,2.2,2,2.6,SE,6664,6791,6782
02-09-2022 03:54,59.9,2.2,2,2.6,SE,6652,6776,6772
02-09-2022 03:54,59.9,2.2,2,2.6,SE,6653,6779,6774
02-09-2022 03:55,59.9,2.2,2,2.6,SE,6657,6782,6777
02-09-2022 03:55,60,2.2,2,2.6,SE,6653,6779,6773
02-09-2022 03:56,60,2.2,2,2.6,SE,6685,6811,6803
02-09-2022 03:56,60,2,2,2.6,SE,6685,6812,6804
02-09-2022 03:57,60.1,2,2,2.6,SE,6692,6816,6811
02-09-2022 03:57,60,2,2,2.6,SE,6692,6815,6809
02-09-2022 03:58,60,2,2,2.6,SE,6693,6816,6810
02-09-2022 03:58,60,2,2,2.6,SE,6696,6820,6811
02-09-2022 03:59,60,2,2,2.6,SE,6692,6816,6807
02-09-2022 03:59,60,2,2,2.6,SE,6691,6813,6806
02-09-2022 04:00,60,2,2,2.6,SE,6693,6816,6806
02-09-2022 04:00,60,2,2,2.6,SE,6691,6814,6805
02-09-2022 04:01,60.1,2,2,2.6,SE,6693,6817,6808
02-09-2022 04:02,60.1,2,2,2.6,SE,6694,6817,6808
02-09-2022 04:02,60,2,2,2.6,SE,6693,6819,6808
02-09-2022 04:03,60,2.2,2,2.6,SE,6691,6811,6805
02-09-2022 04:03,60,2,2,2.6,SE,6693,6819,6803
02-09-2022 04:04,60,2,2,2.6,SE,6693,6816,6810
02-09-2022 04:05,60,2.2,2,2.6,SE,6664,6788,6780
02-09-2022 04:05,60,2.2,2,2.6,SE,6661,6791,6783
02-09-2022 04:06,60,2.2,2.2,2.8,SE,6660,6785,6780
02-09-2022 04:07,59.9,2.2,2,2.6,SE,6652,6781,6771
02-09-2022 04:07,60,2.2,2,2.6,SE,6668,6790,6784
02-09-2022 04:08,59.9,2.2,2,2.6,SE,6660,6783,6775
02-09-2022 04:08,59.9,2.2,2,2.6,SE,6652,6775,6769
02-09-2022 04:09,59.9,2.2,2,2.6,SE,6652,6777,6771
02-09-2022 04:09,59.9,2.2,2.2,2.6,SE,6651,6777,6771
02-09-2022 04:10,59.9,2,2,2.6,SE,6657,6782,6771
02-09-2022 04:10,59.9,2,2,2.6,SE,6659,6786,6777
02-09-2022 04:11,59.9,2.2,2,2.6,SE,6658,6784,6777
02-09-2022 04:11,60,2.2,2,2.6,SE,6653,6776,6772
02-09-2022 04:12,59.9,2.2,2,2.6,SE,6653,6777,6771
02-09-2022 04:12,60,2.2,2,2.6,SE,6659,6785,6776
02-09-2022 04:13,60,2.2,2,2.6,SE,6659,6788,6779
02-09-2022 04:14,59.9,2.2,2,2.6,SE,6648,6774,6767
02-09-2022 04:14,59.9,2.2,2,2.6,SE,6652,6777,6767
02-09-2022 04:15,59.9,2.2,2,2.6,SE,6654,6780,6773
02-09-2022 04:15,59.9,2.2,2,2.6,SE,6658,6780,6776
02-09-2022 04:16,60,2.2,2,2.6,SE,6657,6780,6776
02-09-2022 04:17,60,2.2,2,2.6,SE,6660,6783,6773
02-09-2022 04:17,60,2.2,2,2.8,SE,6672,6793,6786
02-09-2022 04:18,60,2.2,2,2.8,SE,6687,6815,6806
02-09-2022 04:18,60,2.2,2,2.8,SE,6684,6812,6806
02-09-2022 04:19,60,2.2,2,2.8,SE,6688,6815,6805
02-09-2022 04:19,60,2.2,2,2.8,SE,6690,6815,6805
02-09-2022 04:20,60,2.2,2,2.6,SE,6666,6792,6783
02-09-2022 04:20,59.9,2.2,2,2.6,SE,6654,6779,6773
02-09-2022 04:21,60,2.2,2,2.6,SE,6671,6793,6786
02-09-2022 04:21,60,2.2,2,2.6,SE,6667,6789,6781
02-09-2022 04:22,59.9,2.2,2,2.6,SE,6663,6785,6779
02-09-2022 04:22,60,2.2,2,2.6,SE,6665,6787,6782
02-09-2022 04:23,60,2.2,2,2.6,SE,6678,6798,6794
02-09-2022 04:23,60,2.2,2,2.6,SE,6660,6784,6776
02-09-2022 04:24,60,2.2,2,2.6,SE,6664,6786,6779
02-09-2022 04:24,60,2.2,2,2.6,SE,6674,6793,6789
02-09-2022 04:25,59.9,2.2,2,2.6,SE,6657,6781,6771
02-09-2022 04:26,59.9,2.2,2,2.6,SE,6663,6784,6777
02-09-2022 04:27,59.9,2.2,2,2.6,SE,6667,6786,6781
02-09-2022 04:27,59.9,2.2,2,2.6,SE,6676,6796,6790
02-09-2022 04:28,59.9,2.2,2,2.6,SE,6660,6782,6777
02-09-2022 04:29,59.9,2.2,2,2.6,SE,6656,6777,6771
02-09-2022 04:29,59.9,2.2,2,2.6,SE,6669,6789,6785
02-09-2022 04:30,59.9,2.2,2,2.6,SE,6664,6784,6779
02-09-2022 04:30,60,2.2,2,2.6,SE,6677,6797,6791
02-09-2022 04:31,59.9,2.2,2,2.6,SE,6670,6791,6785
02-09-2022 04:32,60,2.4,2.2,2.8,SE,6670,6792,6787
02-09-2022 04:32,59.9,2.4,2,2.8,SE,6673,6793,6787
02-09-2022 04:33,59.9,2.2,2,2.8,SE,6665,6786,6782
02-09-2022 04:33,60,2.2,2,2.8,SE,6680,6803,6797
02-09-2022 04:34,60,2.2,2,2.6,SE,6695,6819,6811
02-09-2022 04:34,60,2.2,2,2.6,SE,6697,6821,6813
02-09-2022 04:35,60,2.2,2,2.6,SE,6695,6819,6811
02-09-2022 04:35,60,2.2,2,3,SE,6687,6808,6804
02-09-2022 04:36,60,2.4,2,3,SE,6692,6814,6808
02-09-2022 04:37,60,2.4,2,3,SE,6676,6791,6789
02-09-2022 04:37,59.9,2.4,2.2,3,SE,6668,6776,6777
02-09-2022 04:38,59.9,2.4,2,3,SE,6674,6792,6789
02-09-2022 04:38,59.9,2.4,2,3,SE,6666,6783,6777
02-09-2022 04:39,59.9,2.2,2,3,SE,6667,6785,6780
02-09-2022 04:39,60,2.2,2.2,3,SE,6675,6796,6789
02-09-2022 04:40,59.9,2.2,2,3,SE,6673,6795,6787
02-09-2022 04:41,59.9,2.2,2,3,SE,6662,6781,6777
02-09-2022 04:41,59.9,2.2,2,3,SE,6660,6782,6778
02-09-2022 04:42,59.9,2.2,2,2.6,SE,6667,6778,6781
02-09-2022 04:42,59.9,2.2,2,2.6,SE,6663,6780,6781
02-09-2022 04:43,59.9,2.2,2,2.6,SE,6665,6782,6781
02-09-2022 04:43,59.9,2.2,2,2.6,SE,6663,6781,6780
02-09-2022 04:44,59.9,2.2,2,2.6,SE,6658,6770,6769
02-09-2022 04:44,59.9,2.2,2,2.6,SE,6655,6767,6765
02-09-2022 04:45,60,2,2,2.6,SE,6694,6800,6796
02-09-2022 04:45,60,2.2,2,2.6,SE,6699,6803,6801
02-09-2022 04:46,59.9,2,2,2.6,SE,6696,6816,6808
02-09-2022 04:46,59.9,2,2.2,2.8,SE,6690,6810,6806
02-09-2022 04:47,59.9,2,2.2,2.6,SE,6686,6806,6802
02-09-2022 04:47,59.9,2,2.2,2.6,SE,6670,6790,6786
02-09-2022 04:48,59.9,2,2.2,2.6,SE,6667,6788,6783
02-09-2022 04:49,59.9,2,2.2,2.6,SE,6668,6788,6783
02-09-2022 04:49,59.9,2.2,2,2.6,SE,6666,6785,6785
02-09-2022 04:50,59.9,2.2,2,2.6,SE,6665,6786,6779
02-09-2022 04:50,59.9,2.2,2,2.6,SE,6663,6782,6780
02-09-2022 04:51,59.9,2.4,2,2.6,SE,6662,6781,6780
02-09-2022 04:51,59.9,2.2,2,2.6,SE,6664,6787,6784
02-09-2022 04:52,60,2.2,2,2.6,SE,6679,6798,6798
02-09-2022 04:53,59.9,2,2,2.6,SE,6669,6787,6786
02-09-2022 04:53,59.9,2.2,2,2.6,SE,6668,6786,6785
02-09-2022 04:54,59.9,2.2,2,2.6,SE,6669,6788,6785
02-09-2022 04:54,60,2.2,2,2.6,SE,6670,6789,6788
02-09-2022 04:55,60,2.2,2,2.6,SE,6671,6788,6785
02-09-2022 04:55,59.9,2.2,2,2.6,SE,6666,6783,6780
02-09-2022 04:56,59.9,2.2,2,2.6,SE,6670,6790,6787
02-09-2022 04:56,59.9,2.2,2,2.6,SE,6670,6789,6785
02-09-2022 04:57,59.9,2.2,2,2.6,SE,6668,6787,6783
02-09-2022 04:57,59.9,2.2,2,2.6,SE,6671,6789,6786
02-09-2022 04:58,60,2.2,2,2.6,SE,6674,6791,6788
02-09-2022 04:58,60,2,2,2.6,SE,6666,6795,6782
02-09-2022 04:59,60,2,2,2.6,SE,6675,6797,6790
02-09-2022 04:59,60,2,2,2.6,SE,6674,6794,6789
02-09-2022 05:00,59.9,2,2,2.6,SE,6662,6781,6774
02-09-2022 05:01,59.9,2,2,2.6,SE,6658,6780,6769
02-09-2022 05:01,59.9,2,2,2.6,SE,6672,6785,6774
02-09-2022 05:02,59.9,2.2,2,2.6,SE,6663,6776,6767
02-09-2022 05:02,60,2.2,2,2.6,SE,6674,6785,6775
02-09-2022 05:03,60,2.2,2,2.8,SE,6663,6780,6770
02-09-2022 05:03,60,2,2,2.8,SE,6667,6782,6774
02-09-2022 05:04,60,2,2,2.8,SE,6668,6784,6775
02-09-2022 05:05,60,2,2,2.8,SE,6663,6782,6771
02-09-2022 05:05,60,2,2,2.8,SE,6700,6812,6804
02-09-2022 05:06,59.9,2,2,2.8,SE,6665,6782,6772
02-09-2022 05:06,59.9,2,2,2.8,SE,6667,6780,6769
02-09-2022 05:07,59.9,2,2,2.6,SE,6665,6783,6774
02-09-2022 05:07,60,2,2.2,2.8,SE,6669,6787,6778
02-09-2022 05:08,59.9,2.2,2,2.8,SE,6664,6779,6771
02-09-2022 05:08,59.9,2,2,2.8,SE,6660,6775,6767
02-09-2022 05:09,59.9,2,2,2.8,SE,6692,6807,6796
02-09-2022 05:09,59.9,2,2,2.8,SE,6679,6810,6799
02-09-2022 05:10,59.9,2,2,2.8,SE,6687,6810,6801
02-09-2022 05:10,59.9,2,2,2.8,SE,6683,6806,6796
02-09-2022 05:11,59.9,2,2,2.6,SE,6686,6806,6796
02-09-2022 05:11,59.9,2,2,2.6,SE,6694,6810,6803
02-09-2022 05:12,59.9,2,2,2.6,SE,6687,6809,6801
02-09-2022 05:13,60,2,2,2.6,SE,6688,6808,6802
02-09-2022 05:13,59.9,2,2,2.6,SE,6679,6800,6794
02-09-2022 05:14,59.9,2,2,2.6,SE,6678,6798,6792
02-09-2022 05:14,59.9,2,2,2.6,SE,6687,6803,6791
02-09-2022 05:15,60,2,2,2.6,SE,6687,6805,6797
02-09-2022 05:15,60,2,2,2.6,SE,6698,6812,6807
02-09-2022 05:16,59.9,2,2,2.6,SE,6686,6808,6802
02-09-2022 05:17,60,2,2.2,2.8,SE,6672,6791,6785
02-09-2022 05:17,60,2,2.2,2.6,SE,6674,6785,6778
02-09-2022 05:18,60,2.2,2.2,2.6,SE,6662,6788,6784
02-09-2022 05:18,59.9,2.2,2.2,2.6,SE,6647,6772,6766
02-09-2022 05:19,59.9,2.2,2.2,2.8,SE,6647,6769,6780
02-09-2022 05:19,59.9,2.2,2.2,2.6,SE,6668,6789,6782
02-09-2022 05:20,59.9,2.2,2,2.6,SE,6657,6767,6766
02-09-2022 05:20,59.9,2.2,2.2,2.6,SE,6658,6771,6767
02-09-2022 05:21,59.9,2.2,2,2.6,SE,6649,6766,6759
02-09-2022 05:21,59.9,2.2,2,2.6,SE,6659,6775,6771
02-09-2022 05:22,60,2.4,2,2.6,SE,6634,6775,6765
02-09-2022 05:22,59.9,2.4,2,2.6,SE,6630,6775,6765
02-09-2022 05:23,59.9,2.2,2,2.6,SE,6647,6769,6765
02-09-2022 05:23,59.9,2.2,2,2.6,SE,6658,6775,6772
02-09-2022 05:24,60,2.2,2,2.6,SE,6670,6790,6785
02-09-2022 05:25,60,2.2,2,2.6,SE,6668,6788,6784
02-09-2022 05:25,60,2.2,2,2.6,SE,6661,6779,6774
02-09-2022 05:26,60,2.2,2,2.8,SE,6657,6774,6770
02-09-2022 05:26,60,2.2,2,2.8,SE,6648,6778,6775
02-09-2022 05:27,59.9,2.2,2,2.8,SE,6660,6785,6780
02-09-2022 05:27,59.9,2.2,2,2.8,SE,6658,6772,6767
02-09-2022 05:28,59.9,2.2,2,2.8,SE,6666,6779,6770
02-09-2022 05:29,59.9,2.2,2,2.8,SE,6654,6783,6770
02-09-2022 05:29,59.9,2.2,2,2.6,SE,6667,6786,6778
02-09-2022 05:30,59.9,2.2,2,2.6,SE,6676,6805,6789
02-09-2022 05:30,59.9,2.2,2,2.6,SE,6679,6807,6792
02-09-2022 05:31,59.9,2.2,2,2.6,SE,6686,6808,6795
02-09-2022 05:31,60,2.2,2,2.6,SE,6680,6810,6795
02-09-2022 05:32,60,2.2,2,2.6,SE,6654,6792,6768
02-09-2022 05:32,60,2.2,2,2.6,SE,6638,6784,6762
02-09-2022 05:33,60,2.2,2.2,2.6,SE,6671,6792,6784
02-09-2022 05:33,60,2.2,2.2,2.6,SE,6660,6780,6770
02-09-2022 05:34,59.9,2.2,2.2,2.6,SE,6654,6782,6771
02-09-2022 05:34,59.8,2.2,2,2.6,SE,6651,6772,6764
02-09-2022 05:35,59.8,2.2,2,2.6,SE,6633,6768,6759
02-09-2022 05:35,59.9,2.2,2,2.6,SE,6637,6763,6755
02-09-2022 05:36,59.9,2.2,2,2.6,SE,6660,6782,6774
02-09-2022 05:37,59.9,2.2,2,2.6,SE,6648,6770,6759
02-09-2022 05:37,59.9,2.2,2,2.6,SE,6642,6764,6755
02-09-2022 05:38,59.9,2.2,2,2.6,SE,6646,6766,6755
02-09-2022 05:38,60,2.2,2,2.6,SE,6655,6778,6768
02-09-2022 05:39,60,2.2,2,2.6,SE,6650,6769,6757
02-09-2022 05:39,59.9,2.2,2,2.6,SE,6663,6774,6767
02-09-2022 05:40,59.9,2.2,2,2.6,SE,6657,6774,6766
02-09-2022 05:41,59.9,2.2,2,2.6,SE,6638,6770,6758
02-09-2022 05:41,59.9,2.2,2,2.6,SE,6638,6768,6758
02-09-2022 05:42,59.9,2.2,2,2.6,SE,6625,6747,6741
02-09-2022 05:42,59.9,2.2,2,2.6,SE,6632,6754,6749
02-09-2022 05:43,59.9,2.2,2,2.6,SE,6640,6756,6753
02-09-2022 05:43,59.9,2.2,2,2.6,SE,6631,6757,6744
02-09-2022 05:44,59.9,2.2,2,2.6,SE,6644,6753,6748
02-09-2022 05:44,60,2.2,2,2.6,SE,6638,6746,6745
02-09-2022 05:45,60,2.2,2,2.6,SE,6647,6756,6753
02-09-2022 05:45,60,2.2,2,2.6,SE,6670,6782,6776
02-09-2022 05:46,60,2.2,2.2,2.6,SE,6660,6782,6769
02-09-2022 05:46,60,2.2,2.2,2.6,SE,6663,6774,6769
02-09-2022 05:47,59.9,2.2,2.2,2.6,SE,6648,6781,6770
02-09-2022 05:47,59.9,2.2,2.2,2.6,SE,6659,6787,6778
02-09-2022 05:48,60,2.2,2,2.6,SE,6656,6770,6761
02-09-2022 05:49,60,2.2,2,2.6,SE,6650,6763,6757
02-09-2022 05:49,59.9,2.2,2,2.6,SE,6635,6744,6745
02-09-2022 05:50,59.9,2.2,2,2.8,SE,6633,6751,6748
02-09-2022 05:50,60,2.2,2,2.8,SE,6663,6763,6764
02-09-2022 05:51,60,2.2,2,2.8,SE,6656,6764,6764
02-09-2022 05:51,59.9,2.2,2,2.8,SE,6649,6761,6763
02-09-2022 05:52,60,2.2,2,2.8,SE,6648,6754,6754
02-09-2022 05:53,60,2.2,2,2.8,SE,6646,6746,6750
02-09-2022 05:53,60,2.2,2,2.6,SE,6644,6749,6756
02-09-2022 05:54,60,2.2,2,2.6,SE,6630,6763,6755
02-09-2022 05:54,59.9,2.2,2,2.6,SE,6629,6760,6751
02-09-2022 05:55,59.9,2.2,2,2.8,SE,6654,6767,6759
02-09-2022 05:55,59.9,2.2,2,2.6,SE,6651,6771,6764
02-09-2022 05:56,59.9,2.2,2,2.6,SE,6662,6767,6760
02-09-2022 05:56,59.9,2.2,2,2.6,SE,6650,6764,6757
02-09-2022 05:57,59.9,2.2,2,2.6,SE,6647,6774,6765
02-09-2022 05:57,59.9,2.2,2,2.6,SE,6646,6771,6765
02-09-2022 05:58,59.9,2.2,2,2.6,SE,6672,6795,6791
02-09-2022 05:58,59.9,2.2,2,2.6,SE,6675,6800,6795
02-09-2022 05:59,60,2.2,2,2.6,SE,6698,6802,6794
02-09-2022 05:59,60,2.2,2,2.6,SE,6691,6800,6794
02-09-2022 06:00,59.9,2.2,2,2.6,SE,6679,6798,6789
02-09-2022 06:01,59.9,2.2,2,2.6,SE,6666,6787,6781
02-09-2022 06:01,59.9,2.2,2,2.6,SE,6646,6769,6760
02-09-2022 06:02,59.9,2.2,2,2.6,SE,6645,6771,6764
02-09-2022 06:02,59.9,2.2,2,2.6,SE,6657,6776,6766
02-09-2022 06:03,59.9,2.2,2,2.6,SE,6655,6771,6756
02-09-2022 06:03,59.9,2.2,2,2.6,SE,6648,6759,6750
02-09-2022 06:04,59.8,2.2,2,2.6,SE,6628,6763,6751
02-09-2022 06:05,60,2.2,2,2.6,SE,6610,6776,6760
02-09-2022 06:05,60,2.2,2,2.6,SE,6622,6778,6766
02-09-2022 06:06,60,2.2,2,2.6,SE,6640,6766,6754
02-09-2022 06:06,59.9,2.2,2,2.6,SE,6649,6773,6756
02-09-2022 06:07,59.9,2.2,2,2.6,SE,6633,6764,6753
02-09-2022 06:07,59.9,2.2,2,2.6,SE,6645,6775,6754
02-09-2022 06:08,59.9,2.2,2,2.6,SE,6639,6769,6755
02-09-2022 06:08,59.9,2.2,2,2.6,SE,6643,6770,6761
02-09-2022 06:09,59.9,2.2,2,2.6,SE,6649,6776,6766
02-09-2022 06:09,60,2.2,2,2.6,SE,6650,6766,6750
02-09-2022 06:10,59.9,2.2,2,2.6,SE,6652,6768,6759
02-09-2022 06:10,59.9,2.2,2,2.6,SE,6651,6748,6743
02-09-2022 06:11,60,2.2,2,2.6,SE,6636,6766,6763
02-09-2022 06:11,60,2.2,2,2.6,SE,6628,6758,6752
02-09-2022 06:12,60,2.2,2,2.6,SE,6635,6764,6754
02-09-2022 06:13,60,2.2,2,2.6,SE,6629,6758,6749
02-09-2022 06:13,60,2.2,2,2.6,SE,6651,6764,6753
02-09-2022 06:14,59.9,2.2,2,2.6,SE,6647,6757,6750
02-09-2022 06:14,59.9,2.2,2.2,2.8,SE,6646,6762,6756
02-09-2022 06:15,60,2.2,2.2,2.6,SE,6646,6763,6759
02-09-2022 06:16,59.9,2.2,2,2.6,SE,6660,6773,6763
02-09-2022 06:16,59.9,2.2,2,2.6,SE,6641,6761,6754
02-09-2022 06:17,59.9,2.2,2,2.6,SE,6623,6754,6745
02-09-2022 06:17,59.9,2.2,2,2.6,SE,6627,6752,6737
02-09-2022 06:18,60,2.2,2,2.6,SE,6660,6758,6751
02-09-2022 06:18,60,2.2,2,2.6,SE,6646,6768,6763
02-09-2022 06:19,59.9,2.2,2,2.6,SE,6651,6766,6763
02-09-2022 06:19,59.9,2.2,2,2.6,SE,6652,6750,6749
02-09-2022 06:20,59.9,2.2,2,2.6,SE,6661,6761,6749
02-09-2022 06:20,60,2.2,1.8,2.6,SE,6650,6760,6749
02-09-2022 06:21,60,2.2,1.8,2.8,SE,6657,6773,6766
02-09-2022 06:21,60,2.2,1.8,2.8,SE,6650,6775,6769
02-09-2022 06:22,60,2.2,1.8,2.8,SE,6669,6788,6783
02-09-2022 06:22,60,2.2,2,2.8,SE,6666,6783,6776
02-09-2022 06:23,59.9,2.2,2,2.8,SE,6656,6783,6774
02-09-2022 06:23,59.9,2.2,2,2.6,SE,6672,6791,6785
02-09-2022 06:24,59.9,2.2,2,2.6,SE,6674,6794,6791
02-09-2022 06:25,59.9,2.2,2,2.6,SE,6669,6791,6787
02-09-2022 06:25,59.9,2.2,2,2.6,SE,6684,6789,6782
02-09-2022 06:26,59.9,2.2,2,2.6,SE,6677,6792,6784
02-09-2022 06:26,60,2.2,2,2.6,SE,6665,6790,6785
02-09-2022 06:27,59.9,2.2,2,2.6,SE,6661,6789,6782
02-09-2022 06:28,60,2.2,2,2.6,SE,6680,6781,6783
02-09-2022 06:28,60,2.2,2,2.6,SE,6689,6791,6786
02-09-2022 06:29,60,2.2,2,2.6,SE,6687,6796,6788
02-09-2022 06:29,60,2.2,1.8,2.6,SE,6684,6791,6786
02-09-2022 06:30,59.9,2.2,1.8,2.6,SE,6647,6767,6760
02-09-2022 06:30,59.9,2.2,1.8,2.6,SE,6632,6760,6757
02-09-2022 06:31,60,2.2,1.8,2.6,SE,6646,6764,6761
02-09-2022 06:31,60,2.2,1.8,2.6,SE,6646,6765,6747
02-09-2022 06:32,60,2.2,1.8,2.6,SE,6647,6763,6758
02-09-2022 06:32,60,2.2,1.8,2.6,SE,6631,6778,6775
02-09-2022 06:33,59.9,2.2,1.8,2.6,SE,6652,6752,6752
02-09-2022 06:33,59.9,2.2,1.8,2.6,SE,6638,6757,6758
02-09-2022 06:34,59.9,2.2,1.8,2.6,SE,6639,6759,6755
02-09-2022 06:34,59.9,2.2,1.8,2.6,SE,6637,6758,6753
02-09-2022 06:35,59.8,2.2,1.8,2.6,SE,6633,6755,6748
02-09-2022 06:35,59.9,2.2,1.8,2.6,SE,6624,6761,6749
02-09-2022 06:36,60,2.2,2,2.6,SE,6619,6743,6749
02-09-2022 06:37,60,2.2,2,2.6,SE,6616,6758,6759
02-09-2022 06:37,60,2.2,2,2.6,SE,6637,6744,6750
02-09-2022 06:38,59.9,2.2,2,2.6,SE,6635,6746,6738
02-09-2022 06:38,59.9,2.2,2,2.6,SE,6639,6763,6755
02-09-2022 06:39,59.9,2.2,2,2.6,SE,6650,6769,6764
02-09-2022 06:40,59.8,2.2,2,2.6,SE,6625,6746,6737
02-09-2022 06:40,59.8,2.2,2,2.6,SE,6616,6737,6727
02-09-2022 06:41,60,2.2,2,2.6,SE,6626,6748,6740
02-09-2022 06:41,60,2.2,2,2.6,SE,6618,6754,6745
02-09-2022 06:42,59.9,2.2,2,2.6,SE,6628,6757,6747
02-09-2022 06:42,60,2.2,2,2.6,SE,6642,6761,6758
02-09-2022 06:43,60,2.2,2,2.6,SE,6637,6756,6751
02-09-2022 06:43,60,2.4,2,2.6,SE,6640,6750,6745
02-09-2022 06:44,60,2.2,2,2.6,SE,6657,6788,6781
02-09-2022 06:45,60,2.4,2,2.6,SE,6655,6788,6782
02-09-2022 06:45,59.9,2.2,2,2.6,SE,6663,6777,6771
02-09-2022 06:46,60,2.2,2.2,2.6,SE,6640,6761,6752
02-09-2022 06:46,60,2.2,2,2.6,SE,6644,6763,6747
02-09-2022 06:47,59.9,2.2,2,2.6,SE,6637,6770,6761
02-09-2022 06:48,59.9,2.2,2,2.6,SE,6609,6765,6753
02-09-2022 06:48,59.9,2.4,2,2.6,SE,6622,6756,6746
02-09-2022 06:49,60,2.4,2.2,2.6,SE,6635,6738,6740
02-09-2022 06:49,59.9,2.4,2.2,2.6,SE,6631,6749,6744
02-09-2022 06:50,59.9,2.6,2.2,2.6,SE,6625,6746,6745
02-09-2022 06:50,60,2.6,2.2,2.6,SE,6625,6760,6753
02-09-2022 06:51,60,2.4,2.4,2.8,SE,6642,6752,6747
02-09-2022 06:52,60,2.4,2.4,2.8,SE,6645,6753,6749
02-09-2022 06:53,60,2.6,2.4,2.8,SE,6637,6759,6754
02-09-2022 06:53,60,2.6,2.2,2.6,SE,6633,6747,6738
02-09-2022 06:54,60,2.6,2.2,2.6,SE,6639,6747,6740
02-09-2022 06:54,59.9,2.6,2.4,2.8,SE,6635,6747,6740
02-09-2022 06:55,59.8,2.4,2.4,2.8,SE,6626,6738,6741
02-09-2022 06:55,59.9,2.4,2.2,2.8,SE,6622,6750,6743
02-09-2022 06:56,60,2.4,2.2,2.8,SE,6602,6741,6731
02-09-2022 06:56,60,2.4,2.2,2.8,SE,6608,6756,6743
02-09-2022 06:57,60,2.4,2.2,2.8,SE,6611,6751,6743
02-09-2022 06:57,60,2.4,2.2,2.8,SE,6632,6748,6740
02-09-2022 06:58,60,2.4,2.2,2.8,SE,6622,6745,6739
02-09-2022 06:59,59.9,2.4,2.2,2.6,SE,6626,6736,6728
02-09-2022 07:00,59.9,2.4,2.2,2.8,SE,6616,6733,6727
02-09-2022 07:00,59.9,2.4,2,2.6,SE,6658,6749,6746
02-09-2022 07:01,59.9,2.4,2.2,2.6,SE,6648,6759,6754
02-09-2022 07:01,59.9,2.4,2.2,2.8,SE,6622,6765,6757
02-09-2022 07:02,59.9,2.4,2,2.8,SE,6640,6758,6754
02-09-2022 07:02,59.9,2.4,2,2.8,SE,6617,6740,6736
02-09-2022 07:03,59.9,2.4,2,2.8,SE,6603,6743,6734
02-09-2022 07:04,59.9,2.4,2.2,2.8,SE,6619,6741,6734
02-09-2022 07:04,59.9,2.6,2.2,2.8,SE,6616,6741,6729
02-09-2022 07:05,59.9,2.6,2.2,2.8,SE,6627,6736,6728
02-09-2022 07:05,59.9,2.4,2.2,2.8,SE,6623,6727,6721
02-09-2022 07:06,59.9,2.4,2.2,2.8,SE,6637,6720,6719
02-09-2022 07:06,59.9,2.4,2.2,2.6,SE,6625,6726,6724
02-09-2022 07:07,60,2.4,2.2,2.8,SE,6600,6732,6730
02-09-2022 07:07,59.9,2.4,2.2,2.8,SE,6609,6723,6715
02-09-2022 07:08,60,2.4,2.2,2.8,SE,6634,6735,6719
02-09-2022 07:08,60,2.4,2.2,2.8,SE,6627,6729,6720
02-09-2022 07:09,60,2.4,2.2,2.8,SE,6618,6733,6729
02-09-2022 07:10,59.9,2.6,2.2,2.8,SE,6604,6714,6711
02-09-2022 07:10,59.9,2.6,2.2,2.8,SE,6608,6718,6712
02-09-2022 07:11,59.9,2.6,2.2,2.6,SE,6602,6699,6694
02-09-2022 07:12,59.9,2.6,2.2,2.6,SE,6610,6710,6702
02-09-2022 07:12,59.9,2.6,2.2,2.6,SE,6592,6720,6706
02-09-2022 07:13,59.9,2.6,2,2.6,SE,6631,6742,6703
02-09-2022 07:13,59.9,2.6,2.2,2.8,SE,6631,6751,6741
02-09-2022 07:14,59.9,2.6,2.2,2.8,SE,6626,6748,6736
02-09-2022 07:14,59.9,2.4,2.2,2.8,SE,6617,6748,6735
02-09-2022 07:15,59.9,2.4,2.2,2.8,SE,6601,6737,6727
02-09-2022 07:16,59.9,2.6,2.2,2.8,SE,6603,6721,6713
02-09-2022 07:16,59.9,2.6,2.4,2.8,SE,6594,6712,6705
02-09-2022 07:17,59.9,2.6,2.2,2.8,SE,6604,6719,6710
02-09-2022 07:17,59.9,2.6,2.2,2.8,SE,6612,6699,6700
02-09-2022 07:18,59.9,2.6,2.2,2.8,SE,6604,6711,6707
02-09-2022 07:18,60,2.6,2.2,2.6,SE,6611,6709,6708
02-09-2022 07:19,60,2.6,2.2,2.6,SE,6605,6703,6700
02-09-2022 07:19,60,2.4,2.2,2.6,SE,6598,6705,6699
02-09-2022 07:20,60,2.6,2.2,2.6,SE,6608,6723,6721
02-09-2022 07:20,60,2.6,2.2,2.6,SE,6579,6700,6695
02-09-2022 07:21,60,2.6,2.2,2.6,SE,6612,6716,6711
02-09-2022 07:21,60,2.6,2.2,2.6,SE,6591,6708,6708
02-09-2022 07:22,59.9,2.4,2,2.6,SE,6607,6722,6716
02-09-2022 07:22,59.9,2.4,2,2.6,SE,6590,6721,6712
02-09-2022 07:23,60,2.4,2,2.6,SE,6582,6719,6708
02-09-2022 07:24,60,2.4,2,2.6,SE,6589,6719,6711
02-09-2022 07:24,60,2.4,2.2,2.6,SE,6603,6712,6706
02-09-2022 07:25,60,2.4,2,2.6,SE,6607,6717,6715
02-09-2022 07:25,59.9,2.4,2,2.8,SE,6609,6711,6704
02-09-2022 07:26,59.9,2.6,2,2.8,SE,6609,6732,6723
02-09-2022 07:26,60,2.6,2.2,2.8,SE,6612,6729,6722
02-09-2022 07:27,59.9,2.6,2,2.8,SE,6613,6735,6726
02-09-2022 07:28,60,2.6,2,2.8,SE,6599,6734,6727
02-09-2022 07:28,59.9,2.6,2,2.8,SE,6603,6735,6724
02-09-2022 07:29,60,2.6,2,2.8,SE,6611,6722,6717
02-09-2022 07:29,60,2.6,2,2.8,SE,6606,6725,6717
02-09-2022 07:30,60,2.6,2.2,2.8,SE,6601,6729,6716
02-09-2022 07:30,60,2.6,2.2,2.8,SE,6625,6732,6716
02-09-2022 07:31,59.9,2.6,2.2,2.8,SE,6591,6721,6708
02-09-2022 07:31,60,2.6,2,2.8,SE,6609,6731,6721
02-09-2022 07:32,60,2.6,2.2,2.8,SE,6598,6728,6716
02-09-2022 07:32,60,2.6,2.2,2.8,SE,6601,6728,6716
02-09-2022 07:33,59.9,2.4,2.2,2.8,SE,6600,6720,6706
02-09-2022 07:33,59.9,2.4,2.2,2.8,SE,6599,6726,6710
02-09-2022 07:34,59.9,2.4,2.2,2.8,SE,6586,6714,6700
02-09-2022 07:34,59.9,2.4,2.2,2.8,SE,6621,6740,6728
02-09-2022 07:35,60,2.6,2.2,2.8,SE,6625,6737,6725
02-09-2022 07:36,60,2.6,2.2,2.8,SE,6633,6746,6734
02-09-2022 07:36,60,2.6,2.2,2.8,SE,6624,6741,6731
02-09-2022 07:37,59.9,2.6,2.2,2.8,SE,6622,6732,6719
02-09-2022 07:37,59.9,2.4,2,2.8,SE,6593,6716,6703
02-09-2022 07:38,59.9,2.4,2.2,2.8,SE,6592,6707,6691
02-09-2022 07:38,59.9,2.4,2,2.8,SE,6585,6703,6695
02-09-2022 07:39,59.9,2.6,2,2.8,SE,6577,6704,6694
02-09-2022 07:40,59.9,2.4,2,2.8,SE,6575,6707,6697
02-09-2022 07:40,59.9,2.6,2,2.8,SE,6585,6700,6693
02-09-2022 07:41,59.8,3,2.6,3.2,SE,6588,6711,6703
02-09-2022 07:41,59.8,2.4,2,2.8,SE,6594,6711,6699
02-09-2022 07:42,60,2.4,2,2.8,SE,6623,6746,6733
02-09-2022 07:42,60,2.4,2,2.8,SE,6628,6748,6735
02-09-2022 07:43,60,2.4,2.2,2.8,SE,6631,6744,6730
02-09-2022 07:43,59.9,2.4,2.2,2.8,SE,6619,6743,6733
02-09-2022 07:44,60,2.4,2.2,2.8,SE,6634,6759,6743
02-09-2022 07:44,60,2.4,2.2,2.8,SE,6636,6764,6749
02-09-2022 07:45,60,2.4,2.2,2.8,SE,6625,6766,6747
02-09-2022 07:45,60,2.4,2.2,2.8,SE,6621,6752,6735
02-09-2022 07:46,59.9,2.4,2.4,2.8,SE,6622,6753,6733
02-09-2022 07:46,60,2.4,2.2,2.8,SE,6635,6748,6728
02-09-2022 07:47,60,2.4,2.2,2.8,SE,6627,6745,6728
02-09-2022 07:48,60,2.4,2.2,2.8,SE,6630,6738,6719
02-09-2022 07:48,59.9,2.8,2.4,3,SE,6612,6731,6712
02-09-2022 07:49,59.9,2.4,2.2,2.8,SE,6594,6737,6722
02-09-2022 07:50,59.9,2.4,2.2,2.8,SE,6584,6715,6699
02-09-2022 07:50,59.9,2.4,2,2.8,SE,6586,6695,6681
02-09-2022 07:52,60,2.4,2.2,2.8,SE,6588,6706,6687
02-09-2022 07:52,60,2.4,2.2,2.8,SE,6568,6695,6681
02-09-2022 07:53,59.9,2.4,2.2,2.8,SE,6587,6711,6696
02-09-2022 07:53,59.9,2.4,2.2,2.8,SE,6573,6695,6680
02-09-2022 07:54,59.9,2.6,2.2,2.8,SE,6656,6778,6765
02-09-2022 07:54,59.9,2.6,2.2,2.8,SE,6648,6768,6760
02-09-2022 07:55,60,2.6,2.2,2.8,SE,6652,6768,6754
02-09-2022 07:56,60,2.6,2.2,2.8,SE,6643,6770,6753
02-09-2022 07:56,60,2.6,2.2,2.8,SE,6638,6767,6746
02-09-2022 07:57,59.9,2.6,2.2,2.8,SE,6650,6759,6738
02-09-2022 07:57,59.9,2.6,2.2,2.8,SE,6647,6761,6738
02-09-2022 07:58,59.9,2.4,2.2,2.8,SE,6617,6734,6718
02-09-2022 07:58,59.9,2.4,2.2,2.8,SE,6605,6735,6720
02-09-2022 07:59,59.9,2.4,2.2,2.8,SE,6604,6734,6714
02-09-2022 08:00,59.8,2.4,2.2,2.8,SE,6630,6753,6735
02-09-2022 08:01,59.9,2.4,2.2,2.8,SE,6622,6746,6723
02-09-2022 08:01,59.9,2.4,2.2,2.8,SE,6624,6744,6726
02-09-2022 08:02,59.9,2.4,2.2,2.8,SE,6614,6736,6720
02-09-2022 08:02,59.9,2.4,2.2,2.8,SE,6615,6730,6716
02-09-2022 08:03,59.9,2.4,2.2,2.8,SE,6595,6717,6700
02-09-2022 08:04,60,2.4,2.2,2.8,SE,6604,6724,6707
02-09-2022 08:04,59.9,2.6,2.2,2.8,SE,6596,6711,6693
02-09-2022 08:05,59.9,2.4,2,2.8,SE,6624,6740,6725
02-09-2022 08:05,59.9,2.4,2,2.8,SE,6640,6755,6740
02-09-2022 08:06,60,2.4,2.2,2.8,SE,6641,6761,6742
02-09-2022 08:06,60,2.4,2.2,2.8,SE,6646,6752,6729
02-09-2022 08:07,60,2.4,2.2,2.8,SE,6568,6737,6710
02-09-2022 08:08,59.9,2.4,2.4,2.8,SE,6615,6740,6724
02-09-2022 08:09,60,2.6,2.2,2.8,SE,6704,6808,6792
02-09-2022 08:09,60,2.6,2.2,2.8,SE,6700,6829,6809
02-09-2022 08:10,59.9,2.6,2.4,3,SE,6706,6825,6808
02-09-2022 08:11,60,2.4,2.2,3,SE,6715,6823,6799
02-09-2022 08:12,60,2.4,2.4,3,SE,6710,6827,6805
02-09-2022 08:12,60,2.4,2.4,2.8,SE,6661,6796,6775
02-09-2022 08:13,60,2.4,2.4,2.8,SE,6687,6811,6794
02-09-2022 08:13,60,2.4,2.6,3,SE,6685,6805,6785
02-09-2022 08:14,60,2.4,2.6,3,SE,6697,6806,6784
02-09-2022 08:14,60,2.4,2.6,3,SE,6725,6824,6799
02-09-2022 08:15,60,2.4,2.4,3,SE,6675,6805,6778
02-09-2022 08:16,59.9,2.4,2.2,2.8,SE,6669,6808,6775
02-09-2022 08:16,59.9,2.4,2,2.8,SE,6661,6796,6768
02-09-2022 08:17,59.9,2.4,2,2.8,SE,6676,6803,6777
02-09-2022 08:17,59.9,2.4,2,2.8,SE,6679,6805,6777
02-09-2022 08:18,60,2.4,2,2.8,SE,6688,6807,6782
02-09-2022 08:18,60,2.4,2,2.8,SE,6670,6790,6764
02-09-2022 08:19,59.9,2.4,2,2.8,SE,6661,6779,6754
02-09-2022 08:19,59.9,2.4,2,2.8,SE,6675,6799,6770
02-09-2022 08:20,60,2.4,2,2.8,SE,6686,6807,6776
02-09-2022 08:20,60,2.4,2,2.8,SE,6701,6808,6779
02-09-2022 08:21,60,2.4,2,2.8,SE,6683,6823,6793
02-09-2022 08:21,60,2.4,2,2.8,SE,6696,6826,6798
02-09-2022 08:22,60,2.4,2.2,3,SE,6684,6814,6781
02-09-2022 08:22,60,2.4,2,2.8,SE,6692,6818,6785
02-09-2022 08:23,59.9,2.4,2,2.8,SE,6681,6795,6757
02-09-2022 08:24,59.8,2.4,2,2.8,SE,6654,6783,6753
02-09-2022 08:25,59.9,2.4,2,2.8,SE,6655,6792,6759
02-09-2022 08:25,60,2.8,2.4,3.2,SE,6682,6803,6773
02-09-2022 08:26,60,2.4,2.2,2.8,SE,6678,6792,6763
02-09-2022 08:27,60,2.4,2.2,2.8,SE,6680,6801,6770
02-09-2022 08:27,60,2.4,2.2,2.8,SE,6660,6776,6747
02-09-2022 08:28,60,2.4,2.2,2.8,SE,6653,6771,6746
02-09-2022 08:28,60,2.4,2.2,2.8,SE,6650,6781,6756
02-09-2022 08:29,60,2.4,2.2,2.8,SE,6669,6770,6748
02-09-2022 08:29,60,2.6,2.2,2.8,SE,6679,6782,6759
02-09-2022 08:30,60,2.6,2,2.8,SE,6662,6784,6757
02-09-2022 08:30,59.9,2.6,2,2.8,SE,6663,6785,6758
02-09-2022 08:31,59.9,2.6,2,2.8,SE,6635,6773,6754
02-09-2022 08:31,60,2.6,2,2.8,SE,6641,6776,6751
02-09-2022 08:32,60,2.4,2,2.8,SE,6643,6768,6743
02-09-2022 08:32,59.9,2.4,2,2.8,SE,6649,6766,6743
02-09-2022 08:33,60,2.4,2,2.8,SE,6668,6784,6760
02-09-2022 08:33,60,2.4,2,2.8,SE,6668,6777,6757
02-09-2022 08:34,60,2.6,2,2.8,SE,6669,6786,6759
02-09-2022 08:34,60,2.6,2,2.8,SE,6667,6780,6757
02-09-2022 08:35,60,2.4,2.2,2.8,SE,6654,6784,6763
02-09-2022 08:36,59.9,2.6,2.2,2.8,SE,6641,6756,6735
02-09-2022 08:36,59.9,2.6,2.2,2.8,SE,6632,6736,6721
02-09-2022 08:37,59.9,2.6,2.2,2.8,SE,6640,6769,6742
02-09-2022 08:37,59.9,2.6,2.2,2.8,SE,6647,6767,6742
02-09-2022 08:38,59.9,2.6,2.2,2.8,SE,6654,6767,6740
02-09-2022 08:39,60,2.4,2.2,2.8,SE,6657,6780,6753
02-09-2022 08:39,60,2.4,2.2,2.8,SE,6647,6784,6759
02-09-2022 08:40,60,2.4,2.4,3,SE,6646,6769,6740
02-09-2022 08:40,60.1,2.4,2.4,3,SE,6640,6765,6737
02-09-2022 08:41,60,2.4,2.4,3,SE,6635,6738,6716
02-09-2022 08:41,60,2.4,2.4,3,SE,6636,6769,6736
02-09-2022 08:42,59.9,2.4,2.4,3,SE,6623,6761,6730
02-09-2022 08:42,60,2.4,2.4,3,SE,6621,6744,6714
02-09-2022 08:43,59.9,3.2,3.2,3.8,SE,6624,6756,6729
02-09-2022 08:43,59.9,2.6,2.2,3,SE,6635,6757,6732
02-09-2022 08:44,59.9,3,2.6,3.2,SE,6637,6758,6730
02-09-2022 08:44,60,2.4,2.2,2.8,SE,6628,6750,6722
02-09-2022 08:45,59.9,2.4,2,2.8,SE,6626,6756,6723
02-09-2022 08:45,59.9,2.4,2,2.8,SE,6626,6745,6721
02-09-2022 08:46,60,2.6,2,2.8,SE,6640,6759,6731
02-09-2022 08:46,60,2.6,2,2.8,SE,6631,6752,6723
02-09-2022 08:47,59.9,2.6,2,3,SE,6611,6758,6727
02-09-2022 08:48,59.9,2.6,2,3,SE,6622,6750,6724
02-09-2022 08:48,59.9,2.6,2,3,SE,6626,6757,6725
02-09-2022 08:49,59.9,2.6,2,3,SE,6626,6753,6720
02-09-2022 08:49,60,3,2.4,3.4,SE,6623,6755,6724
02-09-2022 08:50,60,2.6,2,3,SE,6617,6740,6718
02-09-2022 08:51,59.9,3.2,2.6,3.4,SE,6619,6736,6712
02-09-2022 08:51,59.9,2.6,2.2,3,SE,6605,6731,6701
02-09-2022 08:52,60,2.6,2,3,SE,6673,6812,6774
02-09-2022 08:52,60,2.6,2,3,SE,6719,6849,6817
02-09-2022 08:53,60,2.6,2,3,SE,6720,6854,6826
02-09-2022 08:53,60,2.6,2.2,3,SE,6708,6841,6811
02-09-2022 08:54,59.9,2.6,2.2,3,SE,6674,6817,6783
02-09-2022 08:54,59.9,2.6,2.2,3,SE,6673,6815,6779
02-09-2022 08:55,59.9,2.6,2.2,3,SE,6682,6817,6785
02-09-2022 08:55,59.9,2.6,2.2,3,SE,6688,6817,6785
02-09-2022 08:56,59.9,2.6,2.2,3,SE,6685,6813,6783
02-09-2022 08:56,59.9,2.6,2.2,3,SE,6684,6802,6772
02-09-2022 08:57,60,2.6,2.2,3,SE,6705,6840,6811
02-09-2022 08:57,59.9,2.6,2.2,3,SE,6676,6805,6774
02-09-2022 08:58,59.9,2.6,2.2,3,SE,6676,6802,6771
02-09-2022 08:59,59.9,2.6,2.2,3,SE,6669,6795,6763
02-09-2022 08:59,60,2.6,2.2,3,SE,6674,6797,6769
02-09-2022 09:00,60,2.6,2.2,3,SE,6702,6829,6794
02-09-2022 09:00,59.9,2.6,2,3,SE,6688,6827,6794
02-09-2022 09:01,59.9,2.6,1.8,2.8,SE,6684,6821,6789
02-09-2022 09:01,59.9,2.6,1.8,2.8,SE,6701,6822,6795
02-09-2022 09:02,59.9,2.6,2,2.8,SE,6694,6811,6785
02-09-2022 09:03,59.9,2.6,1.8,2.8,SE,6690,6819,6791
02-09-2022 09:03,60,2.8,2,2.8,SE,6693,6822,6794
02-09-2022 09:04,60,2.8,2,2.8,SE,6679,6817,6787
02-09-2022 09:04,60,2.8,2,3,SE,6687,6814,6786
02-09-2022 09:05,60,2.6,2,3,SE,6690,6803,6775
02-09-2022 09:05,59.8,2.6,2,3,SE,6688,6813,6783
02-09-2022 09:06,60,2.6,2,3,SE,6681,6810,6782
02-09-2022 09:06,60,2.6,2.2,3,SE,6674,6822,6793
02-09-2022 09:07,59.9,2.6,2.2,2.8,SE,6676,6804,6779
02-09-2022 09:07,59.9,2.6,2.2,3,SE,6682,6811,6785
02-09-2022 09:08,60,2.6,2.2,3,SE,6692,6810,6783
02-09-2022 09:08,60,2.6,2.2,3,SE,6695,6811,6788
02-09-2022 09:09,60,2.6,2.2,3,SE,6701,6819,6795
02-09-2022 09:09,60,2.6,2.2,3,SE,6690,6813,6790
02-09-2022 09:10,60,2.6,2.2,3,SE,6677,6808,6781
02-09-2022 09:11,59.9,2.6,2.2,3,SE,6694,6792,6769
02-09-2022 09:11,59.9,2.6,2.2,3,SE,6687,6807,6788
02-09-2022 09:12,59.9,2.6,2.2,3,SE,6695,6809,6789
02-09-2022 09:12,59.9,2.6,2.2,3,SE,6702,6822,6793
02-09-2022 09:13,60,3,2.6,3.4,SE,6701,6818,6788
02-09-2022 09:13,60,2.8,2.2,3.2,SE,6694,6816,6791
02-09-2022 09:14,60,2.8,2.2,3.4,SE,6682,6806,6783
02-09-2022 09:15,59.9,3.2,2.6,3.6,SE,6674,6801,6775
02-09-2022 09:15,59.9,2.8,2.2,3.4,SE,6680,6809,6783
02-09-2022 09:16,60,2.8,2.2,3.4,SE,6697,6790,6775
02-09-2022 09:16,60,2.8,2.2,3.4,SE,6696,6813,6787
02-09-2022 09:17,60,2.8,2,3.2,SE,6682,6803,6777
02-09-2022 09:17,59.9,2.8,2,3.2,SE,6681,6786,6766
02-09-2022 09:18,60,2.8,2,3.2,SE,6669,6788,6764
02-09-2022 09:18,60,2.8,2,3.2,SE,6664,6795,6767
02-09-2022 09:19,60,2.8,2,3.2,SE,6671,6804,6778
02-09-2022 09:19,60,2.6,2,2.8,SE,6684,6812,6789
02-09-2022 09:20,60,2.6,2,2.8,SE,6697,6806,6785
02-09-2022 09:20,60,2.6,2,3,SE,6697,6810,6791
02-09-2022 09:21,59.9,2.6,2.2,3,SE,6685,6802,6777
02-09-2022 09:21,59.9,2.6,2.2,3,SE,6682,6801,6778
02-09-2022 09:22,60,2.6,2.2,3,SE,6679,6795,6774
02-09-2022 09:23,59.9,2.6,2.2,3,SE,6688,6812,6788
02-09-2022 09:23,60,2.6,2.2,3,SE,6671,6810,6785
02-09-2022 09:24,59.9,2.6,2.2,3,SE,6686,6809,6785
02-09-2022 09:24,59.9,2.6,2.2,3,SE,6686,6812,6789
02-09-2022 09:25,60,2.6,2.2,3,SE,6689,6816,6792
02-09-2022 09:25,60,2.6,2.2,3,SE,6682,6796,6775
02-09-2022 09:26,60,2.6,2.2,3,SE,6672,6799,6771
02-09-2022 09:27,59.9,2.6,2,3,SE,6671,6792,6759
02-09-2022 09:27,59.9,2.6,2,3,SE,6664,6794,6763
02-09-2022 09:28,60,2.6,2,3,SE,6689,6811,6783
02-09-2022 09:28,60,2.6,2,3,SE,6682,6805,6780
02-09-2022 09:29,60,2.6,2,3,SE,6684,6808,6778
02-09-2022 09:29,60,2.6,2,3,SE,6689,6816,6786
02-09-2022 09:30,60,2.6,2,3,SE,6691,6816,6791
02-09-2022 09:30,60,2.6,2.2,3,SE,6688,6812,6787
02-09-2022 09:31,59.9,2.6,2,3,SE,6680,6812,6786
02-09-2022 09:31,59.9,2.6,2,3,SE,6680,6805,6778
02-09-2022 09:32,60,2.6,2,3,SE,6683,6810,6779
02-09-2022 09:32,60,2.8,2.2,3,SE,6683,6821,6787
02-09-2022 09:33,60,2.6,2.2,3,SE,6683,6814,6779
02-09-2022 09:33,60,3,2.6,3.4,SE,6692,6828,6795
02-09-2022 09:34,60,2.6,2.2,3,SE,6694,6820,6792
02-09-2022 09:35,60,2.6,2.2,3,SE,6696,6818,6790
02-09-2022 09:35,59.9,2.8,2.4,3,SE,6695,6810,6784
02-09-2022 09:36,59.9,2.8,2.4,3,SE,6693,6807,6781
02-09-2022 09:36,59.9,2.8,2.4,3,SE,6688,6819,6791
02-09-2022 09:37,59.9,3.2,3,3.4,SE,6676,6797,6773
02-09-2022 09:38,59.9,2.6,2.4,2.8,SE,6686,6802,6783
02-09-2022 09:39,60,2.6,2.4,3,SE,6698,6821,6797
02-09-2022 09:39,60,2.8,2.4,3,SE,6696,6819,6793
02-09-2022 09:40,59.9,2.8,2.4,3.2,SE,6697,6819,6789
02-09-2022 09:40,59.9,2.8,2.4,3.2,SE,6696,6818,6793
02-09-2022 09:41,59.9,3,2.4,3.2,SE,6693,6817,6789
02-09-2022 09:41,59.9,3,2.4,3.4,SE,6702,6818,6789
02-09-2022 09:42,59.9,3.2,2.6,3.4,SE,6692,6818,6787
02-09-2022 09:42,60,3.2,2.6,3.4,SE,6694,6811,6780
02-09-2022 09:43,60,3.2,2.6,3.6,SE,6689,6813,6782
02-09-2022 09:43,60,3.2,2.6,3.6,SE,6702,6818,6791
02-09-2022 09:44,59.9,3.2,2.6,3.6,SE,6687,6818,6791
02-09-2022 09:45,59.9,3.2,2.6,3.6,SE,6681,6815,6789
02-09-2022 09:45,59.9,3.2,2.6,3.6,SE,6687,6811,6784
02-09-2022 09:46,59.9,3.2,2.6,3.6,SE,6686,6795,6772
02-09-2022 09:47,59.9,3.2,2.6,3.6,SE,6694,6810,6783
02-09-2022 09:47,59.9,3.4,2.6,3.6,SE,6698,6822,6794
02-09-2022 09:48,59.9,3.4,2.6,3.6,SE,6695,6820,6795
02-09-2022 09:48,59.9,3.4,2.6,3.6,SE,6692,6811,6787
02-09-2022 09:49,59.9,3.4,2.6,3.6,SE,6678,6808,6781
02-09-2022 09:49,59.9,3.4,3,4,SE,6677,6807,6778
02-09-2022 09:51,59.9,3.4,2.6,3.6,SE,6689,6813,6784
02-09-2022 09:52,59.9,3.4,2.6,3.6,SE,6686,6801,6777
02-09-2022 09:52,60,3.4,2.8,3.6,SE,6683,6815,6787
02-09-2022 09:53,59.9,3.4,2.6,3.6,SE,6682,6805,6777
02-09-2022 09:53,60,4,3.2,4,SE,6680,6807,6779
02-09-2022 09:54,60,3.4,2.6,3.6,SE,6681,6804,6781
02-09-2022 09:54,60,3.4,2.6,3.6,SE,6682,6817,6788
02-09-2022 09:55,59.9,3.4,2.6,3.6,SE,6690,6807,6779
02-09-2022 09:55,59.9,4,3,4,SE,6687,6807,6781
02-09-2022 09:56,60,3.4,2.6,3.6,SE,6695,6814,6787
02-09-2022 09:56,60,3.4,2.6,3.6,SE,6687,6812,6782
02-09-2022 09:57,59.9,3.2,2.6,3.6,SE,6677,6813,6784
02-09-2022 09:57,59.9,3.4,2.6,3.6,SE,6686,6799,6777
02-09-2022 09:58,59.9,3.4,2.6,3.6,SE,6686,6808,6780
02-09-2022 09:59,59.9,3.4,2.6,3.6,SE,6687,6808,6780
02-09-2022 09:59,59.9,3.8,3,4,SE,6698,6814,6779
02-09-2022 10:00,59.9,3.2,2.6,3.6,SE,6695,6826,6794
02-09-2022 10:00,60,3.4,2.4,3.6,SE,6698,6826,6800
02-09-2022 10:01,60,3.4,2.4,3.6,SE,6694,6818,6791
02-09-2022 10:01,59.9,3.2,2.6,3.4,SE,6694,6812,6781
02-09-2022 10:02,59.9,3.2,2.6,3.4,SE,6680,6813,6787
02-09-2022 10:03,59.9,3.2,2.6,3.4,SE,6692,6818,6792
02-09-2022 10:03,59.9,3.2,2.4,3.4,SE,6691,6824,6795
02-09-2022 10:04,59.9,3.4,2.6,3.4,SE,6688,6816,6789
02-09-2022 10:04,60,3.4,2.6,3.4,SE,6691,6819,6791
02-09-2022 10:05,59.9,3.4,2.6,3.4,SE,6694,6813,6785
02-09-2022 10:05,59.9,3.4,2.6,3.4,SE,6695,6815,6785
02-09-2022 10:06,60,3.4,2.6,3.4,SE,6696,6822,6791
02-09-2022 10:06,60,3.4,2.6,3.4,SE,6698,6822,6791
02-09-2022 10:07,60,3.8,3,3.8,SE,6684,6808,6780
02-09-2022 10:07,59.9,3.2,2.6,3.4,SE,6683,6810,6781
02-09-2022 10:08,59.8,3.2,2.4,3.4,SE,6682,6802,6777
02-09-2022 10:08,59.9,3.2,2.4,3.4,SE,6682,6808,6783
02-09-2022 10:09,60,3.4,2.4,3.4,SE,6681,6811,6780
02-09-2022 10:09,59.9,3.4,2.4,3.2,SE,6676,6796,6767
02-09-2022 10:10,60,3.4,2.4,3.2,SE,6694,6809,6780
02-09-2022 10:11,60,3.4,2.6,3.4,SE,6682,6808,6776
02-09-2022 10:11,59.9,3.4,2.4,3.2,SE,6683,6806,6779
02-09-2022 10:12,59.9,3.2,2.4,3.2,SE,6685,6807,6779
02-09-2022 10:12,60,3.2,2.4,3.2,SE,6669,6810,6784
02-09-2022 10:13,59.9,3.2,2.4,3.4,SE,6675,6799,6773
02-09-2022 10:14,60,3.2,2.6,3.4,SE,6672,6802,6773
02-09-2022 10:14,60,3.2,2.6,3.4,SE,6684,6801,6776
02-09-2022 10:15,59.9,3,2.6,3.4,SE,6686,6805,6779
02-09-2022 10:15,60,3.2,2.6,3.4,SE,6691,6803,6776
02-09-2022 10:16,60,3.2,2.4,3.4,SE,6691,6781,6759
02-09-2022 10:16,60,3.2,2.6,3.4,SE,6682,6803,6775
02-09-2022 10:17,59.9,3.2,2.6,3.4,SE,6681,6797,6768
02-09-2022 10:17,59.8,3.2,2.4,3.4,SE,6676,6801,6772
02-09-2022 10:18,60,3.4,2.4,3.4,SE,6676,6801,6771
02-09-2022 10:18,59.9,4.2,3.2,4,SE,6669,6799,6767
02-09-2022 10:19,60,3.4,2.4,3.4,SE,6663,6796,6760
02-09-2022 10:19,60,3.4,2.4,3.4,SE,6648,6793,6755
02-09-2022 10:20,59.9,3.4,2.6,3.4,SE,6670,6794,6764
02-09-2022 10:20,59.9,3.4,2.6,3.4,SE,6675,6798,6770
02-09-2022 10:21,59.9,3.4,2.6,3.4,SE,6661,6787,6756
02-09-2022 10:21,59.9,3.4,2.6,3.4,SE,6671,6785,6756
02-09-2022 10:22,59.9,3.4,2.4,3.4,SE,6674,6793,6764
02-09-2022 10:23,59.9,3.4,2.4,3.4,SE,6675,6796,6764
02-09-2022 10:23,59.9,3.4,2.4,3.4,SE,6679,6792,6761
02-09-2022 10:24,59.9,3.4,2.4,3.4,SE,6670,6785,6752
02-09-2022 10:24,59.9,3.4,2.4,3.4,SE,6666,6782,6755
02-09-2022 10:25,60,3.4,2.4,3.4,SE,6673,6792,6763
02-09-2022 10:25,59.9,3.4,2.4,3.4,SE,6668,6781,6752
02-09-2022 10:26,59.9,3.2,2.4,3.4,SE,6664,6785,6755
02-09-2022 10:27,59.9,3.2,2.4,3.4,SE,6660,6793,6758
02-09-2022 10:27,60,3.2,2.4,3.4,SE,6670,6797,6767
02-09-2022 10:28,60,3.4,2.4,3.4,SE,6672,6791,6760
02-09-2022 10:28,60,3.4,2.4,3.4,SE,6670,6787,6754
02-09-2022 10:29,59.9,3.4,2.4,3.4,SE,6666,6776,6743
02-09-2022 10:29,59.8,3.4,2.4,3.4,SE,6661,6773,6741
02-09-2022 10:30,59.9,3.4,2.4,3.4,SE,6653,6780,6750
02-09-2022 10:30,59.9,3.2,2.4,3.4,SE,6658,6783,6755
02-09-2022 10:31,60,3.2,2.4,3.4,SE,6652,6788,6756
02-09-2022 10:31,60,3.2,2.4,3.4,SE,6671,6790,6759
02-09-2022 10:32,59.9,3.2,2.4,3.4,SE,6660,6778,6750
02-09-2022 10:32,59.9,3.2,2.6,3.4,SE,6648,6770,6743
02-09-2022 10:33,60,3.2,2.6,3.4,SE,6656,6776,6750
02-09-2022 10:33,60,3.2,2.6,3.4,SE,6660,6780,6754
02-09-2022 10:34,60,3.2,2.6,3.4,SE,6653,6769,6741
02-09-2022 10:35,59.9,3.2,2.6,3.4,SE,6650,6778,6746
02-09-2022 10:35,59.8,3.2,2.4,3.2,SE,6646,6763,6735
02-09-2022 10:36,59.9,3.2,2.4,3.2,SE,6655,6766,6737
02-09-2022 10:36,60,3.2,2.2,3.2,SE,6662,6778,6749
02-09-2022 10:37,59.9,3.2,2.2,3.2,SE,6664,6777,6751
02-09-2022 10:38,59.9,3.2,2.2,3.2,SE,6657,6779,6749
02-09-2022 10:38,59.9,3.2,2.4,3.2,SE,6654,6775,6745
02-09-2022 10:39,59.9,3.2,2.4,3.2,SE,6651,6783,6754
02-09-2022 10:39,60,3.2,2.4,3.2,SE,6657,6777,6752
02-09-2022 10:40,59.9,3.2,2.4,3.2,SE,6668,6775,6750
02-09-2022 10:40,59.9,3.2,2.4,3.2,SE,6672,6781,6755
02-09-2022 10:41,59.9,3.2,2.4,3.2,SE,6659,6777,6754
02-09-2022 10:41,59.9,3.2,2.4,3.2,SE,6664,6778,6754
02-09-2022 10:42,59.9,3.2,2.4,3.2,SE,6652,6767,6743
02-09-2022 10:42,59.9,3.2,2.4,3.2,SE,6646,6774,6746
02-09-2022 10:43,60,3.2,2.4,3.2,SE,6662,6779,6758
02-09-2022 10:43,60,3.2,2.4,3.2,SE,6650,6779,6755
02-09-2022 10:44,59.9,3.2,2.4,3.2,SE,6654,6765,6742
02-09-2022 10:44,59.9,3.2,2.4,3.2,SE,6652,6781,6751
02-09-2022 10:45,60,3.2,2.4,3.2,SE,6652,6776,6749
02-09-2022 10:45,59.9,3.2,2.4,3.2,SE,6659,6774,6748
02-09-2022 10:46,59.9,3,2.4,3.2,SE,6661,6779,6755
02-09-2022 10:47,60,3,2.4,3.2,SE,6663,6784,6758
02-09-2022 10:47,59.9,3,2.4,3.2,SE,6653,6766,6738
02-09-2022 10:48,60,3,2.4,3.2,SE,6654,6762,6736
02-09-2022 10:48,60,3,2.4,3.2,SE,6655,6778,6753
02-09-2022 10:49,60,3,2.4,3.2,SE,6660,6784,6757
02-09-2022 10:50,59.9,3,2.4,3.2,SE,6657,6777,6749
02-09-2022 10:50,59.9,3,2.4,3.2,SE,6665,6779,6754
02-09-2022 10:51,59.9,3,2.4,3.2,SE,6659,6774,6747
02-09-2022 10:51,60,3,2.4,3.4,SE,6666,6782,6756
02-09-2022 10:52,59.9,3,2.4,3.2,SE,6659,6780,6751
02-09-2022 10:52,59.9,3,2.4,3.2,SE,6664,6783,6756
02-09-2022 10:53,59.9,3,2.4,3.2,SE,6660,6780,6752
02-09-2022 10:53,59.9,3,2.4,3.2,SE,6649,6774,6746
02-09-2022 10:54,60,3,2.4,3.2,SE,6646,6769,6744
02-09-2022 10:54,60,3,2.4,3.4,SE,6650,6778,6751
02-09-2022 10:55,59.9,3.2,2.2,3.2,SE,6655,6769,6742
02-09-2022 10:55,59.9,3,2.2,3.2,SE,6660,6779,6750
02-09-2022 10:56,60,3,2.2,3.2,SE,6659,6781,6757
02-09-2022 10:56,59.9,3,2.2,3.2,SE,6656,6777,6756
02-09-2022 10:57,59.9,3,2.2,3.2,SE,6657,6778,6752
02-09-2022 10:57,60,3,2.2,3.2,SE,6659,6777,6755
02-09-2022 10:58,59.9,3,2.2,3.2,SE,6652,6781,6750
02-09-2022 10:59,59.9,3,2.2,3.2,SE,6656,6779,6749
02-09-2022 10:59,59.9,3.2,2.4,3.4,SE,6663,6779,6749
02-09-2022 11:00,59.9,2.8,2.2,3.2,SE,6657,6774,6749
02-09-2022 11:00,59.9,3,2.4,3.2,SE,6659,6781,6751
02-09-2022 11:01,59.9,3,2.4,3.2,SE,6654,6778,6752
02-09-2022 11:02,60,2.8,2.4,3.2,SE,6647,6782,6754
02-09-2022 11:02,60,2.8,2.4,3.2,SE,6657,6784,6753
02-09-2022 11:03,59.9,3,2.4,3.2,SE,6663,6782,6752
02-09-2022 11:03,59.9,3,2.4,3.2,SE,6647,6769,6745
02-09-2022 11:04,60,3,2.2,3.2,SE,6660,6784,6757
02-09-2022 11:04,59.9,3,2.2,3.2,SE,6655,6775,6751
02-09-2022 11:05,59.9,3,2.4,3.2,SE,6658,6772,6749
02-09-2022 11:06,60,3,2.2,3.2,SE,6656,6769,6744
02-09-2022 11:06,59.9,3,2.2,3.2,SE,6656,6768,6739
02-09-2022 11:07,59.9,3,2.2,3.2,SE,6650,6779,6748
02-09-2022 11:07,59.9,3,2.2,3.2,SE,6635,6779,6742
02-09-2022 11:08,59.9,3,2.2,3.2,SE,6655,6777,6745
02-09-2022 11:08,59.9,3.2,2.4,3.2,SE,6667,6774,6740
02-09-2022 11:09,60,3,2.4,3.2,SE,6656,6780,6751
02-09-2022 11:10,59.9,3,2.2,3.2,SE,6631,6774,6740
02-09-2022 11:11,59.9,3,2.2,3.2,SE,6645,6780,6748
02-09-2022 11:11,59.9,3,2.6,3.2,SE,6648,6778,6746
02-09-2022 11:12,59.9,3,2.6,3.2,SE,6651,6775,6744
02-09-2022 11:12,59.9,3,2.6,3.2,SE,6656,6771,6746
02-09-2022 11:13,60,3,2.6,3.2,SE,6652,6777,6751
02-09-2022 11:14,59.9,3,2.4,3.2,SE,6653,6775,6746
02-09-2022 11:14,59.9,3,2.4,3.2,SE,6659,6785,6754
02-09-2022 11:15,59.9,3.6,2.8,3.6,SE,6661,6774,6744
02-09-2022 11:15,59.9,3,2.2,3.2,SE,6662,6767,6734
02-09-2022 11:16,60,3,2.2,3.2,SE,6658,6778,6744
02-09-2022 11:16,60,3.2,2.4,3.2,SE,6659,6782,6749
02-09-2022 11:17,60,3,2.4,3.2,SE,6644,6774,6738
02-09-2022 11:17,59.9,3,2.2,3.2,SE,6643,6776,6737
02-09-2022 11:18,59.9,3,2.2,3.2,SE,6630,6774,6732
02-09-2022 11:18,59.8,3.2,2.4,3.2,SE,6636,6771,6733
02-09-2022 11:19,59.9,3,2.2,3.2,SE,6639,6774,6739
02-09-2022 11:19,59.9,3,2.2,3.2,SE,6648,6772,6739
02-09-2022 11:20,59.9,3,2.4,3.2,SE,6653,6771,6741
02-09-2022 11:21,59.9,3,2.4,3.2,SE,6653,6770,6738
02-09-2022 11:22,59.9,3,2.4,3.2,SE,6643,6772,6742
02-09-2022 11:22,59.9,3,2.6,3.2,SE,6643,6770,6742
02-09-2022 11:23,59.9,3,2.4,3.2,SE,6627,6767,6736
02-09-2022 11:23,60,3,2.2,3.2,SE,6657,6777,6749
02-09-2022 11:24,59.9,3,2.4,3.2,SE,6652,6775,6750
02-09-2022 11:24,59.9,3.2,2.6,3.2,SE,6659,6766,6742
02-09-2022 11:25,59.9,3.2,2.4,3.2,SE,6643,6769,6740
02-09-2022 11:26,59.9,3.2,2.4,3.2,SE,6650,6775,6745
02-09-2022 11:27,60,3,2.6,3.2,SE,6660,6782,6761
02-09-2022 11:27,60,3,2.4,3.2,SE,6667,6775,6754
02-09-2022 11:28,60,3,2.4,3.2,SE,6668,6790,6765
02-09-2022 11:28,60,3,2.4,3.2,SE,6673,6794,6766
02-09-2022 11:29,59.9,3,2.4,3.2,SE,6653,6777,6751
02-09-2022 11:29,59.9,3,2.4,3.2,SE,6662,6774,6749
02-09-2022 11:30,59.9,3,2.4,3.2,SE,6653,6777,6752
02-09-2022 11:30,59.9,3.6,2.8,3.4,SE,6661,6767,6749
02-09-2022 11:31,59.9,3,2.2,3,SE,6663,6774,6753
02-09-2022 11:31,59.9,3.2,2.4,3.2,SE,6672,6773,6754
02-09-2022 11:32,59.9,3.2,2.2,3,SE,6661,6776,6756
02-09-2022 11:32,59.9,3.2,2.4,3,SE,6667,6782,6762
02-09-2022 11:33,59.9,3,2.2,3,SE,6672,6772,6746
02-09-2022 11:34,59.9,3,2.2,3,SE,6662,6784,6761
02-09-2022 11:34,60,3,2.2,3,SE,6670,6785,6762
02-09-2022 11:35,59.9,3,2.2,3,SE,6668,6784,6761
02-09-2022 11:35,60,3,2.2,3,SE,6660,6783,6760
02-09-2022 11:36,60,3,2.2,3,SE,6663,6774,6755
02-09-2022 11:36,60,3,2.4,3.2,SE,6672,6789,6765
02-09-2022 11:37,59.9,3,2.4,3,SE,6664,6782,6760
02-09-2022 11:38,59.9,3,2.4,3.2,SE,6664,6779,6759
02-09-2022 11:38,59.9,3,2.4,3.2,SE,6661,6773,6753
02-09-2022 11:39,59.9,3,2.4,3.2,SE,6667,6762,6745
02-09-2022 11:39,60,3,2.4,3.2,SE,6661,6779,6750
02-09-2022 11:40,60,3,2.4,3.2,SE,6678,6787,6766
02-09-2022 11:40,60,3,2.4,3.2,SE,6675,6802,6772
02-09-2022 11:41,60,3,2.2,3.2,SE,6653,6788,6758
02-09-2022 11:41,60.1,3,2.2,3.2,SE,6662,6800,6767
02-09-2022 11:42,60,3.6,2.6,3.6,SE,6675,6800,6772
02-09-2022 11:42,60,3,2.2,3.2,SE,6676,6799,6769
02-09-2022 11:43,59.9,3.2,2.2,3.2,SE,6665,6789,6760
02-09-2022 11:43,59.9,3,2.2,3.2,SE,6667,6795,6763
02-09-2022 11:44,59.9,3,2.2,3.2,SE,6666,6790,6756
02-09-2022 11:44,60,3,2.2,3.2,SE,6665,6799,6766
02-09-2022 11:45,60,3,2.2,3.2,SE,6675,6801,6768
02-09-2022 11:46,60,3,2.2,3.2,SE,6669,6799,6767
02-09-2022 11:46,59.9,3,2.2,3.2,SE,6660,6789,6756
02-09-2022 11:47,60,3,2.2,3.2,SE,6660,6787,6751
02-09-2022 11:47,60,3,2.2,3.2,SE,6672,6796,6764
02-09-2022 11:48,59.9,3,2.2,3.2,SE,6676,6795,6760
02-09-2022 11:48,59.9,3,2.2,3.2,SE,6682,6798,6765
02-09-2022 11:49,59.9,3,2.2,3.2,SE,6687,6804,6773
02-09-2022 11:50,59.9,3.4,2.4,3.6,SE,6689,6806,6774
02-09-2022 11:50,60,3,2.2,3.2,SE,6671,6799,6769
02-09-2022 11:51,59.9,3,2.2,3.2,SE,6676,6803,6767
02-09-2022 11:51,59.9,3,2.2,3.4,SE,6670,6804,6768
02-09-2022 11:52,59.9,3,2.4,3.4,SE,6662,6796,6763
02-09-2022 11:52,60,3,2.2,3.2,SE,6693,6806,6777
02-09-2022 11:53,60,3,2.2,3.2,SE,6685,6810,6778
02-09-2022 11:53,59.9,3,2.2,3.2,SE,6690,6804,6771
02-09-2022 11:54,60,3,2.2,3.2,SE,6682,6814,6782
02-09-2022 11:54,60,3,2.2,3.2,SE,6679,6817,6786
02-09-2022 11:55,60,3.2,2.4,3.4,SE,6686,6816,6788
02-09-2022 11:55,60,3,2.2,3.2,SE,6688,6819,6789
02-09-2022 11:56,60,3,2.2,3.2,SE,6685,6824,6794
02-09-2022 11:56,59.9,3,2.2,3.2,SE,6686,6817,6786
02-09-2022 11:57,59.9,3,2.2,3.2,SE,6711,6836,6802
02-09-2022 11:58,59.9,3,2.2,3.2,SE,6714,6841,6810
02-09-2022 11:58,60,3,2.2,3.2,SE,6729,6854,6825
02-09-2022 11:59,60,3,2.2,3.2,SE,6739,6866,6834
02-09-2022 11:59,60.1,3,2.2,3.2,SE,6735,6876,6847
02-09-2022 12:00,60.1,3,2.2,3.2,SE,6748,6883,6851
02-09-2022 12:00,60,3,2,3.2,SE,6774,6909,6879
02-09-2022 12:01,60,3,2.2,3.2,SE,6774,6910,6881
02-09-2022 12:02,60,3,2.2,3.2,SE,6725,6852,6825
02-09-2022 12:02,60,3.6,2.8,3.6,SE,6730,6852,6825
02-09-2022 12:03,60,3,2.2,3.2,SE,6733,6852,6824
02-09-2022 12:03,59.9,3,2.2,3.2,SE,6716,6849,6823
02-09-2022 12:04,59.9,3,2.2,3.2,SE,6722,6863,6835
02-09-2022 12:04,59.9,2.8,2.2,3.2,SE,6726,6863,6837
02-09-2022 12:05,59.9,2.8,2.2,3.2,SE,6730,6863,6839
02-09-2022 12:05,59.9,3,2.2,3.2,SE,6731,6863,6843
02-09-2022 12:06,60,2.8,2.2,3.2,SE,6747,6869,6847
02-09-2022 12:06,60,3,2.2,3.2,SE,6751,6872,6849
02-09-2022 12:07,60,2.8,2.2,3.2,SE,6750,6876,6850
02-09-2022 12:07,60,3,2.2,3.2,SE,6749,6869,6845
02-09-2022 12:08,60,3,2.2,3,SE,6667,6795,6772
02-09-2022 12:08,60,3,2.2,3,SE,6663,6789,6764
02-09-2022 12:09,59.9,3,2.2,3,SE,6649,6790,6764
02-09-2022 12:10,59.9,3,2.2,3,SE,6656,6785,6759
02-09-2022 12:10,59.9,3.2,2.4,3.2,SE,6661,6789,6766
02-09-2022 12:11,59.9,3.2,2.6,3.2,SE,6656,6783,6752
02-09-2022 12:11,60,3.2,2.6,3.2,SE,6680,6787,6758
02-09-2022 12:12,60,3,2.6,3.2,SE,6670,6793,6768
02-09-2022 12:12,59.9,3,2.4,3.2,SE,6655,6786,6757
02-09-2022 12:13,59.9,3,2.6,3.2,SE,6658,6786,6758
02-09-2022 12:14,59.9,3,2.2,3,SE,6642,6782,6749
02-09-2022 12:14,59.9,3,2.2,3,SE,6640,6781,6742
02-09-2022 12:15,59.9,3,2.4,3.2,SE,6656,6791,6759
02-09-2022 12:15,60,3,2.4,3.2,SE,6664,6794,6760
02-09-2022 12:16,60,3.2,2.4,3.2,SE,6675,6790,6765
02-09-2022 12:16,60,3.2,2.4,3.2,SE,6666,6779,6755
02-09-2022 12:17,60,3.6,2.8,3.6,SE,6662,6783,6756
02-09-2022 12:17,59.9,3.2,2.4,3.2,SE,6657,6765,6744
02-09-2022 12:18,59.9,3.2,2.8,3.2,SE,6653,6782,6755
02-09-2022 12:18,59.9,3.2,2.8,3.2,SE,6651,6786,6754
02-09-2022 12:19,60,3.2,2.8,3.4,SE,6655,6782,6749
02-09-2022 12:19,60,3.2,2.8,3.2,SE,6667,6785,6752
02-09-2022 12:20,60,3.4,2.8,3.4,SE,6666,6790,6763
02-09-2022 12:20,60,3.4,3,3.4,SE,6661,6793,6770
02-09-2022 12:21,60.1,3.6,3,3.4,SE,6670,6787,6761
02-09-2022 12:22,60,3.4,2.8,3.2,SE,6658,6784,6760
02-09-2022 12:22,60,3.8,3.2,3.6,SE,6659,6781,6758
02-09-2022 12:23,60,3.4,2.8,3.2,SE,6655,6777,6756
02-09-2022 12:23,59.9,3.2,2.8,3.2,SE,6659,6787,6768
02-09-2022 12:24,59.9,3.2,2.8,3.2,SE,6662,6783,6764
02-09-2022 12:24,59.9,3.4,2.8,3.2,SE,6658,6781,6758
02-09-2022 12:25,59.9,3.4,2.8,3.2,SE,6650,6781,6761
02-09-2022 12:26,59.9,3.2,2.8,3.2,SE,6656,6788,6769
02-09-2022 12:26,60,3.2,2.8,3.2,SE,6661,6789,6768
02-09-2022 12:27,60,3.2,2.8,3.2,SE,6672,6778,6763
02-09-2022 12:27,59.9,3.2,2.8,5.2,SE,6672,6782,6763
02-09-2022 12:28,60,3.2,2.8,3.2,SE,6678,6787,6765
02-09-2022 12:28,59.9,3.2,2.8,3.2,SE,6678,6779,6760
02-09-2022 12:29,60,4,3.2,3.6,SE,6661,6764,6754
02-09-2022 12:29,60,3.4,2.8,3.2,SE,6664,6792,6768
02-09-2022 12:30,59.9,3.4,2.8,3.2,SE,6670,6794,6771
02-09-2022 12:30,59.9,3.4,2.8,3.2,SE,6663,6782,6760
02-09-2022 12:31,59.8,3.4,2.8,3.2,SE,6659,6784,6761
02-09-2022 12:31,59.9,3.4,2.8,3.2,SE,6666,6789,6764
02-09-2022 12:32,60,3.4,2.8,3.2,SE,6667,6785,6766
02-09-2022 12:32,59.9,3.4,2.6,3.2,SE,6663,6773,6755
02-09-2022 12:33,59.9,3.2,2.6,3.2,SE,6669,6791,6768
02-09-2022 12:34,59.9,3.4,2.6,3.2,SE,6669,6793,6768
02-09-2022 12:34,60,3.6,3,3.6,SE,6676,6799,6774
02-09-2022 12:35,59.9,3.4,2.8,3.2,SE,6674,6787,6764
02-09-2022 12:35,59.9,3.6,3,3.4,SE,6668,6787,6765
02-09-2022 12:36,60,3.4,2.8,3.2,SE,6678,6787,6769
02-09-2022 12:37,60,3.4,2.8,3.2,SE,6676,6790,6769
02-09-2022 12:38,60,3.2,2.8,3.2,SE,6671,6790,6768
02-09-2022 12:39,59.9,3.2,2.8,3.2,SE,6643,6769,6724
02-09-2022 12:39,59.9,3.2,2.8,3.2,SE,6672,6777,6757
02-09-2022 12:40,59.9,3.2,2.6,3.2,SE,6674,6772,6755
02-09-2022 12:40,59.9,3.2,2.6,3.2,SE,6659,6764,6744
02-09-2022 12:41,59.9,3.4,2.6,3.2,SE,6645,6780,6755
02-09-2022 12:41,59.9,3.4,2.6,3.2,SE,6649,6782,6760
02-09-2022 12:42,59.9,3.4,2.6,3.2,SE,6660,6781,6765
02-09-2022 12:42,60,3.4,2.6,3.2,SE,6659,6780,6763
02-09-2022 12:43,59.9,3.4,2.6,3.4,SE,6650,6787,6765
02-09-2022 12:43,59.9,3.4,2.8,3.4,SE,6649,6757,6746
02-09-2022 12:44,59.9,3.4,2.6,3.4,SE,6662,6780,6758
02-09-2022 12:44,60,3.4,2.6,3.4,SE,6664,6787,6762
02-09-2022 12:45,60,3.4,2.8,3.4,SE,6656,6783,6758
02-09-2022 12:46,60,3.2,2.6,3.4,SE,6662,6786,6761
02-09-2022 12:46,59.8,3.2,2.8,3.4,SE,6658,6786,6758
02-09-2022 12:47,59.8,3.2,2.8,3.2,SE,6653,6774,6749
02-09-2022 12:47,59.9,3.2,2.8,3.2,SE,6655,6788,6760
02-09-2022 12:48,60,3.2,2.6,3.2,SE,6656,6789,6757
02-09-2022 12:49,59.9,3.2,2.6,3.2,SE,6642,6787,6752
02-09-2022 12:49,59.9,3.2,2.6,3.2,SE,6660,6777,6745
02-09-2022 12:50,59.9,3.2,2.6,3.4,SE,6664,6789,6762
02-09-2022 12:50,59.9,3.4,2.8,3.2,SE,6666,6795,6766
02-09-2022 12:51,59.9,3.4,2.8,3.2,SE,6657,6787,6764
02-09-2022 12:51,59.9,3.4,3,3.4,SE,6668,6794,6767
02-09-2022 12:52,59.9,3.4,2.8,3.2,SE,6664,6788,6762
02-09-2022 12:52,59.9,3.2,2.8,3.2,SE,6664,6786,6763
02-09-2022 12:53,59.9,3.2,2.8,3.2,SE,6649,6791,6766
02-09-2022 12:53,60,3.2,2.8,3.2,SE,6638,6785,6759
02-09-2022 12:54,59.9,3.2,2.6,3.2,SE,6650,6774,6751
02-09-2022 12:54,59.9,3.2,2.6,3.2,SE,6651,6770,6746
02-09-2022 12:55,59.9,3.2,2.6,3.2,SE,6639,6771,6743
02-09-2022 12:55,59.9,3.8,3.2,3.8,SE,6636,6771,6746
02-09-2022 12:56,59.9,3.4,2.8,3.2,SE,6630,6770,6743
02-09-2022 12:56,59.9,3.4,2.8,3.2,SE,6639,6766,6741
02-09-2022 12:57,59.9,3.4,2.8,3.2,SE,6645,6766,6741
02-09-2022 12:58,59.9,3.4,2.8,3.2,SE,6636,6762,6737
02-09-2022 12:58,60,3.4,2.8,3.2,SE,6623,6756,6727
02-09-2022 12:59,59.9,3.4,2.8,3.2,SE,6610,6754,6726
02-09-2022 12:59,59.9,3.6,3.2,3.8,SE,6606,6736,6710
02-09-2022 13:00,59.9,3.4,2.8,3.2,SE,6610,6739,6708
02-09-2022 13:01,60,3.4,2.8,3.2,SE,6600,6722,6696
02-09-2022 13:01,59.9,3.4,2.8,3.2,SE,6589,6707,6684
02-09-2022 13:02,59.8,3.4,2.8,3.2,SE,6573,6687,6663
02-09-2022 13:02,59.9,3.4,2.8,3.2,SE,6565,6690,6666
02-09-2022 13:03,59.9,3.4,2.8,3.2,SE,6696,6828,6804
02-09-2022 13:03,59.9,3.4,2.8,3.2,SE,6692,6827,6802
02-09-2022 13:04,59.9,3.4,2.8,3.2,SE,6698,6826,6798
02-09-2022 13:04,59.9,3.4,2.8,3.2,SE,6708,6819,6794
02-09-2022 13:05,59.9,3.4,2.6,3.2,SE,6700,6822,6788
02-09-2022 13:05,59.9,3.4,2.6,3.2,SE,6699,6819,6791
02-09-2022 13:06,59.9,3.4,2.6,3.2,SE,6689,6815,6784
02-09-2022 13:06,59.9,3.2,2.6,3.2,SE,6671,6817,6784
02-09-2022 13:07,59.9,3.2,2.6,3.2,SE,6673,6805,6776
02-09-2022 13:07,59.9,3.2,2.6,3.2,SE,6666,6806,6776
02-09-2022 13:08,60,3.2,2.6,3.2,SE,6668,6805,6775
02-09-2022 13:08,59.9,3.2,2.6,3.2,SE,6673,6806,6776
02-09-2022 13:09,59.9,3.2,2.6,3.2,SE,6740,6872,6846
02-09-2022 13:10,59.9,3.2,2.4,3.2,SE,6739,6871,6841
02-09-2022 13:10,60,3.8,3,3.6,SE,6752,6877,6843
02-09-2022 13:11,60,3.4,2.6,3.2,SE,6744,6881,6844
02-09-2022 13:11,59.9,3.4,2.6,3.2,SE,6740,6869,6836
02-09-2022 13:12,59.9,3.4,2.6,3.2,SE,6742,6876,6843
02-09-2022 13:13,59.9,3.4,2.6,3.2,SE,6729,6872,6835
02-09-2022 13:13,59.9,3.2,2.6,3.2,SE,6747,6878,6848
02-09-2022 13:14,59.9,3.4,2.8,3.4,SE,6749,6880,6845
02-09-2022 13:14,59.9,3.2,2.8,3.4,SE,6748,6867,6830
02-09-2022 13:15,59.9,3.2,2.8,3.4,SE,6751,6875,6839
02-09-2022 13:15,60,3.2,2.8,3.4,SE,6742,6873,6840
02-09-2022 13:16,59.9,3.2,2.8,3.4,SE,6749,6880,6847
02-09-2022 13:16,59.8,3,2.8,3.4,SE,6738,6874,6841
02-09-2022 13:17,59.9,3.2,3,3.2,SE,6737,6856,6826
02-09-2022 13:17,59.9,3.2,3,3.4,SE,6741,6868,6838
02-09-2022 13:18,59.9,3.2,3,3.4,SE,6731,6873,6839
02-09-2022 13:18,60,3.4,3,3.4,SE,6737,6870,6838
02-09-2022 13:19,59.9,3.4,3,3.4,SE,6740,6873,6845
02-09-2022 13:19,59.9,3.2,3,3.4,SE,6740,6866,6836
02-09-2022 13:20,59.9,3.2,3,3.2,SE,6727,6872,6839
02-09-2022 13:20,59.9,3.2,3,3.2,SE,6736,6872,6839
02-09-2022 13:21,59.9,3,3,3.4,SE,6732,6871,6842
02-09-2022 13:22,59.9,3,3,3.4,SE,6731,6848,6824
02-09-2022 13:23,59.9,3,2.8,3.2,SE,6728,6850,6823
02-09-2022 13:23,60,3,3,3.4,SE,6747,6870,6835
02-09-2022 13:24,59.9,3,3,3.4,SE,6725,6866,6834
02-09-2022 13:25,59.8,3,3,3.4,SE,6718,6856,6826
02-09-2022 13:25,59.9,3,3,3.4,SE,6723,6852,6824
02-09-2022 13:26,60,3.8,3.4,3.8,SE,6729,6855,6824
02-09-2022 13:26,60,3.2,3,3.2,SE,6736,6865,6835
02-09-2022 13:27,59.9,3.2,3,3.4,SE,6731,6859,6830
02-09-2022 13:27,59.9,3.4,3.2,3.4,SE,6730,6855,6822
02-09-2022 13:28,59.9,3.2,3.2,3.4,SE,6718,6836,6811
02-09-2022 13:28,59.9,3.4,3.2,3.6,SE,6725,6842,6821
02-09-2022 13:29,59.9,3,3.2,3.4,SE,6732,6871,6840
02-09-2022 13:29,60,3,3,3.4,SE,6730,6861,6830
02-09-2022 13:30,60,3,3,3.4,SE,6732,6846,6823
02-09-2022 13:31,60,3.2,3,3.4,SE,6737,6846,6823
02-09-2022 13:32,59.9,3,3,3.4,SE,6710,6845,6820
02-09-2022 13:33,59.8,3,2.8,3.2,SE,6710,6839,6816
02-09-2022 13:33,59.9,3.2,2.8,3.2,SE,6711,6840,6814
02-09-2022 13:34,59.9,3.4,3,3.6,SE,6720,6852,6825
02-09-2022 13:34,59.9,3.2,3,3.4,SE,6721,6851,6825
02-09-2022 13:35,59.9,3.2,3,3.4,SE,6721,6847,6822
02-09-2022 13:35,59.9,3.8,3.4,3.8,SE,6719,6840,6818
02-09-2022 13:36,59.9,3.2,3,3.4,SE,6722,6836,6816
02-09-2022 13:37,59.9,3.2,2.8,3.4,SE,6712,6847,6816
02-09-2022 13:37,60,3.2,2.8,3.2,SE,6709,6846,6820
02-09-2022 13:38,60,3.2,2.8,3.4,SE,6721,6827,6806
02-09-2022 13:39,60,3.2,2.8,3.4,SE,6713,6817,6793
02-09-2022 13:39,60,3.2,2.8,3.4,SE,6710,6827,6803
02-09-2022 13:40,59.9,3.2,3,3.4,SE,6713,6841,6813
02-09-2022 13:40,59.9,3.2,2.8,3.2,SE,6709,6839,6811
02-09-2022 13:41,59.9,3.2,2.8,3.2,SE,6716,6845,6815
02-09-2022 13:41,60,3.2,2.8,3.2,SE,6709,6842,6812
02-09-2022 13:42,60,3.2,2.8,3.2,SE,6714,6840,6810
02-09-2022 13:42,60,3.2,2.8,3.2,SE,6702,6840,6805
02-09-2022 13:43,60,3,2.8,3.2,SE,6704,6839,6810
02-09-2022 13:43,60,3,2.8,3.2,SE,6715,6838,6809
02-09-2022 13:44,60,3.2,2.8,3.2,SE,6713,6840,6809
02-09-2022 13:45,60,3.2,2.8,3.4,SE,6710,6838,6808
02-09-2022 13:45,59.9,3.2,2.8,3.4,SE,6703,6832,6800
02-09-2022 13:46,59.9,3.2,2.8,3.2,SE,6706,6840,6809
02-09-2022 13:46,59.9,3.2,2.8,3.2,SE,6707,6833,6804
02-09-2022 13:47,59.9,3.2,2.8,3.2,SE,6706,6835,6806
02-09-2022 13:47,59.9,3.2,2.8,3.2,SE,6716,6848,6818
02-09-2022 13:49,60,3,2.6,3.2,SE,6723,6858,6824
02-09-2022 13:49,59.9,3.2,2.6,3.2,SE,6718,6851,6823
02-09-2022 13:50,59.9,3.2,2.8,3.4,SE,6708,6839,6813
02-09-2022 13:50,59.9,3.2,2.8,3.4,SE,6706,6844,6817
02-09-2022 13:51,59.9,3.2,2.8,3.4,SE,6725,6859,6831
02-09-2022 13:51,59.9,3.2,2.8,3.4,SE,6718,6856,6824
02-09-2022 13:52,59.9,3.2,2.8,3.4,SE,6714,6842,6817
02-09-2022 13:52,59.9,3.2,2.6,3.2,SE,6715,6843,6816
02-09-2022 13:53,59.9,3.2,3,3.4,SE,6715,6844,6813
02-09-2022 13:53,59.9,3,3,3.4,SE,6718,6852,6819
02-09-2022 13:54,59.9,3.2,3,3.4,SE,6709,6847,6816
02-09-2022 13:54,59.9,3.6,3.6,3.8,SE,6716,6844,6815
02-09-2022 13:55,59.9,3,3,3.4,SE,6732,6847,6822
02-09-2022 13:55,59.9,3.6,3.2,3.6,SE,6723,6848,6828
02-09-2022 13:56,59.9,3,2.8,3.2,SE,6726,6859,6836
02-09-2022 13:57,59.9,3,2.8,3.2,SE,6720,6854,6829
02-09-2022 13:57,59.9,3,3,3.2,SE,6722,6850,6821
02-09-2022 13:58,59.9,3,2.8,3.2,SE,6724,6850,6822
02-09-2022 13:58,59.9,3,2.8,3.2,SE,6721,6847,6820
02-09-2022 13:59,59.8,3,3,3.2,SE,6717,6839,6812
02-09-2022 13:59,60,3,2.8,3.2,SE,6722,6860,6832
02-09-2022 14:00,59.9,3,2.8,3.2,SE,6726,6860,6830
02-09-2022 14:01,59.9,3,2.8,3.2,SE,6721,6848,6819
02-09-2022 14:01,60,3,3,3.2,SE,6720,6847,6817
02-09-2022 14:02,59.8,3,3,3.2,SE,6724,6844,6814
02-09-2022 14:02,59.9,3,2.8,3.2,SE,6727,6846,6819
02-09-2022 14:03,59.9,3.2,3.2,3.4,SE,6721,6855,6827
02-09-2022 14:03,59.9,3,3,3.2,SE,6727,6858,6833
02-09-2022 14:04,59.9,3,3,3.2,SE,6724,6849,6827
02-09-2022 14:04,59.9,3,3,3.2,SE,6729,6852,6830
02-09-2022 14:05,60,3.2,3.2,3.4,SE,6725,6835,6814
02-09-2022 14:05,59.9,3.2,3,3.2,SE,6709,6836,6811
02-09-2022 14:06,59.8,3.2,3,3.2,SE,6714,6836,6815
02-09-2022 14:06,59.9,3.2,3.2,3.4,SE,6719,6836,6811
02-09-2022 14:07,59.8,3,3,3.2,SE,6714,6846,6819
02-09-2022 14:07,59.9,3,3,3.2,SE,6720,6843,6812
02-09-2022 14:08,59.9,3,3,3.4,SE,6725,6834,6809
02-09-2022 14:09,59.9,3,3,3.4,SE,6711,6833,6810
02-09-2022 14:09,59.9,3.2,3,3.6,SE,6718,6836,6808
02-09-2022 14:10,59.9,3.2,3,3.6,SE,6718,6839,6816
02-09-2022 14:10,59.8,3.2,3,3.6,SE,6717,6848,6821
02-09-2022 14:11,59.9,3.2,3,3.6,SE,6717,6842,6815
02-09-2022 14:11,59.9,3.8,3.6,4.2,SE,6727,6841,6821
02-09-2022 14:12,59.9,3.2,3,3.6,SE,6726,6839,6815
02-09-2022 14:13,59.9,3.4,3.2,3.6,SE,6713,6844,6816
02-09-2022 14:13,59.9,3.4,3,3.6,SE,6712,6838,6806
02-09-2022 14:14,59.8,4,3.6,4,SE,6716,6824,6811
02-09-2022 14:14,59.8,3.4,3,3.6,SE,6725,6835,6816
02-09-2022 14:15,59.9,3.2,3.2,3.4,SE,6723,6846,6823
02-09-2022 14:15,59.9,3.2,3,3.4,SE,6719,6840,6820
02-09-2022 14:16,59.8,3.2,3,3.2,SE,6720,6841,6818
02-09-2022 14:16,59.9,3.2,3,3.2,SE,6723,6850,6828
02-09-2022 14:17,59.8,3.2,3,3.2,SE,6720,6845,6822
02-09-2022 14:17,59.8,3.2,3,3.2,SE,6735,6848,6822
02-09-2022 14:18,59.8,3,2.8,3.2,SE,6721,6837,6810
02-09-2022 14:18,59.9,3,2.8,3.2,SE,6727,6842,6816
02-09-2022 14:19,59.8,3,2.8,3.2,SE,6720,6845,6817
02-09-2022 14:19,59.9,3,2.8,3.2,SE,6719,6845,6816
02-09-2022 14:20,59.9,3,2.8,3.2,SE,6719,6844,6817
02-09-2022 14:21,59.9,3,2.8,3.2,SE,6703,6843,6811
02-09-2022 14:21,59.8,3,2.8,3.2,SE,6721,6847,6817
02-09-2022 14:22,59.9,3,2.8,3.2,SE,6727,6845,6820
02-09-2022 14:22,59.9,3,2.8,3.2,SE,6732,6854,6828
02-09-2022 14:23,59.9,3,2.8,3.2,SE,6722,6831,6809
02-09-2022 14:23,59.9,3,2.8,3.2,SE,6733,6833,6817
02-09-2022 14:24,60,3.2,3,3.2,SE,6715,6845,6820
02-09-2022 14:25,59.8,3.2,3,3.2,SE,6716,6845,6821
02-09-2022 14:25,59.8,3.2,3,3.2,SE,6696,6837,6810
02-09-2022 14:26,59.9,3.2,3.2,3.2,SE,6714,6844,6824
02-09-2022 14:26,59.8,3.2,3.2,3.2,SE,6721,6840,6822
02-09-2022 14:27,59.9,3.2,3.2,3.2,SE,6725,6847,6825
02-09-2022 14:27,59.9,3.2,3.2,3.4,SE,6723,6849,6822
02-09-2022 14:28,59.8,3,3.2,3.4,SE,6725,6847,6823
02-09-2022 14:28,59.9,3.6,3.6,3.8,SE,6729,6836,6811
02-09-2022 14:29,59.9,3.4,3.4,3.8,SE,6729,6854,6829
02-09-2022 14:29,59.9,3,3,3.4,SE,6727,6848,6825
02-09-2022 14:30,59.9,3,2.8,3.2,SE,6728,6850,6827
02-09-2022 14:30,59.9,3,2.8,3.2,SE,6730,6856,6827
02-09-2022 14:31,60,3,2.8,3.2,SE,6734,6854,6830
02-09-2022 14:31,59.9,3,2.8,3.2,SE,6732,6852,6827
02-09-2022 14:32,59.9,3,2.8,3.2,SE,6723,6842,6817
02-09-2022 14:33,59.9,3.2,2.8,3.4,SE,6714,6841,6815
02-09-2022 14:33,59.8,3.2,2.8,3.4,SE,6726,6827,6809
02-09-2022 14:34,59.9,3.2,2.8,3.4,SE,6733,6843,6822
02-09-2022 14:34,59.9,3.2,2.8,3.4,SE,6730,6849,6824
02-09-2022 14:35,59.9,3.6,3.2,3.8,SE,6720,6852,6828
02-09-2022 14:35,59.9,3.2,3,3.4,SE,6727,6825,6808
02-09-2022 14:36,59.9,3.2,3,3.4,SE,6727,6850,6824
02-09-2022 14:37,59.9,3,3,3.4,SE,6720,6852,6824
02-09-2022 14:37,59.9,3,3,3.4,SE,6711,6845,6820
02-09-2022 14:38,59.8,3,3,3.4,SE,6719,6853,6827
02-09-2022 14:38,59.9,3.2,3,3.4,SE,6715,6851,6825
02-09-2022 14:39,59.9,3.2,3,3.2,SE,6713,6848,6821
02-09-2022 14:39,59.9,3.2,2.8,3.2,SE,6729,6846,6827
02-09-2022 14:40,59.8,3.2,2.8,3.2,SE,6721,6841,6817
02-09-2022 14:40,59.9,3.2,2.8,3.2,SE,6729,6846,6814
02-09-2022 14:41,59.9,3,2.8,3.2,SE,6735,6863,6834
02-09-2022 14:42,59.9,3,2.6,3.2,SE,6714,6859,6827
02-09-2022 14:43,60,3,2.6,3.2,SE,6730,6857,6829
02-09-2022 14:43,59.9,3,2.6,3.2,SE,6739,6863,6836
02-09-2022 14:44,59.9,3,2.6,3.2,SE,6742,6863,6834
02-09-2022 14:45,59.9,3,2.6,3.2,SE,6744,6861,6828
02-09-2022 14:45,59.9,3,2.6,3.2,SE,6715,6858,6827
02-09-2022 14:46,59.9,3,2.6,3.2,SE,6710,6854,6823
02-09-2022 14:46,59.9,3.2,2.6,3.2,SE,6739,6865,6836
02-09-2022 14:47,59.9,3.2,2.6,3.2,SE,6734,6864,6835
02-09-2022 14:47,59.9,3.2,2.8,3.4,SE,6720,6862,6836
02-09-2022 14:48,59.9,3.2,2.8,3.4,SE,6726,6866,6838
02-09-2022 14:49,59.9,3.2,2.8,3.4,SE,6715,6850,6820
02-09-2022 14:49,59.9,3.2,2.8,3.4,SE,6712,6863,6831
02-09-2022 14:50,59.9,3.2,3,3.4,SE,6719,6866,6834
02-09-2022 14:50,59.9,3.2,3,3.4,SE,6727,6863,6832
02-09-2022 14:51,59.9,3.2,3,3.4,SE,6740,6854,6826
02-09-2022 14:51,59.9,3.2,3,3.4,SE,6735,6857,6829
02-09-2022 14:52,60,3.2,3,3.4,SE,6728,6863,6833
02-09-2022 14:52,59.9,3.2,3,3.4,SE,6735,6858,6822
02-09-2022 14:53,59.9,3.2,3,3.4,SE,6740,6857,6828
02-09-2022 14:53,59.9,3.2,3,3.4,SE,6735,6863,6833
02-09-2022 14:54,60,3.2,3,3.4,SE,6752,6868,6834
02-09-2022 14:54,60,3.2,3,3.4,SE,6739,6862,6828
02-09-2022 14:55,59.9,3.2,2.8,3.4,SE,6713,6869,6833
02-09-2022 14:55,59.9,3.2,2.8,3.4,SE,6722,6868,6830
02-09-2022 14:56,59.9,3.2,3,3.4,SE,6737,6858,6818
02-09-2022 14:57,59.9,3.2,2.8,3.4,SE,6751,6866,6828
02-09-2022 14:57,59.9,3.2,2.8,3.4,SE,6737,6869,6833
02-09-2022 14:58,59.9,3.2,2.8,3.4,SE,6747,6873,6840
02-09-2022 14:58,60,3.2,2.8,3.4,SE,6746,6878,6843
02-09-2022 14:59,60,3.2,2.8,3.4,SE,6744,6877,6842
02-09-2022 15:00,60,3,2.8,3.4,SE,6741,6882,6846
02-09-2022 15:01,59.9,3,2.8,3.4,SE,6741,6880,6837
02-09-2022 15:01,60,3,2.8,3.4,SE,6741,6879,6837
02-09-2022 15:02,60,3,2.8,3.4,SE,6736,6878,6832
02-09-2022 15:02,60,3,2.6,3.2,SE,6742,6890,6843
02-09-2022 15:03,60,3.2,2.8,3.4,SE,6749,6894,6859
02-09-2022 15:03,60,3.2,2.8,3.2,SE,6750,6885,6849
02-09-2022 15:04,59.9,3.2,2.8,3.2,SE,6756,6874,6838
02-09-2022 15:04,60,3.2,2.8,3.2,SE,6749,6877,6845
02-09-2022 15:05,60,3.2,2.8,3.4,SE,6751,6879,6839
02-09-2022 15:05,60,3.2,2.8,3.4,SE,6748,6885,6844
02-09-2022 15:06,60,3.2,2.8,3.4,SE,6749,6881,6847
02-09-2022 15:07,60,3.4,2.8,3.4,SE,6762,6882,6846
02-09-2022 15:07,60,3.4,2.8,3.4,SE,6769,6879,6845
02-09-2022 15:08,60,3.4,2.8,3.4,SE,6763,6890,6850
02-09-2022 15:09,60,3.4,3,3.4,SE,6758,6884,6848
02-09-2022 15:09,60,3.6,3.2,3.6,SE,6760,6881,6846
02-09-2022 15:10,60,3.4,2.8,3.4,SE,6756,6883,6847
02-09-2022 15:10,59.9,3.2,2.8,3.4,SE,6745,6866,6836
02-09-2022 15:11,59.9,3.2,2.8,3.4,SE,6754,6879,6843
02-09-2022 15:12,59.9,3.2,2.8,3.4,SE,6751,6867,6833
02-09-2022 15:12,59.9,3.2,2.8,3.4,SE,6751,6874,6836
02-09-2022 15:13,59.9,3.6,3.2,3.6,SE,6748,6872,6836
02-09-2022 15:13,59.9,3.2,2.8,3.2,SE,6746,6878,6840
02-09-2022 15:14,60,3.2,2.8,3.4,SE,6724,6876,6841
02-09-2022 15:14,60,3.2,2.8,3.2,SE,6740,6872,6837
02-09-2022 15:15,60,3.4,2.8,3.4,SE,6751,6850,6822
02-09-2022 15:15,60,3.4,2.8,3.4,SE,6752,6857,6828
02-09-2022 15:16,60,3.4,3,3.4,SE,6762,6889,6854
02-09-2022 15:16,60,3.4,3,3.4,SE,6753,6878,6842
02-09-2022 15:17,60,3.4,3,3.4,SE,6749,6876,6842
02-09-2022 15:17,60,3.2,3,3.4,SE,6755,6879,6845
02-09-2022 15:18,59.9,3.2,3,3.4,SE,6739,6866,6836
02-09-2022 15:18,60,3.2,3,3.4,SE,6752,6875,6844
02-09-2022 15:19,60,3.2,3,3.4,SE,6738,6875,6846
02-09-2022 15:19,59.9,3.2,3,3.4,SE,6741,6866,6832
02-09-2022 15:20,59.9,3,3,3.4,SE,6744,6862,6835
02-09-2022 15:21,59.9,3.2,3,3.4,SE,6750,6868,6841
02-09-2022 15:21,60,3.2,3,3.4,SE,6748,6869,6841
02-09-2022 15:22,60,3.2,3,3.4,SE,6750,6860,6838
02-09-2022 15:22,60,3.2,3,3.4,SE,6751,6877,6844
02-09-2022 15:23,59.9,3.4,3,3.4,SE,6747,6874,6839
02-09-2022 15:24,60,3.2,2.8,3.4,SE,6742,6878,6846
02-09-2022 15:24,60,3.2,2.8,3.2,SE,6751,6869,6844
02-09-2022 15:25,59.9,3,2.6,3.2,SE,6744,6869,6840
02-09-2022 15:25,60,3.2,2.8,3.2,SE,6744,6876,6843
02-09-2022 15:26,59.9,3.2,2.8,3.4,SE,6753,6866,6843
02-09-2022 15:26,59.9,3.2,2.8,3.4,SE,6762,6864,6836
02-09-2022 15:27,60,3.2,2.8,3.4,SE,6735,6876,6850
02-09-2022 15:27,60,3.2,2.8,3.4,SE,6735,6872,6846
02-09-2022 15:28,59.9,3.2,2.8,3.4,SE,6733,6871,6841
02-09-2022 15:28,60,3.2,2.8,3.4,SE,6743,6876,6844
02-09-2022 15:29,60,3.2,2.8,3.6,SE,6753,6872,6844
02-09-2022 15:29,60,3.2,3,3.6,SE,6745,6869,6841
02-09-2022 15:30,60,3.2,3,3.6,SE,6752,6875,6850
02-09-2022 15:30,60,3.2,3,3.6,SE,6747,6872,6844
02-09-2022 15:31,60,3.2,3,3.4,SE,6756,6872,6848
02-09-2022 15:31,60,3.2,3,3.4,SE,6753,6874,6852
02-09-2022 15:32,59.9,3.2,3,3.6,SE,6743,6878,6847
02-09-2022 15:33,59.9,3.2,3,3.4,SE,6745,6877,6851
02-09-2022 15:33,60,3,3,3.4,SE,6741,6868,6841
02-09-2022 15:34,59.9,3.2,3,3.6,SE,6745,6861,6834
02-09-2022 15:34,60,3,3,3.4,SE,6759,6881,6855
02-09-2022 15:35,59.9,3,3,3.4,SE,6752,6875,6849
02-09-2022 15:36,59.9,3,3,3.6,SE,6750,6876,6848
02-09-2022 15:36,60,3,3,3.4,SE,6744,6877,6850
02-09-2022 15:37,60,3,3,3.6,SE,6752,6873,6848
02-09-2022 15:37,59.9,3,3,3.4,SE,6745,6875,6851
02-09-2022 15:38,59.9,3,3,3.4,SE,6751,6874,6849
02-09-2022 15:38,60,3,3,3.4,SE,6752,6877,6849
02-09-2022 15:39,60,3,3,3.4,SE,6764,6886,6857
02-09-2022 15:39,59.9,3,3,3.4,SE,6759,6882,6850
02-09-2022 15:40,60,3,3,3.4,SE,6767,6886,6855
02-09-2022 15:40,59.9,3,3,3.4,SE,6749,6872,6845
02-09-2022 15:41,60,3,3,3.4,SE,6747,6877,6853
02-09-2022 15:41,59.9,3,3,3.4,SE,6754,6888,6858
02-09-2022 15:42,59.9,3,3,3.4,SE,6749,6875,6844
02-09-2022 15:42,59.9,3,3.2,3.4,SE,6750,6876,6845
02-09-2022 15:43,59.9,3,3,3.4,SE,6758,6868,6837
02-09-2022 15:44,59.8,3,3.2,3.4,SE,6752,6873,6841
02-09-2022 15:44,60,3,3,3.4,SE,6758,6879,6846
02-09-2022 15:45,59.9,2.8,3,3.4,SE,6744,6875,6840
02-09-2022 15:45,60,2.8,2.8,3.4,SE,6743,6882,6845
02-09-2022 15:46,60,3,2.8,3.4,SE,6753,6880,6849
02-09-2022 15:46,59.9,3,2.8,3.4,SE,6766,6881,6854
02-09-2022 15:47,59.9,3,2.8,3.4,SE,6757,6888,6858
02-09-2022 15:48,59.9,3.2,3,3.4,SE,6761,6879,6850
02-09-2022 15:48,59.9,3.2,2.8,3.4,SE,6754,6873,6847
02-09-2022 15:49,59.9,3.2,2.8,3.4,SE,6757,6874,6847
02-09-2022 15:50,59.9,3.2,2.8,3.4,SE,6744,6876,6850
02-09-2022 15:50,59.9,3.2,2.8,3.4,SE,6741,6880,6849
02-09-2022 15:51,60,3,2.6,3.4,SE,6747,6877,6844
02-09-2022 15:52,60,3,2.8,3.4,SE,6741,6877,6839
02-09-2022 15:52,60,3.2,2.8,3.4,SE,6738,6884,6845
02-09-2022 15:53,60,3.2,2.8,3.4,SE,6750,6888,6851
02-09-2022 15:53,60,3.2,2.8,3.4,SE,6759,6889,6855
02-09-2022 15:54,60,3,2.8,3.4,SE,6761,6895,6864
02-09-2022 15:54,60,3,2.8,3.4,SE,6764,6895,6863
02-09-2022 15:55,60,3,3,3.4,SE,6757,6896,6861
02-09-2022 15:56,60,3,3,3.4,SE,6764,6890,6860
02-09-2022 15:56,60,3.2,3,3.4,SE,6767,6885,6858
02-09-2022 15:57,60,3,3,3.4,SE,6766,6884,6855
02-09-2022 15:57,60,3,3,3.4,SE,6741,6890,6857
02-09-2022 15:58,59.9,3,3,3.4,SE,6753,6890,6863
02-09-2022 15:58,59.9,3,3,3.4,SE,6765,6893,6867
02-09-2022 15:59,59.9,3,2.8,3.4,SE,6761,6888,6865
02-09-2022 16:00,60,3,2.8,3.4,SE,6767,6885,6858
02-09-2022 16:00,59.9,3,2.8,3.4,SE,6757,6883,6855
02-09-2022 16:01,60,3,2.8,3.4,SE,6766,6889,6862
02-09-2022 16:01,59.9,3,2.8,3.4,SE,6765,6897,6865
02-09-2022 16:02,60,3,2.8,3.4,SE,6772,6896,6867
02-09-2022 16:02,59.9,3,2.8,3.4,SE,6775,6897,6869
02-09-2022 16:03,59.9,3,2.8,3.4,SE,6684,6804,6782
02-09-2022 16:03,59.9,3.2,2.6,3.4,SE,6686,6793,6774
02-09-2022 16:04,60,3,2.8,3.4,SE,6690,6796,6777
02-09-2022 16:04,59.9,3,2.8,3.4,SE,6695,6804,6782
02-09-2022 16:05,59.9,3,2.8,3.4,SE,6689,6786,6772
02-09-2022 16:05,59.9,3.2,2.8,3.6,SE,6696,6798,6780
02-09-2022 16:06,59.9,3,2.8,3.6,SE,6688,6807,6783
02-09-2022 16:06,59.9,3,2.8,3.6,SE,6692,6809,6787
02-09-2022 16:07,59.9,3.2,2.8,3.6,SE,6697,6806,6782
02-09-2022 16:08,59.9,3.2,2.8,3.6,SE,6693,6797,6779
02-09-2022 16:08,60,3.8,3.2,3.8,SE,6701,6806,6791
02-09-2022 16:09,59.9,3.4,2.8,3.6,SE,6692,6802,6785
02-09-2022 16:09,59.9,3.4,2.8,3.6,SE,6700,6818,6798
02-09-2022 16:10,59.9,3.4,2.8,3.6,SE,6697,6810,6788
02-09-2022 16:10,60,3.4,2.8,3.6,SE,6698,6800,6783
02-09-2022 16:11,60,3.2,2.8,3.6,SE,6702,6804,6789
02-09-2022 16:12,60,3.2,2.8,3.6,SE,6705,6824,6800
02-09-2022 16:12,60,3.2,2.8,3.6,SE,6709,6820,6802
02-09-2022 16:13,59.9,3.4,3,3.8,SE,6704,6814,6791
02-09-2022 16:14,59.9,4.2,3.6,4.2,SE,6688,6803,6785
02-09-2022 16:14,59.9,3.6,3.2,3.8,SE,6700,6816,6793
02-09-2022 16:15,59.9,3.6,3.2,4,SE,6686,6821,6799
02-09-2022 16:15,60,3.6,3.2,4,SE,6696,6820,6797
02-09-2022 16:16,59.9,3.6,3.4,4,SE,6693,6816,6792
02-09-2022 16:16,59.9,3.4,3.2,3.8,SE,6698,6809,6787
02-09-2022 16:17,59.9,3.4,3,3.8,SE,6690,6815,6792
02-09-2022 16:17,59.9,3.4,3,3.8,SE,6696,6810,6788
02-09-2022 16:18,59.9,3.4,2.8,3.8,SE,6673,6814,6793
02-09-2022 16:18,59.9,3.4,2.8,3.8,SE,6684,6816,6794
02-09-2022 16:19,60,3.4,3,3.8,SE,6700,6821,6802
02-09-2022 16:20,59.9,3.4,3,3.8,SE,6697,6814,6795
02-09-2022 16:20,60,3.4,2.8,3.8,SE,6701,6815,6800
02-09-2022 16:21,59.9,3.4,2.8,3.8,SE,6698,6800,6788
02-09-2022 16:21,60,3.4,3,4,SE,6678,6812,6795
02-09-2022 16:22,59.9,3.8,3.4,4.2,SE,6679,6807,6793
02-09-2022 16:22,59.9,3.4,2.8,3.8,SE,6695,6814,6797
02-09-2022 16:23,59.9,3.4,3,4,SE,6702,6811,6797
02-09-2022 16:24,59.9,3.4,3.2,4,SE,6694,6814,6796
02-09-2022 16:24,60,3.4,3,4,SE,6694,6814,6798
02-09-2022 16:25,59.9,3.4,3,4,SE,6683,6807,6794
02-09-2022 16:25,59.9,3.4,3.2,4.2,SE,6684,6803,6790
02-09-2022 16:26,59.9,3.4,3.2,4,SE,6700,6817,6800
02-09-2022 16:26,59.9,3.4,3,4,SE,6700,6807,6787
02-09-2022 16:27,59.9,3.4,3,3.8,SE,6690,6817,6792
02-09-2022 16:27,59.9,3.4,3.2,4,SE,6680,6809,6789
02-09-2022 16:28,59.9,3.4,3,4,SE,6698,6824,6799
02-09-2022 16:29,59.9,3.4,3,4,SE,6700,6822,6801
02-09-2022 16:29,60,3.4,3,4,SE,6698,6818,6798
02-09-2022 16:30,60,3.6,2.6,4,SE,6699,6818,6801
02-09-2022 16:30,60,3.6,2.6,4,SE,6697,6816,6799
02-09-2022 16:31,59.9,3.4,2.6,4,SE,6700,6800,6790
02-09-2022 16:32,59.9,3.4,2.6,4,SE,6697,6810,6792
02-09-2022 16:32,59.9,3.4,2.6,4,SE,6704,6826,6803
02-09-2022 16:33,59.9,3.6,2.6,4,SE,6702,6826,6804
02-09-2022 16:34,59.9,3.4,2.6,4,SE,6694,6827,6802
02-09-2022 16:34,60,3.6,2.8,4.2,SE,6698,6828,6805
02-09-2022 16:35,60,3.8,2.8,4.2,SE,6706,6822,6803
02-09-2022 16:36,60,4.4,3.4,4.6,SE,6695,6831,6805
02-09-2022 16:36,60,3.8,2.8,4.2,SE,6698,6828,6800
02-09-2022 16:37,60,3.8,3,4.2,SE,6703,6837,6817
02-09-2022 16:37,60,3.8,3,4.2,SE,6708,6835,6813
02-09-2022 16:38,59.9,3.6,3,4.2,SE,6671,6821,6791
02-09-2022 16:38,59.9,3.6,3,4.2,SE,6679,6820,6791
02-09-2022 16:39,60,4,3.2,4.4,SE,6698,6829,6798
02-09-2022 16:39,60,3.4,3,4.2,SE,6698,6834,6807
02-09-2022 16:40,60,3.4,3,4.2,SE,6704,6828,6808
02-09-2022 16:40,60,3.4,3,4.2,SE,6703,6833,6808
02-09-2022 16:41,60,3.6,2.8,4.2,SE,6712,6836,6813
02-09-2022 16:41,60,3.6,2.8,4.2,SE,6718,6844,6819
02-09-2022 16:42,60,3.4,2.8,4.2,SE,6695,6830,6799
02-09-2022 16:42,60,3.4,2.8,4.2,SE,6697,6830,6799
02-09-2022 16:43,60,3.4,2.8,4.2,SE,6719,6844,6813
02-09-2022 16:44,60,3.4,2.8,4.2,SE,6708,6841,6814
02-09-2022 16:44,60,3.4,2.8,4,SE,6717,6843,6815
02-09-2022 16:45,60,3.4,2.8,4,SE,6627,6770,6738
02-09-2022 16:45,60,3.4,2.6,4,SE,6655,6780,6756
02-09-2022 16:46,60,3.4,2.8,4.2,SE,6648,6776,6754
02-09-2022 16:46,60,3.4,2.8,4.2,SE,6663,6786,6762
02-09-2022 16:47,60,3.4,2.8,4,SE,6667,6791,6768
02-09-2022 16:48,60,3.6,2.8,4.2,SE,6667,6787,6760
02-09-2022 16:48,60,3.6,2.8,4.2,SE,6661,6792,6765
02-09-2022 16:49,60,3.6,2.8,4.2,SE,6676,6787,6768
02-09-2022 16:49,60,3.4,3,4.2,SE,6679,6798,6777
02-09-2022 16:50,59.9,4,3.4,4.6,SE,6668,6788,6773
02-09-2022 16:50,59.9,3.4,3,4.2,SE,6667,6795,6775
02-09-2022 16:51,59.9,3.4,3,4,SE,6665,6793,6773
02-09-2022 16:52,60,3.4,3,4,SE,6673,6789,6770
02-09-2022 16:52,59.9,3.4,2.8,4,SE,6675,6800,6780
02-09-2022 16:53,60,3.4,2.8,4,SE,6684,6807,6791
02-09-2022 16:53,60,3.4,3,4,SE,6677,6803,6787
02-09-2022 16:54,60,3.4,2.8,4,SE,6686,6801,6783
02-09-2022 16:54,60,3.4,2.8,4,SE,6691,6808,6791
02-09-2022 16:55,59.9,3.4,2.8,4,SE,6675,6814,6790
02-09-2022 16:56,59.9,3.4,2.8,4,SE,6689,6824,6803
02-09-2022 16:56,60,3.4,2.8,4,SE,6702,6826,6806
02-09-2022 16:57,60,3.4,2.8,4,SE,6714,6837,6815
02-09-2022 16:57,59.9,3.4,2.8,4,SE,6717,6839,6818
02-09-2022 16:58,59.9,3.4,2.6,4,SE,6726,6835,6820
02-09-2022 16:58,60,3.2,2.6,3.8,SE,6739,6860,6842
02-09-2022 16:59,60,3.2,2.6,3.8,SE,6737,6868,6852
02-09-2022 17:00,60,3.2,2.8,3.8,SE,6652,6789,6772
02-09-2022 17:00,60,3.4,2.6,3.8,SE,6666,6795,6776
02-09-2022 17:01,60,3.2,2.6,3.8,SE,6664,6780,6761
02-09-2022 17:01,60,3.4,2.8,3.8,SE,6656,6781,6763
02-09-2022 17:02,60,3.6,2.8,4,SE,6668,6786,6765
02-09-2022 17:02,60,3.4,2.8,4,SE,6665,6788,6769
02-09-2022 17:03,60,3.4,2.8,3.8,SE,6666,6794,6779
02-09-2022 17:03,60,3.4,2.8,3.8,SE,6676,6784,6766
02-09-2022 17:04,60,3.2,2.8,3.8,SE,6664,6797,6783
02-09-2022 17:04,60,3.2,2.8,3.8,SE,6666,6796,6782
02-09-2022 17:05,59.9,3.2,2.8,3.8,SE,6671,6795,6776
02-09-2022 17:05,59.9,3.2,2.8,3.8,SE,6688,6794,6775
02-09-2022 17:06,60,3.2,2.8,3.8,SE,6675,6798,6779
02-09-2022 17:06,60,3.6,3.2,4,SE,6683,6805,6784
02-09-2022 17:07,59.9,3.2,2.8,3.8,SE,6666,6800,6782
02-09-2022 17:08,59.9,3,2.8,3.8,SE,6661,6800,6780
02-09-2022 17:08,59.9,3,2.8,3.8,SE,6664,6783,6772
02-09-2022 17:09,59.9,3.2,2.8,3.8,SE,6673,6785,6772
02-09-2022 17:09,60,3.2,2.8,4,SE,6674,6796,6774
02-09-2022 17:10,59.9,3.2,2.8,4,SE,6671,6799,6778
02-09-2022 17:11,59.9,3.2,2.8,4,SE,6685,6792,6772
02-09-2022 17:11,59.9,3.2,2.8,3.8,SE,6680,6796,6777
02-09-2022 17:12,60,3.2,2.8,3.8,SE,6682,6800,6779
02-09-2022 17:12,59.9,3.2,2.6,3.8,SE,6668,6788,6774
02-09-2022 17:13,60,3.2,2.6,3.8,SE,6683,6789,6775
02-09-2022 17:13,60,3.2,2.6,3.8,SE,6682,6792,6778
02-09-2022 17:14,59.9,3,2.6,3.8,SE,6684,6797,6780
02-09-2022 17:14,59.9,3.2,2.6,3.8,SE,6676,6791,6775
02-09-2022 17:15,60,3.2,2.6,3.8,SE,6683,6791,6782
02-09-2022 17:15,60,3.2,2.6,3.8,SE,6687,6786,6779
02-09-2022 17:16,60,3.2,2.6,3.8,SE,6686,6788,6779
02-09-2022 17:16,60,3.4,2.6,3.8,SE,6675,6796,6778
02-09-2022 17:17,59.9,3.2,2.8,3.8,SE,6675,6789,6771
02-09-2022 17:17,60,3.2,2.8,3.8,SE,6666,6795,6773
02-09-2022 17:18,59.9,3.2,2.8,3.8,SE,6682,6795,6775
02-09-2022 17:18,60,3.4,2.8,4,SE,6685,6796,6776
02-09-2022 17:19,60,3.2,2.8,3.8,SE,6689,6802,6780
02-09-2022 17:20,60,3.2,2.6,3.8,SE,6682,6802,6777
02-09-2022 17:20,59.9,3,2.6,3.6,SE,6663,6783,6765
02-09-2022 17:21,60,3.2,2.8,3.6,SE,6550,6675,6651
02-09-2022 17:21,60,3.6,3,4,SE,6546,6673,6649
02-09-2022 17:22,59.9,3,2.6,3.6,SE,6625,6751,6728
02-09-2022 17:23,60,3.6,3.2,4,SE,6619,6750,6727
02-09-2022 17:23,59.9,3.2,2.6,3.6,SE,6638,6746,6724
02-09-2022 17:24,60,3.2,2.8,3.8,SE,6629,6745,6724
02-09-2022 17:24,59.9,3.2,2.8,3.8,SE,6635,6749,6727
02-09-2022 17:25,60,3.2,2.8,3.8,SE,6630,6723,6708
02-09-2022 17:25,59.9,3.2,2.6,3.8,SE,6639,6725,6706
02-09-2022 17:26,60,3.2,2.6,3.8,SE,6621,6737,6725
02-09-2022 17:26,60,3,2.8,3.8,SE,6632,6736,6723
02-09-2022 17:27,60,3,2.6,3.6,SE,6635,6746,6728
02-09-2022 17:27,60,3,2.6,3.6,SE,6628,6750,6734
02-09-2022 17:28,59.9,3,2.6,3.6,SE,6634,6734,6720
02-09-2022 17:28,59.9,3,2.6,3.6,SE,6625,6756,6735
02-09-2022 17:29,59.9,3,2.4,3.6,SE,6642,6756,6735
02-09-2022 17:29,59.9,3,2.4,3.6,SE,6642,6746,6723
02-09-2022 17:30,59.9,3.2,2.4,3.8,SE,6690,6811,6797
02-09-2022 17:30,60,3,2.4,3.8,SE,6686,6813,6797
02-09-2022 17:31,59.9,3,2.6,3.8,SE,6691,6810,6787
02-09-2022 17:32,60,3,2.6,3.8,SE,6686,6810,6787
02-09-2022 17:32,59.9,3,2.6,3.8,SE,6705,6816,6793
02-09-2022 17:33,60,3.2,2.6,3.8,SE,6713,6816,6795
02-09-2022 17:34,60,3.2,2.6,3.6,SE,6692,6793,6780
02-09-2022 17:35,59.9,3.2,2.6,3.6,SE,6693,6799,6782
02-09-2022 17:35,59.9,3.2,2.6,3.6,SE,6673,6794,6780
02-09-2022 17:36,60,3.2,2.6,3.6,SE,6684,6792,6779
02-09-2022 17:36,59.9,3,2.4,3.6,SE,6656,6793,6776
02-09-2022 17:37,60,3,2.4,3.6,SE,6676,6778,6769
02-09-2022 17:37,59.9,3,2.4,3.6,SE,6675,6778,6766
02-09-2022 17:38,60,3.2,2.6,3.8,SE,6678,6787,6771
02-09-2022 17:38,59.9,3.2,2.4,3.8,SE,6682,6797,6779
02-09-2022 17:39,60,3,2.4,3.6,SE,6674,6808,6786
02-09-2022 17:40,59.9,3,2.4,3.6,SE,6684,6802,6782
02-09-2022 17:40,59.9,3,2.4,3.6,SE,6685,6784,6769
02-09-2022 17:41,59.9,3,2.4,3.6,SE,6686,6793,6770
02-09-2022 17:41,59.9,3,2.4,3.6,SE,6671,6798,6770
02-09-2022 17:42,60,3,2.4,3.6,SE,6668,6782,6764
02-09-2022 17:42,60,3,2.4,3.6,SE,6673,6800,6775
02-09-2022 17:43,59.9,3,2.4,3.6,SE,6657,6791,6767
02-09-2022 17:44,59.9,3,2.4,3.6,SE,6669,6791,6765
02-09-2022 17:44,60,3,2.6,3.6,SE,6682,6793,6775
02-09-2022 17:45,59.9,3,2.6,3.6,SE,6672,6795,6773
02-09-2022 17:45,60,3,2.6,3.8,SE,6674,6800,6788
02-09-2022 17:46,60,3,2.6,3.8,SE,6686,6799,6784
02-09-2022 17:47,59.9,3,2.6,3.8,SE,6684,6793,6777
02-09-2022 17:47,60,3,2.6,3.8,SE,6685,6787,6772
02-09-2022 17:48,59.9,3.2,2.4,3.8,SE,6667,6763,6753
02-09-2022 17:48,60,3.2,2.6,3.8,SE,6667,6786,6762
02-09-2022 17:49,60,3,2.6,3.8,SE,6659,6798,6774
02-09-2022 17:49,59.9,3,2.6,3.8,SE,6648,6793,6768
02-09-2022 17:50,59.9,3,2.6,3.6,SE,6668,6799,6776
02-09-2022 17:50,60,3,2.6,3.6,SE,6682,6794,6776
02-09-2022 17:51,59.9,3,2.4,3.6,SE,6679,6801,6779
02-09-2022 17:51,60,3,2.4,3.6,SE,6685,6802,6781
02-09-2022 17:52,59.9,3,2.4,3.6,SE,6677,6794,6770
02-09-2022 17:52,59.9,3.2,2.6,3.8,SE,6674,6795,6772
02-09-2022 17:53,59.9,3,2.4,3.6,SE,6653,6788,6764
02-09-2022 17:53,60,3,2.4,3.6,SE,6663,6799,6775
02-09-2022 17:54,60,3,2.4,3.6,SE,6679,6798,6782
02-09-2022 17:55,59.9,3,2.4,3.6,SE,6679,6798,6783
02-09-2022 17:55,60,3,2.4,3.6,SE,6684,6798,6779
02-09-2022 17:56,59.9,3,2.4,3.6,SE,6685,6805,6783
02-09-2022 17:56,60,3,2.4,3.6,SE,6678,6770,6767
02-09-2022 17:57,60,3,2.4,3.6,SE,6682,6777,6768
02-09-2022 17:57,59.9,3,2.4,3.6,SE,6687,6776,6772
02-09-2022 17:58,59.9,3,2.4,3.6,SE,6681,6783,6777
02-09-2022 17:59,60,3.2,2.4,3.6,SE,6685,6796,6783
02-09-2022 17:59,60,3.2,2.4,3.6,SE,6687,6801,6789
02-09-2022 18:00,60,3.2,2.4,3.6,SE,6694,6803,6789
02-09-2022 18:00,60,3.2,2.4,3.6,SE,6685,6796,6788
02-09-2022 18:01,59.9,3.2,2.4,3.6,SE,6686,6803,6794
02-09-2022 18:01,59.9,3,2.4,3.6,SE,6684,6788,6786
02-09-2022 18:02,60,3.2,2.4,3.6,SE,6687,6799,6789
02-09-2022 18:02,59.9,3.2,2.4,3.6,SE,6687,6800,6790
02-09-2022 18:03,60,3.2,2.4,3.6,SE,6699,6805,6796
02-09-2022 18:03,60,3.2,2.4,3.6,SE,6697,6794,6790
02-09-2022 18:04,59.9,3,2.4,3.6,SE,6682,6799,6792
02-09-2022 18:04,59.9,3,2.4,3.6,SE,6665,6806,6798
02-09-2022 18:05,60,3.2,2.4,3.6,SE,6696,6806,6801
02-09-2022 18:05,60,3.2,2.4,3.6,SE,6692,6794,6788
02-09-2022 18:06,59.9,3,2.4,3.6,SE,6694,6799,6791
02-09-2022 18:07,59.9,3,2.4,3.6,SE,6694,6797,6791
02-09-2022 18:07,59.9,3,2.4,3.6,SE,6694,6798,6793
02-09-2022 18:08,59.9,3,2.4,3.6,SE,6683,6789,6791
02-09-2022 18:08,59.9,3,2.4,3.6,SE,6690,6794,6788
02-09-2022 18:09,59.9,3,2.4,3.6,SE,6702,6803,6795
02-09-2022 18:09,59.9,3.2,2.4,3.6,SE,6696,6797,6792
02-09-2022 18:10,59.9,3.2,2.4,3.6,SE,6679,6806,6799
02-09-2022 18:11,59.9,3.2,2.6,3.8,SE,6689,6807,6795
02-09-2022 18:11,59.9,3.2,2.4,3.8,SE,6684,6805,6790
02-09-2022 18:12,60,3.2,2.6,3.8,SE,6686,6803,6788
02-09-2022 18:12,59.9,3.2,2.8,3.8,SE,6673,6788,6781
02-09-2022 18:13,59.9,3.2,2.6,3.8,SE,6678,6806,6789
02-09-2022 18:13,59.9,3.2,2.6,3.8,SE,6686,6803,6783
02-09-2022 18:14,60,3.2,2.4,3.8,SE,6693,6807,6783
02-09-2022 18:14,60,3.2,2.4,3.8,SE,6701,6805,6783
02-09-2022 18:15,59.9,3.4,2.4,3.8,SE,6689,6806,6785
02-09-2022 18:15,59.9,3.2,2.4,3.6,SE,6689,6806,6786
02-09-2022 18:16,59.9,3.4,2.6,3.6,SE,6673,6799,6782
02-09-2022 18:16,59.9,3.4,2.6,3.6,SE,6674,6807,6787
02-09-2022 18:17,60,3.4,2.4,3.6,SE,6694,6810,6790
02-09-2022 18:17,59.9,3.2,2.4,3.6,SE,6685,6811,6790
02-09-2022 18:18,59.9,3.2,2.4,3.6,SE,6691,6809,6793
02-09-2022 18:19,60,3.2,2.4,3.6,SE,6691,6805,6785
02-09-2022 18:19,59.9,3.2,2.4,3.6,SE,6695,6810,6789
02-09-2022 18:20,60,3.2,2.4,3.6,SE,6700,6806,6787
02-09-2022 18:20,59.9,3.2,2.4,3.6,SE,6690,6808,6787
02-09-2022 18:21,59.9,3.2,2.4,3.6,SE,6672,6802,6783
02-09-2022 18:21,59.9,3.2,2.4,3.6,SE,6677,6800,6774
02-09-2022 18:22,60,3.2,2.4,3.6,SE,6692,6793,6770
02-09-2022 18:23,59.9,3.2,2.4,3.6,SE,6659,6794,6767
02-09-2022 18:23,59.9,3.2,2.4,3.6,SE,6641,6790,6763
02-09-2022 18:24,60,3.2,2.4,3.6,SE,6659,6786,6769
02-09-2022 18:24,59.9,3.2,2.4,3.6,SE,6666,6787,6772
02-09-2022 18:25,60,3.2,2.4,3.8,SE,6678,6796,6775
02-09-2022 18:25,59.9,3.4,2.4,3.8,SE,6672,6791,6776
02-09-2022 18:26,59.9,3.2,2.4,3.8,SE,6687,6789,6770
02-09-2022 18:26,59.9,3.2,2.6,3.8,SE,6674,6776,6754
02-09-2022 18:27,60,3.2,2.4,3.6,SE,6665,6790,6775
02-09-2022 18:27,60,3.2,2.4,3.6,SE,6668,6792,6776
02-09-2022 18:28,59.9,3.2,2.4,3.6,SE,6650,6793,6773
02-09-2022 18:28,59.9,3.2,2.4,3.6,SE,6635,6787,6767
02-09-2022 18:29,59.9,3.2,2.4,3.6,SE,6657,6795,6776
02-09-2022 18:30,60,3.2,2.4,3.6,SE,6662,6797,6787
02-09-2022 18:31,59.9,3.2,2.4,3.6,SE,6660,6787,6776
02-09-2022 18:32,59.9,3.2,2.4,3.6,SE,6654,6785,6771
02-09-2022 18:32,60,3.4,2.4,3.6,SE,6650,6785,6767
02-09-2022 18:33,60,3.4,2.4,3.6,SE,6657,6782,6766
02-09-2022 18:33,60,3.4,2.4,3.8,SE,6666,6789,6779
02-09-2022 18:34,60,3.4,2.4,3.6,SE,6662,6790,6781
02-09-2022 18:35,59.9,3.2,2.4,3.6,SE,6667,6781,6767
02-09-2022 18:35,59.9,3.2,2.4,3.6,SE,6656,6783,6771
02-09-2022 18:36,60,3.4,2.4,3.6,SE,6667,6788,6779
02-09-2022 18:36,60,3.4,2.4,3.6,SE,6672,6788,6783
02-09-2022 18:37,59.9,3.2,2.4,3.6,SE,6672,6788,6779
02-09-2022 18:37,59.9,3.2,2.4,3.6,SE,6665,6788,6778
02-09-2022 18:38,60,3.2,2.4,3.6,SE,6673,6789,6783
02-09-2022 18:38,60,3.2,2.4,3.6,SE,6671,6789,6782
02-09-2022 18:39,59.9,3.4,2.4,4,SE,6669,6800,6791
02-09-2022 18:39,60,3.4,2.4,4,SE,6670,6788,6781
02-09-2022 18:40,60,3.4,2.4,4,SE,6664,6798,6785
02-09-2022 18:40,59.9,3.4,2.4,4,SE,6662,6797,6784
02-09-2022 18:41,60,3.4,2.4,4,SE,6681,6802,6790
02-09-2022 18:41,60,3.4,2.4,4,SE,6678,6796,6786
02-09-2022 18:42,59.9,3.4,2.4,4,SE,6664,6777,6776
02-09-2022 18:43,59.9,3.4,2.4,4,SE,6667,6773,6771
02-09-2022 18:43,60,3.4,2.6,4,SE,6670,6793,6783
02-09-2022 18:44,60,3.6,2.6,4,SE,6677,6800,6788
02-09-2022 18:44,60,3.6,2.6,4,SE,6674,6799,6788
02-09-2022 18:45,59.9,3.2,2.6,3.6,SE,6668,6789,6779
02-09-2022 18:45,59.9,3.2,2.4,3.6,SE,6673,6792,6778
02-09-2022 18:46,60,3.8,2.8,4.2,SE,6673,6805,6788
02-09-2022 18:47,60,3.2,2.4,3.6,SE,6675,6791,6778
02-09-2022 18:47,59.9,3.2,2.4,3.6,SE,6664,6787,6773
02-09-2022 18:48,60,3.2,2.4,3.6,SE,6667,6788,6777
02-09-2022 18:48,60,3.2,2.4,3.6,SE,6670,6784,6769
02-09-2022 18:49,59.9,3.2,2.4,3.6,SE,6676,6790,6775
02-09-2022 18:49,60,3.2,2.4,3.6,SE,6679,6784,6770
02-09-2022 18:50,60,3.2,2.4,3.8,SE,6684,6796,6784
02-09-2022 18:50,60,3.2,2.4,3.8,SE,6687,6794,6780
02-09-2022 18:51,59.9,3.2,2.4,3.8,SE,6681,6807,6786
02-09-2022 18:51,59.9,3.2,2.4,3.6,SE,6683,6806,6785
02-09-2022 18:52,60,3.2,2.4,3.6,SE,6681,6804,6787
02-09-2022 18:52,59.9,3.2,2.4,3.6,SE,6685,6800,6790
02-09-2022 18:53,60,3.2,2.4,3.6,SE,6684,6804,6793
02-09-2022 18:53,60,3.2,2.4,3.6,SE,6684,6803,6786
02-09-2022 18:54,60,3.2,2.4,3.6,SE,6680,6805,6795
02-09-2022 18:55,60,3.2,2.4,3.6,SE,6679,6808,6795
02-09-2022 18:55,59.9,3.2,2.4,3.6,SE,6682,6806,6792
02-09-2022 18:56,59.9,3.2,2.4,3.6,SE,6689,6803,6787
02-09-2022 18:56,60,3.2,2.4,3.6,SE,6691,6805,6788
02-09-2022 18:57,60,3.2,2.4,3.6,SE,6698,6806,6788
02-09-2022 18:57,60,3.2,2.4,3.6,SE,6680,6805,6784
02-09-2022 18:58,59.9,3.2,2.4,3.6,SE,6671,6797,6775
02-09-2022 18:59,60,3.2,2.4,3.6,SE,6672,6808,6788
02-09-2022 18:59,60,3.2,2.4,3.6,SE,6674,6807,6787
02-09-2022 19:00,60,3,2.2,3.6,SE,6671,6809,6788
02-09-2022 19:00,60,3,2.2,3.6,SE,6682,6811,6795
02-09-2022 19:01,60,3,2.2,3.6,SE,6700,6815,6802
02-09-2022 19:01,60,3,2.4,3.6,SE,6693,6804,6788
02-09-2022 19:02,59.9,3,2.2,3.6,SE,6693,6815,6799
02-09-2022 19:02,60,3,2.4,3.6,SE,6696,6815,6802
02-09-2022 19:03,60,3.2,2.4,3.6,SE,6691,6814,6797
02-09-2022 19:03,60,3.2,2.2,3.6,SE,6690,6800,6786
02-09-2022 19:04,59.9,3.2,2.2,3.6,SE,6689,6808,6795
02-09-2022 19:04,59.9,3.2,2.2,3.6,SE,6687,6806,6796
02-09-2022 19:05,60,3.4,2.4,3.6,SE,6686,6810,6796
02-09-2022 19:05,60,3.4,2.4,3.6,SE,6682,6815,6800
02-09-2022 19:06,60,3.4,2.4,3.8,SE,6700,6813,6800
02-09-2022 19:07,60,3.4,2.4,3.8,SE,6698,6813,6801
02-09-2022 19:07,60,3.4,2.4,3.8,SE,6700,6818,6809
02-09-2022 19:08,60,3.2,2.4,3.6,SE,6700,6815,6804
02-09-2022 19:08,59.9,3.4,2.4,3.8,SE,6686,6809,6801
02-09-2022 19:09,59.9,3.4,2.4,3.8,SE,6687,6813,6800
02-09-2022 19:09,60,3.4,2.6,3.8,SE,6686,6801,6797
02-09-2022 19:10,60,3.4,2.6,3.8,SE,6688,6810,6800
02-09-2022 19:11,60,3.4,2.6,3.6,SE,6699,6809,6802
02-09-2022 19:12,60,3.4,2.6,3.8,SE,6687,6798,6791
02-09-2022 19:12,60,3.2,2.4,3.6,SE,6677,6796,6792
02-09-2022 19:13,60,3.2,2.4,3.6,SE,6668,6804,6789
02-09-2022 19:13,60,3.2,2.4,3.6,SE,6675,6808,6790
02-09-2022 19:14,60,3,2.4,3.2,SE,6696,6817,6801
02-09-2022 19:14,60,3,2.4,3,SE,6696,6805,6790
02-09-2022 19:15,59.9,3,2.4,3,SE,6692,6807,6791
02-09-2022 19:15,60,2.8,2.2,3,SE,6694,6812,6793
02-09-2022 19:16,60,2.8,2.2,3,SE,6663,6812,6793
02-09-2022 19:16,59.9,2.8,2.2,3,SE,6672,6810,6795
02-09-2022 19:17,60,2.8,2.2,3,SE,6684,6803,6792
02-09-2022 19:17,60,2.8,2.2,3,SE,6700,6813,6800
02-09-2022 19:18,60,2.8,2.2,3,SE,6697,6811,6795
02-09-2022 19:19,60,2.8,2.4,3,SE,6700,6811,6797
02-09-2022 19:19,59.9,2.8,2.4,3,SE,6693,6813,6797
02-09-2022 19:20,59.9,2.8,2.4,3,SE,6691,6810,6797
02-09-2022 19:20,60,2.8,2.4,3,SE,6682,6811,6799
02-09-2022 19:21,60,2.8,2.4,3,SE,6681,6820,6804
02-09-2022 19:22,59.9,2.8,2.4,3,SE,6691,6814,6799
02-09-2022 19:22,59.9,2.8,2.4,3.2,SE,6692,6816,6800
02-09-2022 19:23,59.9,2.8,2.4,3.2,SE,6689,6811,6792
02-09-2022 19:23,59.9,2.8,2.4,3.2,SE,6689,6805,6788
02-09-2022 19:24,60,2.8,2.4,3.2,SE,6685,6811,6795
02-09-2022 19:24,59.9,2.8,2.4,3.2,SE,6698,6818,6801
02-09-2022 19:25,60,2.8,2.4,3.2,SE,6692,6816,6804
02-09-2022 19:25,59.9,2.8,2.4,3.2,SE,6678,6813,6801
02-09-2022 19:26,60,2.6,2,3.2,SE,6684,6814,6797
02-09-2022 19:26,59.9,2.6,2,3,SE,6683,6816,6796
02-09-2022 19:27,60,3,2.2,3.2,SE,6686,6812,6795
02-09-2022 19:27,59.9,2.6,2,3,SE,6692,6816,6803
02-09-2022 19:28,60,2.8,2.2,3.2,SE,6694,6809,6800
02-09-2022 19:28,59.9,2.8,2.2,3,SE,6687,6817,6798
02-09-2022 19:29,60,2.8,2.2,3,SE,6695,6818,6802
02-09-2022 19:29,60,2.8,2.2,3.2,SE,6699,6823,6808
02-09-2022 19:30,59.9,2.8,2.2,3,SE,6682,6808,6797
02-09-2022 19:31,60,2.8,2.2,3,SE,6686,6823,6809
02-09-2022 19:31,60,2.6,2.2,3,SE,6693,6824,6809
02-09-2022 19:32,60,2.6,2.2,3.2,SE,6690,6818,6801
02-09-2022 19:32,59.9,2.8,2.4,3.2,SE,6687,6818,6801
02-09-2022 19:33,60,2.8,2.2,3.2,SE,6683,6823,6807
02-09-2022 19:34,59.9,2.6,2.2,3.2,SE,6688,6808,6797
02-09-2022 19:34,60,2.6,2.2,3.2,SE,6692,6815,6802
02-09-2022 19:35,59.9,2.6,2.2,3.2,SE,6695,6815,6805
02-09-2022 19:35,60,2.6,2.2,3.2,SE,6694,6814,6806
02-09-2022 19:36,60,2.4,2.2,3.2,SE,6691,6827,6814
02-09-2022 19:36,59.9,2.4,2.2,3.2,SE,6706,6820,6808
02-09-2022 19:37,59.9,2.4,2.2,3.2,SE,6714,6828,6818
02-09-2022 19:37,59.9,2.6,2.2,3.2,SE,6707,6823,6812
02-09-2022 19:38,59.9,2.4,2.2,3.2,SE,6702,6816,6802
02-09-2022 19:38,60,2.4,2.2,3.2,SE,6686,6815,6799
02-09-2022 19:39,60,2.8,2.4,3.4,SE,6687,6819,6803
02-09-2022 19:39,60,2.4,2.2,3,SE,6701,6805,6804
02-09-2022 19:40,59.9,2.4,2,3,SE,6709,6816,6806
02-09-2022 19:40,59.9,2.4,2,3.2,SE,6715,6820,6808
02-09-2022 19:41,59.9,2.4,2,3.2,SE,6717,6828,6815
02-09-2022 19:41,59.9,2.4,2,3.2,SE,6711,6822,6809
02-09-2022 19:42,59.9,2.4,2,3.2,SE,6677,6830,6809
02-09-2022 19:43,59.9,2.4,2,3.2,SE,6698,6825,6814
02-09-2022 19:43,60,2.4,2,3.2,SE,6701,6816,6804
02-09-2022 19:44,59.9,2.4,2.2,3.2,SE,6705,6814,6803
02-09-2022 19:44,59.9,2.4,2.2,3.2,SE,6692,6811,6798
02-09-2022 19:45,59.9,2.4,2.2,3.2,SE,6678,6811,6803
02-09-2022 19:46,59.9,2.4,2.2,3,SE,6703,6827,6814
02-09-2022 19:47,59.9,2.4,2.2,3,SE,6703,6828,6812
02-09-2022 19:47,60,2.4,2.2,3,SE,6711,6822,6811
02-09-2022 19:48,59.9,2.4,2.2,3,SE,6705,6828,6816
02-09-2022 19:48,59.9,2.4,2.2,3,SE,6705,6828,6814
02-09-2022 19:49,59.9,2.6,2.2,3,SE,6710,6830,6815
02-09-2022 19:49,59.9,2.6,2.2,3,SE,6722,6842,6824
02-09-2022 19:50,59.9,2.6,2,3,SE,6716,6837,6825
02-09-2022 19:50,59.9,2.6,2,3,SE,6721,6838,6829
02-09-2022 19:51,59.9,2.4,2,3,SE,6700,6823,6814
02-09-2022 19:51,59.9,2.4,2,3,SE,6696,6829,6818
02-09-2022 19:52,59.9,2.4,2,3,SE,6678,6839,6819
02-09-2022 19:52,59.9,2.4,2,3,SE,6701,6847,6828
02-09-2022 19:53,59.9,2.4,2,3,SE,6704,6847,6825
02-09-2022 19:53,59.9,2.4,2,3,SE,6718,6850,6836
02-09-2022 19:54,59.9,2.4,2,3,SE,6727,6845,6826
02-09-2022 19:55,59.9,2.4,2,3,SE,6728,6843,6827
02-09-2022 19:55,60,2.4,2,3,SE,6712,6848,6831
02-09-2022 19:56,59.9,2.4,2,3,SE,6680,6838,6820
02-09-2022 19:56,59.9,2.4,2,3,SE,6718,6847,6835
02-09-2022 19:57,59.9,2.4,2,3,SE,6724,6848,6836
02-09-2022 19:58,59.9,2.4,2,3,SE,6712,6843,6827
02-09-2022 19:58,59.9,2.4,2.2,3,SE,6711,6846,6830
02-09-2022 19:59,59.9,2.4,2,3,SE,6699,6845,6826
02-09-2022 19:59,59.9,2.4,2,3,SE,6720,6848,6833
02-09-2022 20:00,59.9,2.4,2,3,SE,6722,6853,6837
02-09-2022 20:01,59.9,2.4,2,3,SE,6715,6844,6833
02-09-2022 20:01,59.9,2.4,2,3,SE,6724,6845,6830
02-09-2022 20:02,59.9,2.4,2,3,SE,6732,6855,6840
02-09-2022 20:02,59.9,2.4,2,3.2,SE,6739,6854,6841
02-09-2022 20:03,59.9,2.4,2,3.2,SE,6735,6855,6840
02-09-2022 20:03,59.9,2.4,2,3.2,SE,6720,6850,6841
02-09-2022 20:04,59.9,2.4,2,3,SE,6719,6844,6836
02-09-2022 20:04,59.9,2.4,2,3.2,SE,6718,6851,6837
02-09-2022 20:05,59.9,2.4,2,3,SE,6710,6826,6812
02-09-2022 20:06,59.9,2.4,2,3,SE,6709,6825,6810
02-09-2022 20:06,59.9,2.4,2,3,SE,6707,6827,6812
02-09-2022 20:07,60,2.4,2,3,SE,6718,6829,6818
02-09-2022 20:07,59.9,2.4,2,3,SE,6719,6829,6814
02-09-2022 20:08,59.9,2.4,2,3.2,SE,6711,6829,6811
02-09-2022 20:08,59.9,2.4,2,3.2,SE,6704,6837,6821
02-09-2022 20:09,60,2.6,2,3.2,SE,6705,6834,6820
02-09-2022 20:10,59.9,2.6,2.2,3.2,SE,6712,6828,6817
02-09-2022 20:10,59.9,2.6,2,3.2,SE,6717,6821,6811
02-09-2022 20:11,59.9,2.6,2.2,3.2,SE,6721,6825,6817
02-09-2022 20:12,59.9,2.6,2,3.2,SE,6713,6838,6827
02-09-2022 20:13,59.9,2.4,2,3,SE,6689,6837,6817
02-09-2022 20:13,59.9,2.4,2,3,SE,6703,6841,6823
02-09-2022 20:14,59.9,2.4,2,3,SE,6715,6829,6818
02-09-2022 20:14,59.9,2.4,2,3,SE,6717,6835,6821
02-09-2022 20:15,59.9,2.6,2,3,SE,6726,6822,6808
02-09-2022 20:16,59.9,2.6,2,3,SE,6707,6828,6811
02-09-2022 20:16,59.9,2.4,2,3,SE,6687,6830,6815
02-09-2022 20:17,59.9,2.4,2.2,3.2,SE,6686,6836,6818
02-09-2022 20:18,60,2.4,2,3.2,SE,6694,6837,6823
02-09-2022 20:18,60,2.4,2,3.2,SE,6692,6840,6817
02-09-2022 20:19,59.9,2.4,2,3,SE,6706,6836,6817
02-09-2022 20:19,59.9,2.4,2,3,SE,6716,6837,6826
02-09-2022 20:20,59.9,2.4,2,3,SE,6717,6847,6832
02-09-2022 20:20,60,2.4,2,3,SE,6716,6840,6829
02-09-2022 20:21,59.9,2.4,2,3,SE,6703,6838,6823
02-09-2022 20:22,59.9,2.4,2,3,SE,6695,6835,6822
02-09-2022 20:22,59.9,2.4,2,3,SE,6707,6841,6828
02-09-2022 20:23,59.9,2.4,2,3,SE,6700,6845,6826
02-09-2022 20:23,60,2.4,2,3.2,SE,6690,6846,6823
02-09-2022 20:24,60,2.4,2.2,3.2,SE,6721,6849,6833
02-09-2022 20:24,60,2.4,2.2,3.2,SE,6715,6850,6831
02-09-2022 20:25,59.9,2.4,2.2,3.2,SE,6717,6832,6816
02-09-2022 20:25,60,2.4,2.2,3.2,SE,6712,6840,6823
02-09-2022 20:26,60,2.4,2.2,3.2,SE,6716,6852,6830
02-09-2022 20:26,59.9,2.4,2,3,SE,6707,6848,6829
02-09-2022 20:27,59.9,2.4,2,3,SE,6724,6850,6832
02-09-2022 20:27,60,2.4,2,3,SE,6731,6854,6834
02-09-2022 20:28,59.9,2.4,2,3,SE,6723,6849,6830
02-09-2022 20:28,59.9,2.4,2,3,SE,6720,6848,6829
02-09-2022 20:29,60,2.4,2,3,SE,6691,6834,6809
02-09-2022 20:30,60,2.4,2,3,SE,6689,6828,6804
02-09-2022 20:30,59.9,2.4,2,3,SE,6695,6828,6805
02-09-2022 20:31,59.9,2.2,2,3,SE,6699,6833,6818
02-09-2022 20:32,60,2.2,2,3,SE,6701,6841,6824
02-09-2022 20:32,60,2.4,2,3,SE,6715,6835,6824
02-09-2022 20:33,59.9,2.4,2,3,SE,6711,6831,6817
02-09-2022 20:34,59.9,2.4,2,3,SE,6704,6832,6816
02-09-2022 20:34,60,2.6,2,3,SE,6703,6835,6819
02-09-2022 20:35,59.9,2.4,2,3,SE,6707,6839,6828
02-09-2022 20:35,59.9,2.4,2,3,SE,6709,6843,6833
02-09-2022 20:36,60,2.4,2,3,SE,6707,6838,6827
02-09-2022 20:36,60,2.4,2,3,SE,6709,6834,6824
02-09-2022 20:37,59.9,2.4,2,3,SE,6718,6831,6823
02-09-2022 20:37,59.9,2.4,2,3,SE,6715,6835,6827
02-09-2022 20:38,60,2.4,2,3,SE,6718,6837,6829
02-09-2022 20:38,60,2.4,2,3,SE,6716,6837,6831
02-09-2022 20:39,59.9,2.4,2,3,SE,6716,6833,6827
02-09-2022 20:39,59.9,2.4,2,3,SE,6710,6833,6825
02-09-2022 20:40,60,2.4,2.2,3,SE,6719,6839,6827
02-09-2022 20:40,60,2.4,2.2,3,SE,6723,6843,6833
02-09-2022 20:41,60,2.4,2,3,SE,6722,6845,6832
02-09-2022 20:42,60,2.4,2,3,SE,6720,6843,6831
02-09-2022 20:42,59.9,2.4,2,3,SE,6722,6836,6830
02-09-2022 20:43,59.9,2.4,2,3,SE,6720,6835,6829
02-09-2022 20:44,60,2.4,2,3,SE,6720,6833,6827
02-09-2022 20:44,60,2.4,2,3,SE,6717,6837,6827
02-09-2022 20:45,59.9,2.4,2,3,SE,6725,6837,6829
02-09-2022 20:46,59.9,2.4,2.2,3,SE,6721,6833,6825
02-09-2022 20:46,60,2.4,2,3,SE,6729,6840,6836
02-09-2022 20:47,60,2.6,2,3,SE,6724,6831,6823
02-09-2022 20:47,59.9,2.6,2,3,SE,6734,6847,6836
02-09-2022 20:48,60,2.6,2,3,SE,6725,6850,6841
02-09-2022 20:48,60,2.4,2,3,SE,6720,6850,6837
02-09-2022 20:49,59.9,2.4,2,3,SE,6726,6850,6834
02-09-2022 20:49,59.9,2.4,2,3,SE,6733,6846,6831
02-09-2022 20:50,60,2.4,2,3,SE,6738,6844,6833
02-09-2022 20:50,60,2.4,2,3,SE,6734,6843,6829
02-09-2022 20:51,59.9,2.4,2,3,SE,6735,6849,6838
02-09-2022 20:51,59.9,2.4,2,3,SE,6740,6853,6840
02-09-2022 20:52,60,2.4,2,3,SE,6734,6853,6841
02-09-2022 20:52,60,2.4,2,3,SE,6740,6850,6840
02-09-2022 20:53,59.9,2.4,2,3,SE,6734,6851,6838
02-09-2022 20:54,60,2.4,2,3,SE,6736,6853,6843
02-09-2022 20:54,60,2.4,2,3,SE,6740,6848,6840
02-09-2022 20:55,60,2.4,2,3,SE,6749,6846,6842
02-09-2022 20:55,60,2.4,2,3,SE,6741,6849,6842
02-09-2022 20:56,59.9,2.4,2,3,SE,6738,6854,6845
02-09-2022 20:56,60,2.4,2,3.2,SE,6728,6856,6842
02-09-2022 20:57,60,2.4,2,3.2,SE,6720,6845,6830
02-09-2022 20:58,59.9,2.4,2,3,SE,6723,6851,6835
02-09-2022 20:58,59.9,2.4,2,3.2,SE,6716,6848,6831
02-09-2022 20:59,60,2.2,2,3,SE,6731,6839,6817
02-09-2022 20:59,60,2.2,2,3,SE,6742,6832,6811
02-09-2022 21:00,60,2.4,2,3,SE,6722,6844,6827
02-09-2022 21:00,59.9,2.4,2,3,SE,6715,6844,6828
02-09-2022 21:01,59.9,2.4,2,3,SE,6725,6845,6832
02-09-2022 21:01,60,2.4,2,3,SE,6715,6836,6826
02-09-2022 21:02,60,2.4,2,3,SE,6738,6849,6830
02-09-2022 21:02,60,2.4,2,3,SE,6730,6847,6837
02-09-2022 21:03,59.9,2.4,2.2,3,SE,6723,6848,6838
02-09-2022 21:03,59.9,2.4,2,3,SE,6736,6851,6842
02-09-2022 21:04,59.9,2.4,2,3,SE,6731,6846,6840
02-09-2022 21:04,60,2.4,2,3,SE,6736,6852,6843
02-09-2022 21:05,60,2.2,2,3,SE,6737,6853,6841
02-09-2022 21:06,60,2.2,2,3,SE,6737,6855,6840
02-09-2022 21:06,59.9,2.2,2,3,SE,6726,6853,6843
02-09-2022 21:07,60,2.4,2,3,SE,6730,6861,6846
02-09-2022 21:07,60,2.4,2,3,SE,6733,6860,6844
02-09-2022 21:08,60,2.4,2,3,SE,6726,6861,6846
02-09-2022 21:08,60,2.4,2,3,SE,6737,6854,6847
02-09-2022 21:09,59.9,2.6,2,3,SE,6733,6859,6851
02-09-2022 21:10,59.9,2.6,2,3.2,SE,6728,6863,6851
02-09-2022 21:10,60,2.6,2,3.2,SE,6732,6860,6844
02-09-2022 21:11,59.9,2.6,2,3.2,SE,6725,6858,6837
02-09-2022 21:11,59.9,2.6,2,3.2,SE,6746,6866,6846
02-09-2022 21:12,60,2.4,2,3,SE,6738,6856,6837
02-09-2022 21:12,60,2.4,2,3,SE,6739,6859,6843
02-09-2022 21:13,60,2.4,2,3,SE,6744,6859,6846
02-09-2022 21:13,59.9,2.2,2,3,SE,6742,6860,6850
02-09-2022 21:14,59.9,2.2,2,3,SE,6721,6851,6845
02-09-2022 21:14,60,2.2,2,3,SE,6729,6851,6845
02-09-2022 21:15,60,2.2,2,3,SE,6738,6861,6857
02-09-2022 21:15,59.9,2.2,2,3,SE,6736,6858,6845
02-09-2022 21:16,60,2.4,2,3,SE,6736,6854,6837
02-09-2022 21:16,60,2.4,2,3,SE,6739,6863,6851
02-09-2022 21:17,59.9,2.4,2,3,SE,6726,6863,6848
02-09-2022 21:18,59.9,2.4,2,3,SE,6741,6863,6853
02-09-2022 21:18,60,2.4,2,3,SE,6729,6859,6852
02-09-2022 21:19,60,2.4,2,3,SE,6728,6858,6850
02-09-2022 21:19,59.9,2.4,2,3,SE,6734,6856,6850
02-09-2022 21:20,59.9,2.4,2,3,SE,6732,6853,6850
02-09-2022 21:20,60,2.4,2,3,SE,6726,6849,6842
02-09-2022 21:21,59.9,2.4,2,3,SE,6718,6839,6834
02-09-2022 21:22,59.9,2.4,2,3,SE,6721,6845,6848
02-09-2022 21:23,60,2.4,2,2.8,SE,6723,6845,6845
02-09-2022 21:23,60,2.4,2,2.8,SE,6728,6842,6843
02-09-2022 21:24,60,2.2,2,2.8,SE,6733,6851,6848
02-09-2022 21:24,59.9,2.2,2,2.8,SE,6727,6847,6845
02-09-2022 21:25,60,2.2,2,2.8,SE,6730,6854,6851
02-09-2022 21:25,60,2.2,2,2.8,SE,6725,6854,6850
02-09-2022 21:26,60,2.2,2,2.8,SE,6720,6853,6846
02-09-2022 21:26,59.9,2.2,2,2.8,SE,6718,6859,6854
02-09-2022 21:27,59.9,2.2,2,2.8,SE,6705,6849,6844
02-09-2022 21:27,60,2.4,2,2.8,SE,6718,6846,6841
02-09-2022 21:28,60,2.4,2,2.8,SE,6742,6851,6852
02-09-2022 21:28,60,2.4,2,2.8,SE,6743,6842,6844
02-09-2022 21:29,60,2.2,2,2.8,SE,6734,6843,6852
02-09-2022 21:30,59.9,2.2,2,2.8,SE,6710,6824,6835
02-09-2022 21:31,59.9,2.2,2,2.8,SE,6702,6833,6838
02-09-2022 21:31,59.9,2.2,2,2.8,SE,6695,6830,6833
02-09-2022 21:32,60,2.4,2,2.8,SE,6711,6834,6846
02-09-2022 21:33,60,2.4,2,2.8,SE,6722,6826,6833
02-09-2022 21:33,60,2.4,2,2.8,SE,6719,6822,6827
02-09-2022 21:34,59.9,2.4,2,2.8,SE,6690,6814,6821
02-09-2022 21:34,60,2.4,2,2.8,SE,6708,6814,6824
02-09-2022 21:35,59.9,2.2,2,2.8,SE,6708,6817,6831
02-09-2022 21:35,59.9,2.2,2,2.8,SE,6697,6819,6838
02-09-2022 21:36,60,2.2,2,2.8,SE,6708,6825,6834
02-09-2022 21:36,60,2.2,2,2.8,SE,6719,6821,6827
02-09-2022 21:37,59.9,2.2,2,2.8,SE,6721,6818,6826
02-09-2022 21:37,59.9,2.2,2,2.8,SE,6716,6817,6826
02-09-2022 21:38,59.9,2.2,2,2.8,SE,6712,6832,6837
02-09-2022 21:38,60,2.2,2,2.8,SE,6730,6846,6849
02-09-2022 21:39,60,2.2,2,2.8,SE,6722,6838,6843
02-09-2022 21:39,59.9,2.2,2,2.8,SE,6714,6831,6836
02-09-2022 21:40,60,2.2,2,2.8,SE,6716,6833,6833
02-09-2022 21:40,60,2.2,2,2.8,SE,6715,6844,6841
02-09-2022 21:41,60,2.2,2,2.8,SE,6712,6844,6839
02-09-2022 21:42,59.9,2.2,2,2.8,SE,6714,6845,6842
02-09-2022 21:42,59.9,2.2,2,2.8,SE,6723,6844,6842
02-09-2022 21:43,59.9,2.4,2,2.8,SE,6734,6848,6843
02-09-2022 21:43,60,2.4,2,2.8,SE,6733,6852,6846
02-09-2022 21:44,60,2.4,2,2.8,SE,6712,6845,6838
02-09-2022 21:45,60,2.2,2,2.8,SE,6701,6843,6836
02-09-2022 21:45,59.9,2.2,2.2,2.8,SE,6729,6840,6842
02-09-2022 21:46,59.9,2.2,2,2.8,SE,6729,6845,6847
02-09-2022 21:46,60,2.2,2.2,2.8,SE,6731,6849,6849
02-09-2022 21:47,60,2.2,2,2.8,SE,6743,6853,6849
02-09-2022 21:47,59.9,2.2,2,2.8,SE,6736,6850,6846
02-09-2022 21:48,59.9,2.2,2,2.8,SE,6748,6848,6845
02-09-2022 21:48,60,2.2,2,2.8,SE,6742,6858,6857
02-09-2022 21:49,60,2.2,2,2.8,SE,6743,6851,6852
02-09-2022 21:49,60,2.2,2,2.8,SE,6739,6852,6853
02-09-2022 21:50,59.9,2.2,2,2.8,SE,6729,6850,6853
02-09-2022 21:50,59.9,2.2,2,2.8,SE,6734,6850,6852
02-09-2022 21:51,60,2.2,2,2.8,SE,6735,6858,6852
02-09-2022 21:51,60,2.2,2,2.8,SE,6731,6858,6852
02-09-2022 21:52,59.9,2.2,2,2.8,SE,6731,6858,6851
02-09-2022 21:52,60,2.2,2,2.8,SE,6742,6860,6858
02-09-2022 21:53,60,2.2,2,2.8,SE,6748,6861,6853
02-09-2022 21:54,60,2.2,2,2.8,SE,6743,6859,6855
02-09-2022 21:54,59.9,2.2,2,2.8,SE,6742,6846,6845
02-09-2022 21:55,59.9,2.2,2,2.8,SE,6746,6843,6838
02-09-2022 21:55,60,2.2,2,2.8,SE,6739,6858,6857
02-09-2022 21:56,60,2.2,2,2.8,SE,6727,6861,6853
02-09-2022 21:57,60,2.2,2,2.8,SE,6742,6862,6858
02-09-2022 21:58,59.9,2.2,2,2.8,SE,6741,6857,6854
02-09-2022 21:58,59.9,2.2,2,2.8,SE,6740,6864,6862
02-09-2022 21:59,60,2.2,2,2.8,SE,6741,6854,6854
02-09-2022 21:59,60,2.2,2,2.8,SE,6745,6864,6862
02-09-2022 22:00,60,2.2,2,2.8,SE,6752,6857,6855
02-09-2022 22:00,59.9,2.2,2,2.8,SE,6753,6862,6854
02-09-2022 22:01,60,2.2,2,2.8,SE,6751,6867,6862
02-09-2022 22:01,60,2.2,2,2.8,SE,6748,6866,6863
02-09-2022 22:02,59.9,2.2,2,2.8,SE,6730,6867,6862
02-09-2022 22:02,59.9,2.2,1.8,2.8,SE,6743,6868,6863
02-09-2022 22:03,59.9,2.2,1.8,2.8,SE,6751,6864,6857
02-09-2022 22:03,60,2.2,1.8,2.8,SE,6761,6879,6870
02-09-2022 22:04,60,2.2,2,2.8,SE,6759,6864,6854
02-09-2022 22:04,60,2.2,2,2.8,SE,6746,6871,6863
02-09-2022 22:05,60,2.2,2,2.8,SE,6757,6869,6860
02-09-2022 22:06,59.9,2.2,2,2.8,SE,6753,6855,6847
02-09-2022 22:06,60,2.2,2,2.8,SE,6753,6881,6868
02-09-2022 22:07,60,2.4,2,2.8,SE,6751,6874,6864
02-09-2022 22:07,59.9,2.4,2,2.8,SE,6755,6876,6871
02-09-2022 22:08,59.9,2.4,2,2.8,SE,6752,6865,6861
02-09-2022 22:09,60,2.2,2.2,2.8,SE,6762,6864,6860
02-09-2022 22:09,60,2.2,2,2.8,SE,6759,6867,6865
02-09-2022 22:10,59.9,2.2,2,2.8,SE,6753,6870,6863
02-09-2022 22:10,60,2.2,2,2.8,SE,6673,6786,6781
02-09-2022 22:11,59.9,2.2,2,2.8,SE,6667,6786,6780
02-09-2022 22:12,60,2.2,2,2.8,SE,6682,6796,6791
02-09-2022 22:12,60,2.2,2,2.8,SE,6688,6792,6788
02-09-2022 22:13,60,2.2,2,2.8,SE,6683,6804,6791
02-09-2022 22:13,59.9,2.2,2,2.8,SE,6669,6796,6786
02-09-2022 22:14,60,2.2,2,2.8,SE,6673,6810,6798
02-09-2022 22:14,60,2.2,2,2.8,SE,6672,6796,6783
02-09-2022 22:15,60,2.2,1.8,2.8,SE,6690,6802,6796
02-09-2022 22:15,60,2.2,1.8,2.8,SE,6669,6799,6789
02-09-2022 22:16,60,2.2,1.8,2.8,SE,6686,6796,6792
02-09-2022 22:17,59.9,2.2,2,2.8,SE,6682,6802,6797
02-09-2022 22:17,59.9,2.2,2,2.6,SE,6673,6798,6793
02-09-2022 22:18,59.9,2.2,2,2.6,SE,6672,6799,6797
02-09-2022 22:18,60,2.2,2,2.8,SE,6682,6790,6790
02-09-2022 22:19,60,2.2,2,2.8,SE,6686,6783,6783
02-09-2022 22:19,60,2.2,2,2.6,SE,6672,6800,6803
02-09-2022 22:20,60,2.2,2,2.6,SE,6667,6796,6797
02-09-2022 22:21,59.9,2.2,2,2.8,SE,6661,6790,6789
02-09-2022 22:21,59.9,2.2,2,2.8,SE,6659,6793,6791
02-09-2022 22:22,60,2.2,2,2.6,SE,6658,6793,6788
02-09-2022 22:22,60,2.2,2,2.6,SE,6650,6777,6772
02-09-2022 22:23,60,2.2,2,2.8,SE,6673,6793,6789
02-09-2022 22:23,60,2.2,2,2.8,SE,6674,6793,6791
02-09-2022 22:24,60,2.2,2,2.8,SE,6678,6797,6796
02-09-2022 22:24,60,2.2,1.8,2.6,SE,6675,6799,6797
02-09-2022 22:25,60,2.2,2,2.8,SE,6670,6798,6793
02-09-2022 22:25,59.9,2.2,2,2.8,SE,6662,6795,6787
02-09-2022 22:26,59.9,2.2,2,2.8,SE,6665,6789,6781
02-09-2022 22:26,60,2.2,2,2.8,SE,6682,6795,6791
02-09-2022 22:27,59.9,2.2,1.8,2.8,SE,6677,6793,6791
02-09-2022 22:27,59.9,2.2,1.8,2.6,SE,6679,6793,6791
02-09-2022 22:28,59.9,2.2,1.8,2.6,SE,6682,6790,6788
02-09-2022 22:29,59.9,2.2,1.8,2.6,SE,6669,6792,6790
02-09-2022 22:29,60,2.2,1.8,2.6,SE,6674,6797,6797
02-09-2022 22:30,59.9,2.4,2,2.6,SE,6677,6797,6797
02-09-2022 22:31,59.9,2.4,2,2.6,SE,6685,6796,6793
02-09-2022 22:31,59.9,2.4,2,2.8,SE,6674,6800,6795
02-09-2022 22:32,60,2.4,2,2.8,SE,6672,6798,6793
02-09-2022 22:33,59.9,2.2,2,2.8,SE,6665,6783,6782
02-09-2022 22:33,60,2.2,2,2.8,SE,6675,6793,6789
02-09-2022 22:34,60,2.2,2,2.6,SE,6670,6793,6795
02-09-2022 22:34,60,2.2,2,2.6,SE,6672,6793,6794
02-09-2022 22:35,59.9,2.2,2,2.6,SE,6683,6792,6796
02-09-2022 22:35,60,2.2,2,2.6,SE,6676,6787,6793
02-09-2022 22:36,60,2.2,2,2.6,SE,6663,6788,6793
02-09-2022 22:36,59.9,2.2,2,2.6,SE,6675,6776,6784
02-09-2022 22:37,60,2.2,1.8,2.6,SE,6674,6794,6803
02-09-2022 22:37,60,2.2,1.8,2.6,SE,6672,6788,6794
02-09-2022 22:38,60,2.2,1.8,2.6,SE,6679,6790,6795
02-09-2022 22:38,60,2.2,1.8,2.6,SE,6686,6791,6791
02-09-2022 22:39,59.9,2.2,1.8,2.6,SE,6663,6784,6793
02-09-2022 22:39,59.9,2.2,2,2.8,SE,6660,6782,6790
02-09-2022 22:40,59.9,2.2,1.8,2.8,SE,6665,6782,6784
02-09-2022 22:41,60,2.2,1.8,2.8,SE,6666,6793,6794
02-09-2022 22:41,60,2.2,1.8,2.8,SE,6677,6798,6796
02-09-2022 22:42,60,2.2,1.8,2.8,SE,6682,6801,6802
02-09-2022 22:42,59.9,2.2,1.8,2.8,SE,6685,6794,6796
02-09-2022 22:43,59.9,2.2,1.8,2.8,SE,6672,6802,6800
02-09-2022 22:43,59.9,2.2,2,2.8,SE,6672,6793,6792
02-09-2022 22:44,59.9,2.2,2,2.8,SE,6679,6794,6793
02-09-2022 22:45,59.9,2.2,2,2.8,SE,6672,6797,6802
02-09-2022 22:45,60,2.2,2,2.8,SE,6671,6796,6804
02-09-2022 22:46,60,2.2,2,2.8,SE,6676,6795,6797
02-09-2022 22:46,59.9,2.2,1.8,2.8,SE,6659,6797,6799
02-09-2022 22:47,59.9,2.2,1.8,2.8,SE,6674,6791,6793
02-09-2022 22:47,60,2.2,1.8,2.8,SE,6692,6807,6806
02-09-2022 22:48,60,2.2,1.8,2.8,SE,6683,6797,6796
02-09-2022 22:48,60,2.2,2,2.8,SE,6683,6804,6803
02-09-2022 22:49,59.9,2.2,1.8,2.8,SE,6677,6790,6791
02-09-2022 22:49,60,2.2,1.8,2.8,SE,6687,6802,6801
02-09-2022 22:50,60,2.2,1.8,2.8,SE,6683,6795,6799
02-09-2022 22:50,60,2.2,1.8,2.8,SE,6676,6795,6797
02-09-2022 22:51,59.9,2.2,1.8,2.8,SE,6680,6800,6802
02-09-2022 22:51,59.9,2.2,1.8,2.8,SE,6683,6798,6799
02-09-2022 22:52,60,2.2,1.8,2.6,SE,6690,6809,6813
02-09-2022 22:53,60,2.2,1.8,2.6,SE,6693,6804,6807
02-09-2022 22:53,60,2.2,1.8,2.6,SE,6690,6801,6801
02-09-2022 22:54,59.9,2.2,1.8,2.6,SE,6679,6794,6795
02-09-2022 22:54,60,2.2,2,2.6,SE,6684,6796,6795
02-09-2022 22:55,60,2.2,2,2.6,SE,6685,6796,6796
02-09-2022 22:55,60,2.2,2,2.6,SE,6688,6799,6795
02-09-2022 22:56,59.9,2.2,2,2.6,SE,6666,6788,6785
02-09-2022 22:57,59.9,2.2,2,2.6,SE,6677,6798,6803
02-09-2022 22:57,60,2.2,2,2.6,SE,6683,6799,6800
02-09-2022 22:58,60,2.2,2,2.6,SE,6689,6796,6795
02-09-2022 22:58,60,2.2,2,2.6,SE,6685,6797,6797
02-09-2022 22:59,60,2.2,2,2.6,SE,6678,6806,6803
02-09-2022 22:59,60,2.2,1.8,2.6,SE,6687,6803,6799
02-09-2022 23:00,60,2.2,1.8,2.6,SE,6686,6804,6800
02-09-2022 23:00,59.9,2.2,2,2.6,SE,6687,6802,6795
02-09-2022 23:01,59.9,2.2,1.8,2.6,SE,6678,6802,6800
02-09-2022 23:01,59.9,2.2,1.8,2.6,SE,6679,6805,6804
02-09-2022 23:02,60,2,1.8,2.6,SE,6696,6805,6801
02-09-2022 23:02,60,2,1.8,2.6,SE,6700,6805,6803
02-09-2022 23:03,60,2.2,1.8,2.6,SE,6680,6802,6797
02-09-2022 23:03,60,2.2,1.8,2.6,SE,6690,6797,6796
02-09-2022 23:04,59.9,2.2,1.8,2.6,SE,6686,6800,6796
02-09-2022 23:05,59.9,2.4,1.8,2.6,SE,6693,6801,6794
02-09-2022 23:05,60,2.4,2,2.8,SE,6694,6807,6799
02-09-2022 23:06,60,2.4,1.8,2.8,SE,6692,6804,6798
02-09-2022 23:06,60,2.4,1.8,2.6,SE,6692,6804,6800
02-09-2022 23:07,60,2.4,1.8,2.6,SE,6690,6805,6803
02-09-2022 23:07,60,2.2,2,2.8,SE,6685,6798,6798
02-09-2022 23:08,60,2.2,2,2.8,SE,6685,6803,6803
02-09-2022 23:09,60,2.2,2,2.8,SE,6687,6792,6791
02-09-2022 23:10,60,2.4,1.8,2.6,SE,6697,6790,6793
02-09-2022 23:10,60,2.2,1.8,2.6,SE,6699,6789,6793
02-09-2022 23:11,60,2.2,1.8,2.6,SE,6675,6800,6801
02-09-2022 23:11,60,2.2,1.8,2.6,SE,6681,6801,6801
02-09-2022 23:12,60,2.2,1.8,2.6,SE,6676,6803,6802
02-09-2022 23:12,60,2.2,1.8,2.6,SE,6694,6804,6801
02-09-2022 23:13,60,2.4,1.8,2.6,SE,6685,6804,6802
02-09-2022 23:13,60,2.4,1.8,2.8,SE,6662,6777,6777
02-09-2022 23:14,60,2.4,1.8,2.8,SE,6667,6780,6776
02-09-2022 23:14,60,2.4,1.8,2.8,SE,6665,6777,6776
02-09-2022 23:15,59.9,2.2,1.8,2.6,SE,6672,6767,6768
02-09-2022 23:16,60,2.2,1.8,2.8,SE,6654,6768,6770
02-09-2022 23:17,60,2.2,1.8,2.8,SE,6659,6774,6778
02-09-2022 23:17,60,2.2,1.8,2.6,SE,6642,6757,6756
02-09-2022 23:18,60,2.2,1.8,2.6,SE,6637,6754,6752
02-09-2022 23:18,60,2.2,1.8,2.6,SE,6629,6755,6752
02-09-2022 23:19,59.9,2.2,1.8,2.6,SE,6641,6758,6752
02-09-2022 23:19,59.9,2.2,1.8,2.6,SE,6646,6760,6753
02-09-2022 23:20,60,2.2,1.8,2.6,SE,6649,6764,6759
02-09-2022 23:21,60,2.2,2,2.6,SE,6634,6761,6756
02-09-2022 23:21,60,2.2,2,2.6,SE,6645,6760,6755
02-09-2022 23:22,60.1,2.2,2,2.8,SE,6642,6770,6769
02-09-2022 23:22,60.1,2.2,2,2.8,SE,6638,6766,6761
02-09-2022 23:23,60,2.2,2,2.8,SE,6660,6765,6761
02-09-2022 23:23,60,2.4,2,2.8,SE,6658,6769,6767
02-09-2022 23:24,60,2.4,2,2.8,SE,6654,6769,6764
02-09-2022 23:24,60,2.4,2,2.8,SE,6654,6767,6763
02-09-2022 23:25,60,2.4,2,2.8,SE,6654,6756,6753
02-09-2022 23:26,60,2.2,2,2.8,SE,6654,6774,6768
02-09-2022 23:26,60.1,2.2,2,2.8,SE,6662,6779,6774
02-09-2022 23:27,60,2.2,2,2.6,SE,6659,6778,6772
02-09-2022 23:27,60,2.2,2,2.8,SE,6660,6777,6773
02-09-2022 23:28,60,2.4,1.8,2.6,SE,6655,6775,6770
02-09-2022 23:29,60,2.4,1.8,2.6,SE,6657,6768,6760
02-09-2022 23:29,60,2.4,1.8,2.6,SE,6656,6777,6771
02-09-2022 23:30,60,2.4,1.8,2.6,SE,6655,6778,6768
02-09-2022 23:30,60,2.4,1.8,2.8,SE,6658,6777,6771
02-09-2022 23:31,60,2.2,1.8,2.8,SE,6658,6774,6767
02-09-2022 23:31,60,2.2,1.8,2.8,SE,6659,6773,6767
02-09-2022 23:32,60,2.2,1.8,2.8,SE,6659,6780,6775
02-09-2022 23:33,60,2.2,1.8,2.8,SE,6653,6783,6775
02-09-2022 23:33,60,2.2,1.8,2.8,SE,6656,6783,6774
02-09-2022 23:34,60,2.2,2,2.8,SE,6664,6780,6772
02-09-2022 23:34,60,2.2,2,2.6,SE,6667,6774,6765
02-09-2022 23:35,60,2.2,2,2.6,SE,6663,6779,6770
02-09-2022 23:35,60,2.2,2,2.6,SE,6665,6784,6775
02-09-2022 23:36,60,2.2,2,2.6,SE,6660,6777,6771
02-09-2022 23:36,60,2.2,2,2.6,SE,6652,6776,6769
02-09-2022 23:37,60,2.2,2,2.6,SE,6636,6774,6768
02-09-2022 23:37,60,2.2,2,2.6,SE,6655,6776,6774
02-09-2022 23:38,60,2.2,2,2.6,SE,6666,6779,6775
02-09-2022 23:38,60,2.2,2,2.6,SE,6664,6778,6776
02-09-2022 23:39,60,2.2,2,2.8,SE,6672,6782,6777
02-09-2022 23:39,60,2.2,2,2.8,SE,6672,6781,6778
02-09-2022 23:40,60,2.4,1.8,2.8,SE,6659,6785,6779
02-09-2022 23:41,60,2.4,1.8,2.8,SE,6661,6782,6773
02-09-2022 23:41,60,2.4,1.8,2.8,SE,6665,6780,6773
02-09-2022 23:42,60,2.4,1.8,2.8,SE,6671,6778,6772
02-09-2022 23:42,60,2.2,1.8,2.8,SE,6667,6773,6770
02-09-2022 23:43,60,2.2,2,2.8,SE,6672,6784,6782
02-09-2022 23:44,60,2.2,2,2.8,SE,6663,6780,6777
02-09-2022 23:44,60,2.2,2,2.8,SE,6668,6784,6783
02-09-2022 23:45,60,2.2,2,2.8,SE,6665,6773,6777
02-09-2022 23:45,60,2.2,2,2.6,SE,6652,6767,6772
02-09-2022 23:46,60,2.2,2,2.6,SE,6664,6781,6778
02-09-2022 23:46,60,2.2,2,2.6,SE,6664,6779,6777
02-09-2022 23:47,60,2.2,2,2.6,SE,6664,6780,6780
02-09-2022 23:47,60,2.2,2,2.6,SE,6660,6779,6780
02-09-2022 23:48,60,2.2,2,2.6,SE,6659,6777,6776
02-09-2022 23:48,60,2.2,2,2.8,SE,6649,6779,6777
02-09-2022 23:49,60,2.2,2,2.8,SE,6658,6777,6774
02-09-2022 23:49,59.9,2.2,2,2.6,SE,6655,6778,6771
02-09-2022 23:50,59.9,2.2,2,2.6,SE,6650,6772,6768
02-09-2022 23:50,59.9,2.2,2,2.6,SE,6645,6776,6770
02-09-2022 23:51,59.9,2.2,2,2.6,SE,6654,6778,6773
02-09-2022 23:51,60,2.2,2,2.6,SE,6654,6770,6763
02-09-2022 23:52,60,2.2,2,2.6,SE,6661,6772,6761
02-09-2022 23:53,60,2.2,2,2.6,SE,6663,6781,6770
02-09-2022 23:53,59.9,2.4,2,2.6,SE,6660,6784,6775
02-09-2022 23:54,60,2.4,2,2.6,SE,6659,6779,6773
02-09-2022 23:54,59.9,2.2,2,2.6,SE,6649,6776,6772
02-09-2022 23:55,59.9,2.4,2,2.6,SE,6664,6780,6773
02-09-2022 23:56,59.9,2.2,2,2.6,SE,6675,6794,6788
02-09-2022 23:56,59.9,2.2,2,2.6,SE,6692,6809,6802
02-09-2022 23:57,60,2.2,2,2.6,SE,6686,6803,6799
02-09-2022 23:57,60,2.4,2,2.6,SE,6689,6807,6803
02-09-2022 23:58,59.9,2.4,2,2.8,SE,6688,6808,6803
02-09-2022 23:58,59.9,2.4,2,2.8,SE,6686,6806,6801
02-09-2022 23:59,60,2.4,2,2.6,SE,6683,6807,6804
02-09-2022 23:59,59.9,2.4,2,2.6,SE,6689,6813,6808
03-09-2022 00:00,59.9,2.2,2,2.6,SE,6686,6810,6801
03-09-2022 00:00,59.9,2.4,2,3,SE,6667,6789,6782
03-09-2022 00:01,59.9,2.6,2,3,SE,6676,6781,6773
03-09-2022 00:01,60,2.6,2,3,SE,6669,6787,6780
03-09-2022 00:02,60,2.6,2,3,SE,6670,6791,6787
03-09-2022 00:02,59.9,2.6,2,3,SE,6656,6776,6772
03-09-2022 00:03,59.9,2.6,2,3,SE,6662,6782,6775
03-09-2022 00:03,59.9,2.6,2,3,SE,6658,6785,6779
03-09-2022 00:04,60,2.4,2,3,SE,6673,6787,6775
03-09-2022 00:05,59.9,2.4,2,3,SE,6673,6792,6782
03-09-2022 00:05,60,2.4,2,3,SE,6672,6793,6779
03-09-2022 00:06,59.9,2.4,2,3,SE,6670,6789,6777
03-09-2022 00:06,59.9,2.2,2,2.8,SE,6661,6789,6779
03-09-2022 00:07,59.9,2.2,2,2.8,SE,6665,6788,6780
03-09-2022 00:08,60,2.2,2,2.6,SE,6677,6797,6786
03-09-2022 00:08,60,2.4,2,2.6,SE,6674,6798,6787
03-09-2022 00:09,59.9,2.2,2,2.6,SE,6675,6792,6783
03-09-2022 00:09,59.9,2.2,2,2.6,SE,6670,6788,6776
03-09-2022 00:10,60,2.2,2,2.6,SE,6667,6789,6783
03-09-2022 00:10,59.9,2.2,2,2.6,SE,6659,6789,6780
03-09-2022 00:11,59.9,2.2,2,2.6,SE,6667,6784,6777
03-09-2022 00:11,59.9,2.2,2,2.6,SE,6658,6778,6767
03-09-2022 00:12,60,2.2,2,2.6,SE,6704,6816,6804
03-09-2022 00:12,60,2.2,2,2.8,SE,6703,6820,6809
03-09-2022 00:13,59.9,2.4,2,2.8,SE,6689,6809,6799
03-09-2022 00:13,59.9,2.4,2,2.8,SE,6691,6808,6798
03-09-2022 00:14,59.9,2.4,2.2,2.8,SE,6663,6786,6780
03-09-2022 00:14,59.9,2.4,2.2,2.8,SE,6653,6779,6773
03-09-2022 00:15,59.9,2.4,2.2,2.6,SE,6661,6780,6771
03-09-2022 00:15,59.9,2.4,2.2,2.8,SE,6666,6779,6772
03-09-2022 00:16,59.9,2.4,2.2,2.8,SE,6656,6772,6761
03-09-2022 00:17,59.9,2.4,2.2,2.8,SE,6668,6784,6772
03-09-2022 00:17,59.9,2.4,2,2.8,SE,6666,6783,6769
03-09-2022 00:18,59.9,2.4,2,2.8,SE,6665,6781,6769
03-09-2022 00:18,60,2.4,2,2.8,SE,6665,6784,6774
03-09-2022 00:19,59.9,2.4,2,2.8,SE,6671,6790,6780
03-09-2022 00:20,59.9,2.4,2,2.8,SE,6664,6780,6773
03-09-2022 00:20,59.9,2.4,2,2.8,SE,6661,6778,6771
03-09-2022 00:21,60,2.4,2,2.8,SE,6667,6784,6772
03-09-2022 00:21,59.9,2.4,2,2.8,SE,6663,6782,6772
03-09-2022 00:22,59.9,2.4,2.2,2.6,SE,6669,6788,6778
03-09-2022 00:22,60,2.4,2.2,2.6,SE,6656,6775,6766
03-09-2022 00:23,59.9,2.4,2,2.6,SE,6667,6785,6776
03-09-2022 00:23,60,2.4,2,2.6,SE,6664,6782,6772
03-09-2022 00:24,59.9,2.4,2,2.6,SE,6665,6782,6772
03-09-2022 00:24,59.9,2.4,2,2.6,SE,6662,6780,6770
03-09-2022 00:25,59.9,2.4,2.2,2.6,SE,6662,6780,6769
03-09-2022 00:25,59.9,2.4,2.2,2.6,SE,6656,6774,6763
03-09-2022 00:26,59.9,2.4,2.2,2.6,SE,6666,6783,6772
03-09-2022 00:26,59.9,2.4,2.2,2.6,SE,6671,6788,6777
03-09-2022 00:27,59.8,2.4,2.2,2.6,SE,6657,6776,6768
03-09-2022 00:28,59.9,2.4,2.2,2.6,SE,6660,6777,6767
03-09-2022 00:28,59.9,2.4,2.2,2.6,SE,6663,6782,6771
03-09-2022 00:29,59.9,2.4,2.2,2.6,SE,6667,6787,6775
03-09-2022 00:29,60,2.4,2.2,2.6,SE,6688,6810,6798
03-09-2022 00:30,60,2.4,2,2.6,SE,6687,6806,6794
03-09-2022 00:31,59.9,2.2,2,2.6,SE,6684,6805,6791
03-09-2022 00:32,60,2.2,2,2.6,SE,6670,6789,6780
03-09-2022 00:32,59.9,2.4,2,2.6,SE,6660,6780,6769
03-09-2022 00:33,59.9,2.4,2,2.6,SE,6652,6772,6762
03-09-2022 00:33,59.9,2.4,2,2.6,SE,6650,6772,6760
03-09-2022 00:34,60,2.4,2,2.8,SE,6670,6789,6787
03-09-2022 00:34,59.9,2.4,2,2.8,SE,6661,6780,6769
03-09-2022 00:35,60,2.2,2,2.8,SE,6662,6780,6770
03-09-2022 00:35,59.9,2.2,2,2.8,SE,6661,6779,6770
03-09-2022 00:36,59.9,2.2,2,2.8,SE,6656,6769,6762
03-09-2022 00:36,59.9,2.2,2,2.6,SE,6655,6770,6762
03-09-2022 00:37,60,2.2,2,2.6,SE,6663,6780,6774
03-09-2022 00:37,59.9,2.2,2,2.6,SE,6653,6770,6764
03-09-2022 00:38,59.9,2.2,2,2.6,SE,6668,6784,6777
03-09-2022 00:38,59.9,2.2,2.2,2.8,SE,6650,6767,6760
03-09-2022 00:39,59.9,2.2,2.2,2.6,SE,6665,6786,6778
03-09-2022 00:40,59.9,2.2,2.2,2.6,SE,6659,6776,6768
03-09-2022 00:40,60,2.2,2.2,2.6,SE,6667,6785,6778
03-09-2022 00:41,60,2.2,2.2,2.6,SE,6667,6784,6777
03-09-2022 00:41,59.9,2.2,2,2.6,SE,6662,6778,6774
03-09-2022 00:42,59.9,2.2,2,2.6,SE,6663,6781,6775
03-09-2022 00:42,59.9,2.2,2,2.6,SE,6663,6782,6777
03-09-2022 00:43,59.9,2.2,2,2.6,SE,6660,6777,6776
03-09-2022 00:44,59.9,2.2,2,2.6,SE,6665,6782,6780
03-09-2022 00:44,59.9,2.2,2,2.6,SE,6657,6774,6770
03-09-2022 00:45,60,2,2,2.6,SE,6691,6808,6805
03-09-2022 00:45,59.9,2,2,2.6,SE,6692,6810,6804
03-09-2022 00:46,59.9,2,2,2.6,SE,6692,6811,6811
03-09-2022 00:46,60,2,2,2.6,SE,6691,6810,6807
03-09-2022 00:47,60,2,2,2.6,SE,6692,6810,6808
03-09-2022 00:47,59.9,2.2,2,2.6,SE,6692,6811,6807
03-09-2022 00:48,60,2.2,2,2.6,SE,6673,6790,6788
03-09-2022 00:48,60,2,2,2.6,SE,6667,6783,6779
03-09-2022 00:49,59.9,2.2,2,2.6,SE,6665,6779,6778
03-09-2022 00:49,59.9,2.2,2,2.6,SE,6666,6776,6779
03-09-2022 00:50,59.9,2.2,2,2.6,SE,6665,6779,6777
03-09-2022 00:50,59.9,2.2,2,2.6,SE,6677,6792,6791
03-09-2022 00:51,59.9,2.2,2.2,2.6,SE,6664,6780,6778
03-09-2022 00:52,59.9,2.2,2,2.6,SE,6679,6801,6792
03-09-2022 00:52,60,2,2,2.6,SE,6661,6776,6777
03-09-2022 00:53,60,2,2,2.6,SE,6661,6778,6776
03-09-2022 00:53,59.9,2,2,2.6,SE,6666,6780,6796
03-09-2022 00:54,59.9,2,2,2.6,SE,6667,6783,6781
03-09-2022 00:54,59.9,2,2,2.6,SE,6669,6785,6782
03-09-2022 00:55,60,2,2,2.6,SE,6671,6788,6785
03-09-2022 00:56,59.8,2,2,2.6,SE,6664,6780,6777
03-09-2022 00:56,59.9,2,2,2.6,SE,6664,6779,6778
03-09-2022 00:57,60,2,2,2.6,SE,6674,6789,6787
03-09-2022 00:57,60,2,2,2.6,SE,6675,6793,6788
03-09-2022 00:58,60,2,2,2.6,SE,6703,6816,6817
03-09-2022 00:59,60,2.2,2,2.6,SE,6699,6816,6814
03-09-2022 00:59,59.9,2.2,2,2.6,SE,6704,6818,6817
03-09-2022 01:00,59.9,2.2,2,2.6,SE,6677,6790,6790
03-09-2022 01:00,60,2.2,2,2.6,SE,6677,6791,6794
03-09-2022 01:01,60,2.2,2,2.6,SE,6673,6789,6785
03-09-2022 01:01,59.9,2,2,2.6,SE,6666,6781,6776
03-09-2022 01:02,59.9,2,2,2.6,SE,6674,6788,6786
03-09-2022 01:02,60,2,2,2.6,SE,6675,6794,6797
03-09-2022 01:03,60,2,2.2,2.6,SE,6674,6790,6786
03-09-2022 01:04,60,2,2.2,2.6,SE,6680,6793,6793
03-09-2022 01:04,59.9,2,2.2,2.6,SE,6670,6785,6790
03-09-2022 01:05,59.9,2.2,2.2,2.6,SE,6672,6785,6782
03-09-2022 01:05,59.9,2.2,2.2,2.6,SE,6668,6782,6778
03-09-2022 01:06,59.9,2.2,2,2.6,SE,6667,6782,6777
03-09-2022 01:06,59.9,2.2,2,2.6,SE,6693,6795,6801
03-09-2022 01:07,60,2.2,2,2.6,SE,6678,6794,6782
03-09-2022 01:08,59.9,2,1.8,2.6,SE,6673,6790,6782
03-09-2022 01:08,59.9,2,1.8,2.6,SE,6671,6791,6781
03-09-2022 01:09,59.9,2,1.8,2.6,SE,6668,6787,6780
03-09-2022 01:09,60,2,1.8,2.6,SE,6665,6781,6776
03-09-2022 01:10,60,2,2,2.6,SE,6672,6790,6781
03-09-2022 01:10,60,2,1.8,2.6,SE,6669,6787,6780
03-09-2022 01:11,60,2,1.8,2.6,SE,6676,6793,6787
03-09-2022 01:11,60,2,1.8,2.6,SE,6681,6798,6791
03-09-2022 01:12,60,2,1.8,2.6,SE,6675,6792,6784
03-09-2022 01:12,59.9,2,1.8,2.6,SE,6675,6791,6785
03-09-2022 01:13,59.8,2.2,2,2.6,SE,6671,6787,6781
03-09-2022 01:13,59.9,2.2,2,2.6,SE,6669,6786,6787
03-09-2022 01:14,59.9,2.2,2,2.6,SE,6667,6784,6780
03-09-2022 01:14,60,2.2,2,2.6,SE,6667,6787,6781
03-09-2022 01:15,60,2.2,2,2.6,SE,6667,6787,6784
03-09-2022 01:16,60,2.2,2,2.6,SE,6672,6793,6783
03-09-2022 01:16,60,2.2,2,2.6,SE,6696,6817,6811
03-09-2022 01:17,59.9,2.2,2,2.6,SE,6669,6787,6784
03-09-2022 01:17,59.9,2.2,2,2.6,SE,6662,6781,6776
03-09-2022 01:18,60,2.2,2,2.6,SE,6667,6785,6783
03-09-2022 01:18,60,2.2,2,2.6,SE,6674,6790,6789
03-09-2022 01:19,60,2,2,2.6,SE,6674,6791,6789
03-09-2022 01:20,59.9,2,2,2.6,SE,6681,6798,6794
03-09-2022 01:20,59.9,2,2,2.6,SE,6673,6792,6787
03-09-2022 01:21,59.9,2,2,2.6,SE,6664,6781,6779
03-09-2022 01:21,60,2,2,2.6,SE,6674,6792,6791
03-09-2022 01:22,59.9,2.2,2,2.6,SE,6665,6787,6782
03-09-2022 01:22,59.9,2.2,2,2.6,SE,6665,6783,6780
03-09-2022 01:23,60.1,2.2,2,2.6,SE,6689,6804,6802
03-09-2022 01:24,60,2.4,2,2.6,SE,6702,6820,6815
03-09-2022 01:24,60,2.4,2,2.6,SE,6705,6822,6816
03-09-2022 01:25,59.9,2.2,2,2.6,SE,6697,6816,6809
03-09-2022 01:25,59.9,2.2,2,2.6,SE,6696,6814,6806
03-09-2022 01:26,59.9,2.2,2,2.6,SE,6687,6809,6804
03-09-2022 01:26,59.9,2.2,2,2.6,SE,6687,6808,6802
03-09-2022 01:27,60,2.2,2,2.6,SE,6695,6816,6810
03-09-2022 01:28,60,2.2,2,2.6,SE,6703,6824,6816
03-09-2022 01:28,60,2.2,2,2.6,SE,6705,6823,6817
03-09-2022 01:29,60,2.2,2,2.6,SE,6707,6826,6822
03-09-2022 01:29,60,2.4,2,2.6,SE,6704,6818,6817
03-09-2022 01:30,60,2.4,2,2.6,SE,6690,6797,6804
03-09-2022 01:30,60,2.2,2,2.6,SE,6676,6790,6788
03-09-2022 01:31,59.9,2.2,2,2.6,SE,6678,6793,6790
03-09-2022 01:32,59.9,2.2,2,2.6,SE,6671,6787,6781
03-09-2022 01:32,59.9,2.2,2,2.6,SE,6668,6794,6781
03-09-2022 01:33,60,2.2,2,2.6,SE,6676,6794,6789
03-09-2022 01:33,60,2.2,2,2.6,SE,6671,6790,6787
03-09-2022 01:34,60,2,1.8,2.6,SE,6679,6795,6787
03-09-2022 01:34,59.9,2,1.8,2.6,SE,6675,6795,6791
03-09-2022 01:35,59.9,2,1.8,2.6,SE,6675,6793,6783
03-09-2022 01:35,59.9,2,1.8,2.6,SE,6673,6792,6784
03-09-2022 01:36,59.8,2,1.8,2.6,SE,6667,6783,6775
03-09-2022 01:36,59.9,2,1.8,2.6,SE,6674,6791,6783
03-09-2022 01:37,60,2.2,2,2.6,SE,6673,6789,6785
03-09-2022 01:37,60,2.2,2,2.6,SE,6675,6790,6785
03-09-2022 01:38,60,2.2,2,2.6,SE,6681,6799,6782
03-09-2022 01:38,60,2.2,2,2.6,SE,6685,6807,6795
03-09-2022 01:39,59.9,2.2,2,2.6,SE,6666,6786,6779
03-09-2022 01:40,59.9,2.2,2,2.6,SE,6671,6789,6784
03-09-2022 01:40,60,2,2,2.6,SE,6674,6793,6787
03-09-2022 01:41,60,2,2,2.6,SE,6672,6789,6786
03-09-2022 01:41,59.9,2,2,2.6,SE,6668,6787,6780
03-09-2022 01:42,59.9,2,2,2.6,SE,6669,6786,6780
03-09-2022 01:42,59.9,2,2,2.6,SE,6669,6786,6780
03-09-2022 01:43,59.9,2,2,2.6,SE,6670,6789,6783
03-09-2022 01:44,60,2,2,2.6,SE,6698,6817,6810
03-09-2022 01:44,60,2,2,2.6,SE,6705,6822,6815
03-09-2022 01:45,60,2,1.8,2.6,SE,6703,6817,6814
03-09-2022 01:45,60,2,1.8,2.6,SE,6703,6819,6811
03-09-2022 01:46,59.8,2.2,1.8,2.6,SE,6676,6793,6788
03-09-2022 01:46,59.8,2.2,1.8,2.6,SE,6674,6791,6785
03-09-2022 01:47,59.8,2.2,1.8,2.6,SE,6666,6784,6777
03-09-2022 01:47,59.9,2.2,1.8,2.6,SE,6670,6788,6781
03-09-2022 01:48,59.9,2.2,1.8,2.6,SE,6666,6782,6779
03-09-2022 01:48,59.9,2.2,1.8,2.6,SE,6669,6784,6781
03-09-2022 01:49,59.9,2,1.8,2.6,SE,6663,6782,6777
03-09-2022 01:49,60,2,2,2.6,SE,6668,6787,6780
03-09-2022 01:50,60,2,2.2,2.6,SE,6667,6785,6781
03-09-2022 01:50,59.9,2,2,2.6,SE,6673,6792,6785
03-09-2022 01:51,60,2,2.2,2.6,SE,6674,6791,6785
03-09-2022 01:52,59.9,2,2,2.6,SE,6664,6782,6776
03-09-2022 01:52,60,2,2.2,2.6,SE,6669,6786,6780
03-09-2022 01:53,59.9,2,2,2.6,SE,6667,6784,6779
03-09-2022 01:53,60,2.2,2,2.6,SE,6661,6775,6771
03-09-2022 01:54,59.9,2,2,2.6,SE,6660,6776,6771
03-09-2022 01:55,59.9,2,2,2.6,SE,6662,6779,6786
03-09-2022 01:55,59.9,2,2,2.6,SE,6673,6791,6787
03-09-2022 01:56,59.9,2,2,2.6,SE,6659,6776,6772
03-09-2022 01:56,59.9,2,2,2.6,SE,6673,6791,6784
03-09-2022 01:57,59.9,2,2,2.6,SE,6665,6784,6781
03-09-2022 01:57,59.9,2.2,2,2.6,SE,6666,6781,6776
03-09-2022 01:58,59.9,2.2,2,2.6,SE,6667,6784,6780
03-09-2022 01:58,59.9,2.2,2,2.6,SE,6670,6786,6782
03-09-2022 01:59,60,2.2,2,2.6,SE,6663,6780,6774
03-09-2022 01:59,59.9,2.2,2,2.6,SE,6675,6793,6786
03-09-2022 02:00,59.9,2,2,2.6,SE,6666,6785,6778
03-09-2022 02:00,59.9,2,2,2.6,SE,6668,6788,6780
03-09-2022 02:01,59.9,2,2.2,2.6,SE,6695,6817,6807
03-09-2022 02:01,59.9,2,2.2,2.6,SE,6696,6818,6810
03-09-2022 02:02,60,2,2.2,2.6,SE,6707,6825,6816
03-09-2022 02:02,60,2,2,2.6,SE,6703,6819,6815
03-09-2022 02:03,59.9,2,2,2.6,SE,6693,6811,6803
03-09-2022 02:04,59.9,2,2,2.6,SE,6696,6815,6808
03-09-2022 02:04,59.9,2,2,2.6,SE,6676,6795,6794
03-09-2022 02:05,59.9,2,2,2.6,SE,6663,6785,6783
03-09-2022 02:05,59.9,2,2,2.6,SE,6656,6779,6777
03-09-2022 02:06,60,2,2.2,2.6,SE,6659,6779,6790
03-09-2022 02:07,59.9,2,2,2.6,SE,6667,6788,6786
03-09-2022 02:07,59.9,2,2,2.6,SE,6667,6789,6785
03-09-2022 02:08,59.9,2,2,2.6,SE,6669,6791,6786
03-09-2022 02:08,59.9,2,2.2,2.6,SE,6666,6787,6783
03-09-2022 02:09,60,2,2,2.6,SE,6670,6792,6788
03-09-2022 02:09,60,2,2,2.6,SE,6671,6792,6788
03-09-2022 02:10,59.9,2,2,2.6,SE,6673,6790,6787
03-09-2022 02:10,59.9,2,2,2.6,SE,6687,6805,6800
03-09-2022 02:11,60,2,2,2.6,SE,6676,6793,6786
03-09-2022 02:11,60,2,2,2.6,SE,6680,6796,6790
03-09-2022 02:12,60,2,2,2.6,SE,6679,6795,6789
03-09-2022 02:12,60,2,2,2.6,SE,6679,6796,6791
03-09-2022 02:13,59.9,2,2,2.6,SE,6678,6796,6791
03-09-2022 02:13,59.9,2,2,2.6,SE,6671,6789,6785
03-09-2022 02:14,60,2,2,2.6,SE,6682,6798,6800
03-09-2022 02:14,60,2,2,2.6,SE,6703,6823,6815
03-09-2022 02:15,60,2,2,2.6,SE,6712,6829,6823
03-09-2022 02:16,60,2,2,2.6,SE,6708,6828,6819
03-09-2022 02:16,59.9,2,2,2.6,SE,6693,6810,6805
03-09-2022 02:17,59.9,2,2,2.6,SE,6685,6802,6797
03-09-2022 02:17,60,2,2,2.6,SE,6681,6798,6795
03-09-2022 02:18,60,2,2,2.6,SE,6680,6797,6792
03-09-2022 02:19,60,2,2.2,2.6,SE,6689,6806,6803
03-09-2022 02:19,60,2,2,2.6,SE,6679,6795,6793
03-09-2022 02:20,59.9,2.2,2,2.6,SE,6680,6798,6795
03-09-2022 02:20,59.9,2,2,2.6,SE,6676,6793,6791
03-09-2022 02:21,59.9,2.2,2,2.8,SE,6678,6794,6796
03-09-2022 02:21,60,2.2,2,2.8,SE,6684,6799,6811
03-09-2022 02:22,60,2.2,2,2.8,SE,6686,6803,6800
03-09-2022 02:22,60,2.2,2,2.8,SE,6684,6799,6798
03-09-2022 02:23,60,2.2,2,2.8,SE,6679,6794,6797
03-09-2022 02:23,60,2,2,2.6,SE,6679,6798,6793
03-09-2022 02:24,59.9,2,2,2.6,SE,6675,6791,6789
03-09-2022 02:25,59.9,2,2,2.6,SE,6682,6793,6795
03-09-2022 02:25,59.9,2,2,2.6,SE,6678,6792,6792
03-09-2022 02:26,60,2,2,2.6,SE,6678,6793,6795
03-09-2022 02:26,59.9,2,2,2.6,SE,6674,6788,6789
03-09-2022 02:27,59.9,2,2,2.6,SE,6676,6791,6791
03-09-2022 02:28,60,2,2,2.6,SE,6675,6794,6786
03-09-2022 02:28,59.9,2,2,2.6,SE,6673,6792,6790
03-09-2022 02:29,59.9,2,2,2.6,SE,6680,6798,6796
03-09-2022 02:29,60,2,2,2.6,SE,6681,6800,6794
03-09-2022 02:30,59.9,2,2,2.6,SE,6673,6792,6789
03-09-2022 02:31,59.9,2,2,2.6,SE,6673,6792,6788
03-09-2022 02:32,60,2,2,2.6,SE,6685,6806,6801
03-09-2022 02:32,60.1,2,2,2.6,SE,6690,6809,6804
03-09-2022 02:33,60,2,2,2.6,SE,6686,6805,6800
03-09-2022 02:33,59.9,2,2,2.6,SE,6683,6800,6795
03-09-2022 02:34,59.9,2,2,2.6,SE,6705,6823,6819
03-09-2022 02:34,59.9,2,2,2.6,SE,6670,6788,6785
03-09-2022 02:35,60,2,2,2.6,SE,6690,6807,6804
03-09-2022 02:35,60,2,2,2.6,SE,6714,6834,6831
03-09-2022 02:36,60,2,2,2.6,SE,6684,6801,6797
03-09-2022 02:36,59.9,2,2,2.6,SE,6681,6797,6795
03-09-2022 02:37,59.9,2,2,2.6,SE,6690,6808,6804
03-09-2022 02:37,59.9,2,2,2.6,SE,6682,6800,6795
03-09-2022 02:38,60,2,2,2.6,SE,6694,6811,6806
03-09-2022 02:39,60,2,2,2.6,SE,6690,6808,6802
03-09-2022 02:39,59.9,2,2,2.6,SE,6712,6831,6827
03-09-2022 02:40,59.9,2,2,2.6,SE,6686,6806,6802
03-09-2022 02:40,59.9,2,2,2.6,SE,6684,6800,6798
03-09-2022 02:41,59.9,2,2,2.6,SE,6688,6805,6800
03-09-2022 02:41,60,2,2,2.6,SE,6687,6806,6803
03-09-2022 02:42,60,2,2,2.6,SE,6686,6806,6801
03-09-2022 02:43,60,2,2,2.6,SE,6709,6833,6825
03-09-2022 02:43,59.9,2,2,2.6,SE,6713,6832,6827
03-09-2022 02:44,60,2,2,2.6,SE,6713,6834,6828
03-09-2022 02:44,59.9,2,2,2.6,SE,6714,6834,6826
03-09-2022 02:45,59.9,2,2,2.6,SE,6714,6835,6825
03-09-2022 02:45,59.9,2,2,2.6,SE,6716,6835,6830
03-09-2022 02:46,60,2,2,2.6,SE,6714,6834,6829
03-09-2022 02:46,60,2,2,2.6,SE,6713,6833,6828
03-09-2022 02:47,59.9,2,2,2.6,SE,6708,6831,6824
03-09-2022 02:47,59.9,1.8,2,2.6,SE,6710,6831,6826
03-09-2022 02:48,59.9,2,2,2.6,SE,6709,6831,6823
03-09-2022 02:48,59.9,2,2,2.6,SE,6716,6835,6826
03-09-2022 02:49,59.9,2,2,2.6,SE,6690,6811,6802
03-09-2022 02:49,59.9,2,2,2.6,SE,6687,6806,6797
03-09-2022 02:50,60,2,2,2.6,SE,6690,6808,6800
03-09-2022 02:51,60,2,2,2.6,SE,6694,6808,6802
03-09-2022 02:51,60,2,2,2.6,SE,6699,6815,6808
03-09-2022 02:52,60,2,2,2.6,SE,6698,6816,6802
03-09-2022 02:52,60,2,2,2.6,SE,6693,6810,6804
03-09-2022 02:53,60,2,2,2.6,SE,6698,6816,6809
03-09-2022 02:53,60,2,2,2.6,SE,6694,6814,6808
03-09-2022 02:54,60,2,2,2.6,SE,6692,6812,6805
03-09-2022 02:55,59.9,2,2,2.6,SE,6688,6804,6803
03-09-2022 02:55,59.9,2,2,2.6,SE,6681,6800,6797
03-09-2022 02:56,59.9,2.2,2,2.6,SE,6694,6810,6810
03-09-2022 02:56,59.9,2.2,2,2.6,SE,6675,6793,6790
03-09-2022 02:57,59.9,2.2,2,2.6,SE,6687,6807,6801
03-09-2022 02:57,60,2.2,2,2.6,SE,6692,6812,6805
03-09-2022 02:58,59.9,2,2,2.6,SE,6683,6799,6796
03-09-2022 02:58,59.9,2,2,2.6,SE,6683,6801,6800
03-09-2022 02:59,59.9,2,2,2.6,SE,6686,6801,6796
03-09-2022 02:59,60,2,2,2.6,SE,6689,6807,6801
03-09-2022 03:00,60,1.8,2,2.6,SE,6690,6810,6808
03-09-2022 03:00,60,1.8,2,2.6,SE,6696,6813,6798
03-09-2022 03:01,60,1.8,2,2.6,SE,6695,6815,6806
03-09-2022 03:02,59.9,1.8,2,2.6,SE,6710,6829,6823
03-09-2022 03:03,60,1.8,2,2.6,SE,6714,6834,6824
03-09-2022 03:03,59.9,2,1.8,2.6,SE,6710,6830,6823
03-09-2022 03:04,59.9,2,1.8,2.6,SE,6717,6834,6827
03-09-2022 03:04,59.9,2,1.8,2.6,SE,6688,6803,6796
03-09-2022 03:05,59.9,2,2,2.6,SE,6683,6799,6797
03-09-2022 03:05,59.9,2,1.8,2.6,SE,6687,6805,6798
03-09-2022 03:06,60,2,2,2.6,SE,6689,6807,6801
03-09-2022 03:07,59.9,2.2,2,2.6,SE,6679,6798,6791
03-09-2022 03:07,59.9,2,2,2.6,SE,6688,6802,6795
03-09-2022 03:08,59.9,2.2,2,2.6,SE,6699,6817,6812
03-09-2022 03:08,59.8,2.2,2.2,2.6,SE,6679,6797,6791
03-09-2022 03:09,60,2.2,2,2.6,SE,6685,6802,6798
03-09-2022 03:09,60,2,2,2.6,SE,6695,6808,6808
03-09-2022 03:10,60,2,2,2.6,SE,6696,6814,6811
03-09-2022 03:10,60,2,2,2.6,SE,6700,6819,6813
03-09-2022 03:11,60,2,2,2.6,SE,6694,6812,6806
03-09-2022 03:11,59.9,2,2,2.6,SE,6703,6822,6810
03-09-2022 03:12,59.9,2,2,2.6,SE,6689,6808,6802
03-09-2022 03:13,59.9,2,1.8,2.6,SE,6685,6805,6795
03-09-2022 03:13,59.9,2,1.8,2.6,SE,6689,6809,6799
03-09-2022 03:14,60,2,2,2.6,SE,6694,6812,6804
03-09-2022 03:15,60,2,2,2.6,SE,6698,6815,6808
03-09-2022 03:15,60,2,2,2.8,SE,6695,6817,6808
03-09-2022 03:16,60,2,2,2.8,SE,6697,6813,6810
03-09-2022 03:16,60,2,2,2.8,SE,6684,6801,6798
03-09-2022 03:17,59.9,2,2,2.8,SE,6692,6811,6808
03-09-2022 03:17,59.9,2,2,2.8,SE,6688,6807,6802
03-09-2022 03:18,59.9,2.2,2,2.6,SE,6685,6808,6801
03-09-2022 03:19,60,2.2,2,2.6,SE,6719,6841,6831
03-09-2022 03:19,60,2.2,2,2.6,SE,6726,6847,6838
03-09-2022 03:20,60,2.2,2,2.6,SE,6729,6849,6842
03-09-2022 03:20,60,2.2,2,2.6,SE,6731,6849,6841
03-09-2022 03:21,59.9,2,2,2.6,SE,6707,6825,6814
03-09-2022 03:21,59.9,2,2,2.6,SE,6705,6823,6813
03-09-2022 03:22,59.9,2,2,2.6,SE,6704,6821,6811
03-09-2022 03:22,59.9,2,2,2.6,SE,6697,6815,6804
03-09-2022 03:23,59.9,2,2,2.6,SE,6697,6816,6806
03-09-2022 03:23,59.9,2,2,2.6,SE,6697,6815,6805
03-09-2022 03:24,59.8,2,2,2.6,SE,6686,6805,6797
03-09-2022 03:24,59.9,2,2,2.6,SE,6696,6805,6805
03-09-2022 03:25,59.9,2,2.2,2.6,SE,6693,6809,6806
03-09-2022 03:25,59.9,2,2,2.6,SE,6692,6809,6806
03-09-2022 03:26,59.9,2,2,2.6,SE,6696,6811,6807
03-09-2022 03:27,60,2,2,2.6,SE,6706,6823,6818
03-09-2022 03:27,59.9,2,2,2.6,SE,6694,6819,6806
03-09-2022 03:28,59.8,2,1.8,2.6,SE,6683,6798,6795
03-09-2022 03:28,59.9,2,1.8,2.6,SE,6693,6809,6804
03-09-2022 03:29,59.9,2,1.8,2.6,SE,6685,6802,6798
03-09-2022 03:29,59.9,2,1.8,2.6,SE,6691,6807,6803
03-09-2022 03:30,60,2,1.8,2.6,SE,6694,6813,6805
03-09-2022 03:31,60,2,1.8,2.6,SE,6729,6850,6842
03-09-2022 03:31,60,2,1.8,2.6,SE,6727,6845,6842
03-09-2022 03:32,60,2,2,2.6,SE,6731,6850,6846
03-09-2022 03:32,60,2,2,2.6,SE,6724,6843,6840
03-09-2022 03:33,59.9,2,2,2.6,SE,6695,6814,6809
03-09-2022 03:33,59.9,2,2,2.6,SE,6698,6813,6809
03-09-2022 03:34,59.9,2,2,2.6,SE,6695,6810,6804
03-09-2022 03:34,59.9,2,2,2.6,SE,6695,6812,6805
03-09-2022 03:35,59.9,2,2,2.6,SE,6693,6813,6806
03-09-2022 03:35,59.9,2,2,2.6,SE,6696,6815,6809
03-09-2022 03:36,59.8,2,2,2.6,SE,6688,6801,6795
03-09-2022 03:36,59.8,2,2,2.6,SE,6687,6801,6797
03-09-2022 03:37,59.9,2,2,2.6,SE,6693,6809,6804
03-09-2022 03:38,59.9,2,2,2.6,SE,6690,6804,6800
03-09-2022 03:39,60,2,2,2.6,SE,6699,6813,6810
03-09-2022 03:39,59.9,2,1.8,2.6,SE,6691,6808,6805
03-09-2022 03:40,59.9,2,1.8,2.6,SE,6692,6809,6806
03-09-2022 03:40,59.9,2,1.8,2.6,SE,6690,6803,6804
03-09-2022 03:41,59.9,2,1.8,2.6,SE,6690,6807,6797
03-09-2022 03:41,59.9,2.2,1.8,2.6,SE,6696,6813,6805
03-09-2022 03:42,59.9,2,1.8,2.6,SE,6692,6808,6804
03-09-2022 03:43,59.9,2,1.8,2.6,SE,6695,6812,6805
03-09-2022 03:43,59.9,2,2,2.6,SE,6694,6810,6804
03-09-2022 03:44,59.9,2,2,2.6,SE,6694,6809,6805
03-09-2022 03:44,59.9,2.2,1.8,2.6,SE,6698,6814,6809
03-09-2022 03:45,60,2,2,2.6,SE,6688,6805,6810
03-09-2022 03:45,59.9,2,2,2.6,SE,6700,6815,6809
03-09-2022 03:46,59.9,2,2,2.6,SE,6698,6814,6808
03-09-2022 03:46,59.8,2,2,2.6,SE,6691,6806,6801
03-09-2022 03:47,59.9,2,2,2.6,SE,6696,6813,6806
03-09-2022 03:47,59.9,2,2,2.6,SE,6704,6819,6814
03-09-2022 03:48,59.9,2,2,2.6,SE,6701,6816,6813
03-09-2022 03:48,59.9,2,2,2.6,SE,6703,6819,6814
03-09-2022 03:49,59.9,2,2,2.6,SE,6698,6814,6808
03-09-2022 03:49,59.9,2,2,2.6,SE,6696,6815,6807
03-09-2022 03:50,59.9,2,2,2.6,SE,6719,6840,6833
03-09-2022 03:51,59.9,2,2,2.6,SE,6722,6841,6835
03-09-2022 03:51,59.9,2,1.8,2.6,SE,6702,6821,6812
03-09-2022 03:52,59.9,2,1.8,2.6,SE,6698,6817,6809
03-09-2022 03:52,59.9,2,1.8,2.6,SE,6698,6816,6809
03-09-2022 03:53,59.9,2.2,1.8,2.6,SE,6702,6818,6812
03-09-2022 03:53,59.9,2,1.8,2.6,SE,6701,6818,6811
03-09-2022 03:54,59.9,2,1.8,2.6,SE,6693,6812,6804
03-09-2022 03:55,59.9,2,1.8,2.6,SE,6718,6838,6828
03-09-2022 03:56,60,2,1.8,2.6,SE,6721,6839,6829
03-09-2022 03:56,60,2,1.8,2.6,SE,6730,6847,6839
03-09-2022 03:57,59.9,2,2,2.6,SE,6694,6811,6803
03-09-2022 03:57,59.9,2,2,2.6,SE,6697,6815,6805
03-09-2022 03:58,60,2,2,2.6,SE,6709,6832,6819
03-09-2022 03:58,59.9,2,2,2.6,SE,6707,6829,6816
03-09-2022 03:59,60,2,2,2.6,SE,6704,6828,6814
03-09-2022 03:59,59.9,2,2,2.6,SE,6697,6820,6809
03-09-2022 04:00,60,2,2,2.6,SE,6722,6842,6835
03-09-2022 04:00,60,2,2,2.6,SE,6710,6830,6823
03-09-2022 04:01,60,2,2,2.6,SE,6724,6841,6838
03-09-2022 04:01,59.9,2,2,2.6,SE,6721,6840,6834
03-09-2022 04:02,59.8,2,2,2.6,SE,6718,6834,6831
03-09-2022 04:03,59.9,2,2,2.6,SE,6722,6841,6836
03-09-2022 04:03,60,2,2,2.6,SE,6726,6844,6837
03-09-2022 04:04,59.9,2,2,2.6,SE,6728,6844,6840
03-09-2022 04:04,59.9,2,2,2.6,SE,6720,6841,6834
03-09-2022 04:05,59.9,2,2,2.6,SE,6722,6843,6836
03-09-2022 04:06,60,2,2,2.6,SE,6727,6847,6837
03-09-2022 04:06,60,2,2,2.6,SE,6724,6844,6836
03-09-2022 04:07,60,2,2,2.6,SE,6729,6848,6841
03-09-2022 04:07,60,2,2,2.6,SE,6729,6847,6841
03-09-2022 04:08,59.9,2,2,2.6,SE,6691,6808,6803
03-09-2022 04:08,59.9,2,2,2.6,SE,6691,6807,6800
03-09-2022 04:09,59.9,2,2,2.6,SE,6685,6801,6795
03-09-2022 04:09,60,2,2.2,2.6,SE,6703,6818,6811
03-09-2022 04:10,60,2,2.2,2.8,SE,6698,6814,6809
03-09-2022 04:10,59.9,2,2.2,2.8,SE,6699,6820,6805
03-09-2022 04:11,59.9,2,2,2.8,SE,6697,6814,6809
03-09-2022 04:11,59.9,2,2,2.8,SE,6688,6805,6799
03-09-2022 04:12,59.8,2,2,2.8,SE,6692,6808,6806
03-09-2022 04:12,59.9,2,2,2.6,SE,6695,6812,6806
03-09-2022 04:13,59.9,2,2,2.6,SE,6683,6798,6794
03-09-2022 04:13,59.9,2,2,2.6,SE,6695,6812,6806
03-09-2022 04:14,60,2,2,2.6,SE,6706,6821,6819
03-09-2022 04:15,60,2,2,2.6,SE,6703,6813,6814
03-09-2022 04:15,59.9,2.2,2,2.6,SE,6689,6803,6802
03-09-2022 04:16,59.9,2.2,2,2.6,SE,6697,6812,6810
03-09-2022 04:16,59.9,2.2,2,2.6,SE,6689,6804,6801
03-09-2022 04:17,59.9,2,2,2.6,SE,6684,6800,6798
03-09-2022 04:18,59.9,2,2,2.6,SE,6693,6809,6803
03-09-2022 04:18,59.9,2,2,2.6,SE,6704,6816,6811
03-09-2022 04:19,60,2.2,2,2.6,SE,6701,6820,6814
03-09-2022 04:19,59.9,2.2,2,2.6,SE,6700,6818,6813
03-09-2022 04:20,59.9,2.2,2,2.6,SE,6698,6812,6813
03-09-2022 04:20,60,2.2,2,2.6,SE,6732,6849,6851
03-09-2022 04:21,60,2,2,2.6,SE,6734,6851,6849
03-09-2022 04:21,60,2,2,2.6,SE,6727,6843,6841
03-09-2022 04:22,59.9,2,2,2.6,SE,6736,6851,6848
03-09-2022 04:23,59.9,2,2,2.6,SE,6704,6817,6815
03-09-2022 04:23,59.9,2,2,2.6,SE,6695,6809,6807
03-09-2022 04:24,59.9,2,2,2.6,SE,6715,6828,6825
03-09-2022 04:24,59.9,2,2.2,2.6,SE,6690,6803,6822
03-09-2022 04:25,59.9,2,2.2,2.6,SE,6700,6813,6809
03-09-2022 04:25,59.9,2,2.2,2.6,SE,6700,6813,6810
03-09-2022 04:26,59.9,2,2.2,2.6,SE,6711,6824,6821
03-09-2022 04:27,60,2,2.2,2.6,SE,6709,6818,6818
03-09-2022 04:27,60,2,2,2.6,SE,6715,6827,6825
03-09-2022 04:28,60,2,2,2.6,SE,6710,6823,6820
03-09-2022 04:28,59.9,2,2,2.6,SE,6710,6826,6821
03-09-2022 04:29,59.9,2,2,2.6,SE,6707,6822,6816
03-09-2022 04:30,60,2,2,2.6,SE,6705,6819,6814
03-09-2022 04:31,60,2,2,2.6,SE,6709,6823,6817
03-09-2022 04:31,60,2,2,2.6,SE,6716,6823,6822
03-09-2022 04:32,60,2,2,2.6,SE,6707,6823,6818
03-09-2022 04:32,59.9,2,2,2.6,SE,6700,6812,6807
03-09-2022 04:33,59.9,2,2,2.6,SE,6704,6815,6810
03-09-2022 04:33,59.9,2,2,2.6,SE,6708,6815,6814
03-09-2022 04:34,60,2,2,2.6,SE,6715,6827,6820
03-09-2022 04:34,60,2,2,2.6,SE,6708,6821,6814
03-09-2022 04:35,60,2,2,2.6,SE,6716,6831,6825
03-09-2022 04:35,60,2,2,2.6,SE,6710,6825,6817
03-09-2022 04:36,59.9,2,2,2.6,SE,6699,6816,6809
03-09-2022 04:36,59.9,2,2,2.6,SE,6739,6856,6847
03-09-2022 04:37,59.9,2,2,2.6,SE,6733,6851,6842
03-09-2022 04:37,59.9,2,2,2.6,SE,6732,6849,6839
03-09-2022 04:38,59.9,2,2,2.6,SE,6738,6856,6847
03-09-2022 04:39,59.9,2,2,2.6,SE,6727,6846,6837
03-09-2022 04:39,59.9,2,2,2.6,SE,6704,6819,6824
03-09-2022 04:40,60,2,2,2.6,SE,6707,6818,6818
03-09-2022 04:40,59.8,2,2,2.6,SE,6707,6821,6816
03-09-2022 04:41,59.8,2,2,2.6,SE,6693,6806,6804
03-09-2022 04:42,59.8,2,2,2.6,SE,6688,6799,6798
03-09-2022 04:42,59.9,2,2,2.6,SE,6687,6796,6795
03-09-2022 04:43,59.9,2.2,2,2.6,SE,6691,6798,6795
03-09-2022 04:43,59.9,2,2,2.6,SE,6696,6803,6799
03-09-2022 04:44,59.9,2,2,2.6,SE,6697,6803,6800
03-09-2022 04:44,59.9,2,2,2.6,SE,6697,6806,6803
03-09-2022 04:45,59.9,2,2,2.6,SE,6699,6807,6806
03-09-2022 04:45,59.9,2,2,2.6,SE,6693,6806,6804
03-09-2022 04:46,59.9,2,2,2.6,SE,6698,6810,6808
03-09-2022 04:46,59.9,2,2,2.6,SE,6695,6809,6807
03-09-2022 04:47,59.9,2,2,2.6,SE,6690,6804,6804
03-09-2022 04:47,59.9,2,2,2.6,SE,6697,6818,6811
03-09-2022 04:48,59.9,2,2,2.6,SE,6693,6803,6804
03-09-2022 04:48,59.9,2,2,2.6,SE,6730,6840,6836
03-09-2022 04:49,59.9,2,2,2.6,SE,6723,6834,6830
03-09-2022 04:50,59.9,2,2,2.6,SE,6729,6841,6837
03-09-2022 04:50,60,2,2,2.6,SE,6731,6841,6836
03-09-2022 04:51,59.9,2,2,2.6,SE,6709,6820,6818
03-09-2022 04:51,59.9,2,2,2.6,SE,6704,6813,6812
03-09-2022 04:52,59.9,2,2,2.6,SE,6708,6816,6815
03-09-2022 04:52,60,2,2,2.6,SE,6707,6813,6816
03-09-2022 04:53,60,2,2,2.6,SE,6714,6819,6820
03-09-2022 04:54,59.9,2,2,2.6,SE,6692,6805,6804
03-09-2022 04:54,59.9,2,2,2.6,SE,6698,6814,6811
03-09-2022 04:55,60,2,2,2.6,SE,6702,6814,6815
03-09-2022 04:56,59.9,2,2,2.6,SE,6695,6806,6804
03-09-2022 04:56,59.9,2,2,2.6,SE,6705,6817,6817
03-09-2022 04:57,59.9,2,2,2.6,SE,6709,6821,6820
03-09-2022 04:57,60,2,2,2.6,SE,6706,6818,6817
03-09-2022 04:58,59.9,2,2,2.6,SE,6703,6817,6816
03-09-2022 04:58,59.8,2,2,2.6,SE,6702,6816,6814
03-09-2022 04:59,59.9,2,2,2.6,SE,6699,6814,6809
03-09-2022 04:59,59.9,2,2,2.6,SE,6707,6824,6817
03-09-2022 05:00,59.9,2,2,2.6,SE,6705,6819,6810
03-09-2022 05:01,59.9,2,2,2.6,SE,6701,6812,6804
03-09-2022 05:02,59.9,2,2,2.6,SE,6699,6803,6791
03-09-2022 05:02,59.9,2,2,2.6,SE,6704,6816,6809
03-09-2022 05:03,60,2,2,2.6,SE,6702,6816,6810
03-09-2022 05:03,59.9,2,2,2.6,SE,6698,6808,6804
03-09-2022 05:04,59.9,2,2,2.8,SE,6690,6802,6802
03-09-2022 05:04,60,2,2,2.8,SE,6696,6812,6809
03-09-2022 05:05,60,2,2,2.8,SE,6700,6809,6806
03-09-2022 05:06,59.9,2,2,2.8,SE,6703,6807,6805
03-09-2022 05:06,59.9,2,2,2.8,SE,6694,6810,6805
03-09-2022 05:07,59.9,2,2,2.6,SE,6692,6807,6805
03-09-2022 05:07,59.9,2,2,2.6,SE,6701,6819,6814
03-09-2022 05:08,59.9,2,2,2.6,SE,6703,6818,6807
03-09-2022 05:09,59.9,2,2,2.6,SE,6699,6816,6811
03-09-2022 05:09,59.9,2,2,2.6,SE,6723,6847,6842
03-09-2022 05:10,59.9,2,2,2.6,SE,6697,6817,6813
03-09-2022 05:11,59.9,2,2,2.6,SE,6696,6813,6810
03-09-2022 05:11,60,2.2,2,2.6,SE,6700,6812,6807
03-09-2022 05:12,60,2,2,2.6,SE,6723,6843,6835
03-09-2022 05:12,59.9,2.2,2,2.6,SE,6706,6824,6819
03-09-2022 05:13,60,2.2,2,2.6,SE,6726,6838,6830
03-09-2022 05:14,60,2.2,2,2.6,SE,6727,6839,6838
03-09-2022 05:14,59.9,2.2,2,2.6,SE,6721,6835,6831
03-09-2022 05:15,59.9,2.2,2,2.6,SE,6722,6838,6833
03-09-2022 05:15,60,2,2,2.6,SE,6724,6845,6837
03-09-2022 05:16,60,2,2,2.6,SE,6722,6843,6838
03-09-2022 05:16,59.9,2,2,2.6,SE,6720,6839,6834
03-09-2022 05:17,60,2,2,2.6,SE,6725,6835,6828
03-09-2022 05:18,60,2.2,2,2.6,SE,6727,6844,6835
03-09-2022 05:18,60,2.2,2,2.6,SE,6725,6842,6831
03-09-2022 05:19,59.9,2.4,1.8,3,SE,6715,6834,6827
03-09-2022 05:19,59.9,2.4,1.8,3,SE,6721,6834,6820
03-09-2022 05:20,59.9,2.4,2,3,SE,6715,6834,6825
03-09-2022 05:20,59.9,2.2,1.8,3,SE,6701,6820,6814
03-09-2022 05:21,59.9,2.2,1.8,3,SE,6695,6810,6805
03-09-2022 05:21,59.9,2.2,1.8,3,SE,6700,6816,6809
03-09-2022 05:22,60,2.2,1.8,3,SE,6692,6812,6803
03-09-2022 05:22,59.9,2.2,1.8,3,SE,6668,6804,6794
03-09-2022 05:23,59.9,2.2,1.8,3,SE,6690,6818,6814
03-09-2022 05:23,60,2.2,1.8,3,SE,6693,6815,6805
03-09-2022 05:24,59.9,2.2,1.8,3,SE,6682,6810,6801
03-09-2022 05:24,60,2.2,2,3,SE,6679,6808,6800
03-09-2022 05:25,59.9,2.2,2,2.6,SE,6693,6813,6809
03-09-2022 05:26,60,2.2,2,2.6,SE,6704,6813,6817
03-09-2022 05:26,59.9,2,2,2.6,SE,6702,6816,6813
03-09-2022 05:27,59.9,2,2,2.6,SE,6695,6817,6814
03-09-2022 05:27,60,2.2,2,2.6,SE,6698,6819,6823
03-09-2022 05:28,60,2,2,2.6,SE,6706,6823,6823
03-09-2022 05:28,60,2,2,2.6,SE,6711,6830,6824
03-09-2022 05:29,59.9,2,2,2.6,SE,6693,6821,6813
03-09-2022 05:30,59.9,2,2,2.6,SE,6686,6819,6805
03-09-2022 05:30,59.9,2,2,2.6,SE,6671,6800,6793
03-09-2022 05:31,60,2,1.8,2.6,SE,6685,6813,6806
03-09-2022 05:31,60,2,1.8,2.6,SE,6687,6806,6804
03-09-2022 05:32,60,2,1.8,2.6,SE,6700,6815,6814
03-09-2022 05:32,59.9,2,1.8,2.6,SE,6701,6819,6813
03-09-2022 05:33,59.9,2,1.8,2.6,SE,6700,6817,6814
03-09-2022 05:33,59.9,2,1.8,2.6,SE,6703,6821,6815
03-09-2022 05:34,60,2,2,2.6,SE,6695,6823,6815
03-09-2022 05:34,60,2,1.8,2.6,SE,6698,6829,6814
03-09-2022 05:35,60,2,1.8,2.6,SE,6725,6837,6833
03-09-2022 05:35,60,2,1.8,2.6,SE,6726,6839,6835
03-09-2022 05:36,59.9,2,1.8,2.6,SE,6729,6848,6837
03-09-2022 05:36,59.9,2,2,2.6,SE,6730,6847,6841
03-09-2022 05:37,60,2,2,2.6,SE,6739,6850,6842
03-09-2022 05:38,59.9,2,2,2.6,SE,6706,6821,6812
03-09-2022 05:39,60,2,2,2.6,SE,6701,6814,6810
03-09-2022 05:39,59.9,2,2,2.6,SE,6698,6815,6809
03-09-2022 05:40,59.9,2,2,2.6,SE,6697,6814,6804
03-09-2022 05:40,59.9,2.2,2,2.6,SE,6712,6824,6816
03-09-2022 05:41,60,2.2,2,2.6,SE,6706,6815,6811
03-09-2022 05:42,59.9,2.2,2,2.6,SE,6703,6813,6807
03-09-2022 05:42,60,2.2,2,2.6,SE,6707,6817,6810
03-09-2022 05:43,59.9,2.2,2,2.6,SE,6715,6829,6815
03-09-2022 05:43,60,2.2,2,2.6,SE,6710,6824,6826
03-09-2022 05:44,59.9,2,1.8,2.6,SE,6696,6815,6807
03-09-2022 05:44,60,2,2,2.6,SE,6697,6822,6811
03-09-2022 05:45,59.9,2,1.8,2.6,SE,6697,6812,6801
03-09-2022 05:45,59.9,2,1.8,2.6,SE,6707,6824,6809
03-09-2022 05:46,60,2,1.8,2.6,SE,6705,6801,6788
03-09-2022 05:46,60,2,1.8,2.6,SE,6702,6812,6805
03-09-2022 05:47,60,2,1.8,2.6,SE,6706,6811,6810
03-09-2022 05:47,59.9,2,1.8,2.6,SE,6704,6803,6801
03-09-2022 05:48,60,2.2,1.8,2.6,SE,6705,6812,6807
03-09-2022 05:48,59.9,2.2,1.8,2.6,SE,6697,6806,6805
03-09-2022 05:49,59.9,2.2,2,2.6,SE,6692,6803,6800
03-09-2022 05:50,59.9,2.2,2,2.6,SE,6698,6811,6804
03-09-2022 05:50,60,2.2,2,2.6,SE,6736,6828,6830
03-09-2022 05:51,60,2,2,2.6,SE,6748,6847,6843
03-09-2022 05:51,59.9,2,2,2.6,SE,6734,6840,6843
03-09-2022 05:52,59.9,2,2,2.6,SE,6749,6849,6843
03-09-2022 05:52,60,2,2,2.6,SE,6744,6855,6850
03-09-2022 05:53,60,2,2,2.6,SE,6745,6857,6852
03-09-2022 05:54,60,2.2,2,2.6,SE,6717,6836,6833
03-09-2022 05:54,60,2.2,2,2.6,SE,6707,6835,6833
03-09-2022 05:55,60,2.2,2,2.6,SE,6724,6835,6832
03-09-2022 05:55,60,2.2,2,2.6,SE,6721,6831,6828
03-09-2022 05:56,59.9,2.2,2,2.6,SE,6718,6834,6820
03-09-2022 05:56,60,2,2,2.6,SE,6715,6826,6822
03-09-2022 05:57,60,2,1.8,2.6,SE,6708,6821,6816
03-09-2022 05:57,60,2,1.8,2.8,SE,6702,6827,6822
03-09-2022 05:58,59.9,2,1.8,2.8,SE,6716,6820,6817
03-09-2022 05:58,59.9,2,1.8,2.8,SE,6703,6818,6820
03-09-2022 05:59,60,2,1.8,2.8,SE,6714,6810,6808
03-09-2022 05:59,60,2,1.8,2.8,SE,6713,6815,6815
03-09-2022 06:00,59.9,2,1.8,2.6,SE,6705,6830,6826
03-09-2022 06:00,60,2,1.8,2.6,SE,6707,6826,6820
03-09-2022 06:01,59.9,2,1.8,2.6,SE,6706,6822,6813
03-09-2022 06:02,60,2,1.8,2.6,SE,6711,6828,6821
03-09-2022 06:02,60,2,1.8,2.6,SE,6725,6819,6812
03-09-2022 06:03,60,2,1.8,2.6,SE,6727,6856,6848
03-09-2022 06:04,60,2,1.8,2.6,SE,6729,6858,6852
03-09-2022 06:05,59.9,2,1.8,2.6,SE,6727,6851,6840
03-09-2022 06:05,59.9,2,1.8,2.6,SE,6727,6856,6845
03-09-2022 06:06,59.9,2,1.8,2.6,SE,6662,6782,6777
03-09-2022 06:06,59.9,2,1.8,2.6,SE,6658,6780,6771
03-09-2022 06:07,59.8,2,1.8,2.6,SE,6648,6748,6742
03-09-2022 06:07,59.9,2,1.8,2.6,SE,6643,6754,6750
03-09-2022 06:08,59.9,2,1.8,2.6,SE,6632,6759,6755
03-09-2022 06:08,59.9,2,1.8,2.6,SE,6642,6756,6756
03-09-2022 06:09,60,2.2,2,2.6,SE,6649,6759,6758
03-09-2022 06:09,59.9,2.2,2,2.6,SE,6648,6749,6747
03-09-2022 06:10,59.9,2.2,2,2.6,SE,6636,6749,6745
03-09-2022 06:10,59.9,2.2,2,2.6,SE,6646,6725,6717
03-09-2022 06:11,59.9,2.2,2,2.6,SE,6623,6750,6740
03-09-2022 06:11,60,2.2,2,2.6,SE,6627,6765,6742
03-09-2022 06:12,60,2,1.8,2.6,SE,6644,6754,6747
03-09-2022 06:12,60,2,1.8,2.6,SE,6644,6745,6740
03-09-2022 06:13,59.9,2,1.8,2.6,SE,6654,6763,6750
03-09-2022 06:14,60,2,1.8,2.6,SE,6656,6764,6758
03-09-2022 06:15,59.9,2,1.8,2.6,SE,6653,6756,6749
03-09-2022 06:15,60,2,1.8,2.6,SE,6643,6754,6745
03-09-2022 06:16,59.9,2,1.8,2.6,SE,6637,6753,6742
03-09-2022 06:17,60,2.2,1.8,2.6,SE,6620,6762,6754
03-09-2022 06:17,59.9,2.2,1.8,2.6,SE,6622,6759,6753
03-09-2022 06:18,59.9,2.2,1.8,2.6,SE,6655,6765,6752
03-09-2022 06:18,59.9,2.2,2,2.6,SE,6651,6748,6739
03-09-2022 06:19,60,2.2,2,2.6,SE,6645,6750,6746
03-09-2022 06:19,60,2.2,1.8,2.6,SE,6661,6751,6749
03-09-2022 06:20,59.9,2.2,1.8,2.6,SE,6646,6753,6741
03-09-2022 06:20,59.9,2.2,1.8,2.6,SE,6636,6754,6744
03-09-2022 06:21,60,2.2,1.8,2.6,SE,6644,6754,6750
03-09-2022 06:21,60,2,1.8,2.6,SE,6629,6753,6749
03-09-2022 06:22,59.9,2,1.8,2.6,SE,6646,6746,6739
03-09-2022 06:22,59.9,2,1.8,2.6,SE,6648,6750,6742
03-09-2022 06:23,59.9,2,1.8,2.6,SE,6641,6745,6740
03-09-2022 06:23,60,2,1.8,2.6,SE,6672,6780,6772
03-09-2022 06:24,60,2,1.8,2.6,SE,6657,6784,6775
03-09-2022 06:24,60,2,1.8,2.6,SE,6647,6770,6763
03-09-2022 06:25,60,2,1.8,2.6,SE,6643,6750,6743
03-09-2022 06:26,59.9,2,2,2.6,SE,6676,6778,6768
03-09-2022 06:27,59.9,2,2,2.6,SE,6678,6768,6759
03-09-2022 06:27,59.9,2,2,2.6,SE,6636,6749,6740
03-09-2022 06:28,60,2,1.8,2.6,SE,6660,6781,6771
03-09-2022 06:29,59.9,2,1.8,2.6,SE,6662,6776,6768
03-09-2022 06:29,59.9,2,1.8,2.6,SE,6670,6776,6766
03-09-2022 06:30,59.9,2,2,2.6,SE,6672,6779,6769
03-09-2022 06:30,60,2,2,2.6,SE,6672,6786,6772
03-09-2022 06:31,60,2,2,2.6,SE,6660,6788,6780
03-09-2022 06:31,60,2,2,2.6,SE,6656,6783,6772
03-09-2022 06:32,60,2.2,2,2.6,SE,6668,6788,6776
03-09-2022 06:32,60,2.2,2,2.6,SE,6672,6786,6775
03-09-2022 06:33,59.9,2.2,2,2.6,SE,6666,6783,6775
03-09-2022 06:33,59.9,2.2,2,2.6,SE,6663,6780,6771
03-09-2022 06:34,59.9,2.2,1.8,2.6,SE,6663,6779,6775
03-09-2022 06:34,59.9,2,1.8,2.6,SE,6660,6779,6771
03-09-2022 06:35,60,2,1.8,2.6,SE,6678,6795,6779
03-09-2022 06:35,60,2,1.8,2.6,SE,6673,6787,6774
03-09-2022 06:36,59.9,2,1.8,2.6,SE,6654,6781,6775
03-09-2022 06:36,59.9,2,1.8,2.6,SE,6658,6776,6766
03-09-2022 06:37,59.9,2,1.8,2.6,SE,6626,6755,6750
03-09-2022 06:38,59.8,2.2,1.8,2.6,SE,6627,6756,6742
03-09-2022 06:39,59.9,2.2,1.8,2.6,SE,6654,6768,6760
03-09-2022 06:39,59.9,2.2,1.8,2.6,SE,6648,6758,6746
03-09-2022 06:40,60,2.2,1.8,2.6,SE,6652,6753,6739
03-09-2022 06:41,60,2.2,2,2.6,SE,6645,6753,6745
03-09-2022 06:42,59.9,2,2,2.6,SE,6621,6753,6740
03-09-2022 06:42,59.9,2,2,2.6,SE,6637,6759,6745
03-09-2022 06:43,60,2,2,2.6,SE,6651,6757,6753
03-09-2022 06:44,59.9,2,2,2.6,SE,6641,6726,6720
03-09-2022 06:44,60,2,2,2.6,SE,6643,6761,6750
03-09-2022 06:45,59.9,2,2,2.6,SE,6633,6744,6736
03-09-2022 06:45,59.9,2,2,2.6,SE,6630,6755,6749
03-09-2022 06:46,60,2,2.2,2.6,SE,6629,6746,6739
03-09-2022 06:46,59.9,2.2,2,2.6,SE,6628,6746,6738
03-09-2022 06:47,60,2.2,2,2.6,SE,6629,6745,6737
03-09-2022 06:47,60,2.2,2,2.6,SE,6632,6754,6749
03-09-2022 06:48,60,2.2,2,2.6,SE,6632,6755,6745
03-09-2022 06:48,60,2.2,2,2.6,SE,6646,6761,6748
03-09-2022 06:49,60,2.2,2,2.6,SE,6645,6755,6752
03-09-2022 06:50,60,2.2,2,2.6,SE,6630,6754,6749
03-09-2022 06:50,59.9,2,2,2.6,SE,6614,6752,6747
03-09-2022 06:51,59.9,2,2,2.6,SE,6640,6779,6771
03-09-2022 06:51,60,2.2,2,2.6,SE,6663,6780,6774
03-09-2022 06:52,60,2.2,2,2.6,SE,6667,6780,6774
03-09-2022 06:53,59.9,2.2,2.2,2.8,SE,6676,6776,6763
03-09-2022 06:53,59.9,2.2,2.2,2.8,SE,6663,6776,6764
03-09-2022 06:54,60,2.2,2.2,2.8,SE,6651,6763,6753
03-09-2022 06:54,59.9,2.2,2.2,2.6,SE,6647,6762,6753
03-09-2022 06:55,59.9,2.2,2,2.6,SE,6641,6763,6748
03-09-2022 06:55,59.9,2.2,2,2.6,SE,6637,6759,6747
03-09-2022 06:56,59.9,2.2,2,2.6,SE,6623,6752,6741
03-09-2022 06:56,59.9,2.2,2,2.6,SE,6637,6755,6746
03-09-2022 06:57,60,2.4,2,2.6,SE,6623,6750,6737
03-09-2022 06:57,59.9,2.4,2,2.6,SE,6622,6750,6736
03-09-2022 06:58,59.9,2.4,2,2.6,SE,6644,6755,6747
03-09-2022 06:58,60,2.4,2,2.6,SE,6642,6759,6748
03-09-2022 06:59,60,2.4,2,2.6,SE,6649,6756,6746
03-09-2022 06:59,60,2.4,2,2.6,SE,6650,6748,6736
03-09-2022 07:00,59.9,2.2,2,2.6,SE,6639,6749,6743
03-09-2022 07:01,59.9,2.2,2,2.6,SE,6628,6748,6743
03-09-2022 07:01,60,2.2,2,2.6,SE,6647,6754,6740
03-09-2022 07:02,60,2.2,2,2.6,SE,6628,6750,6744
03-09-2022 07:02,59.9,2.2,2,2.6,SE,6632,6749,6745
03-09-2022 07:03,59.9,2.4,2,2.6,SE,6619,6742,6736
03-09-2022 07:03,60,2.4,2,2.6,SE,6626,6742,6734
03-09-2022 07:04,59.9,2.4,2,2.6,SE,6624,6751,6747
03-09-2022 07:05,60,2.4,2,2.6,SE,6638,6751,6744
03-09-2022 07:05,60,2.4,2,2.6,SE,6624,6746,6739
03-09-2022 07:06,59.9,2.6,2.2,2.6,SE,6624,6759,6735
03-09-2022 07:06,59.9,2.6,2.2,2.6,SE,6628,6739,6734
03-09-2022 07:07,60,2.6,2.2,2.6,SE,6631,6735,6739
03-09-2022 07:07,60,2.6,2.2,2.6,SE,6635,6747,6741
03-09-2022 07:08,60.1,2.4,2.2,2.6,SE,6650,6779,6765
03-09-2022 07:08,60,2.4,2.2,2.6,SE,6647,6777,6766
03-09-2022 07:09,60,2.6,2.2,2.6,SE,6655,6780,6769
03-09-2022 07:09,60,2.6,2.2,2.6,SE,6664,6767,6755
03-09-2022 07:10,59.9,2.6,2,2.6,SE,6648,6769,6768
03-09-2022 07:10,60,2.6,2,2.6,SE,6652,6758,6752
03-09-2022 07:11,60,2.6,2,2.6,SE,6642,6754,6746
03-09-2022 07:11,60,2.6,2,2.6,SE,6652,6737,6733
03-09-2022 07:12,60,2.6,2,2.6,SE,6627,6749,6742
03-09-2022 07:13,60,2.6,2,2.6,SE,6636,6755,6746
03-09-2022 07:13,60,2.4,2,2.6,SE,6635,6746,6742
03-09-2022 07:14,59.9,2.4,2,2.6,SE,6632,6749,6738
03-09-2022 07:14,59.9,2.4,2,2.6,SE,6637,6753,6744
03-09-2022 07:15,59.8,2.4,2,2.6,SE,6634,6750,6739
03-09-2022 07:15,59.8,2.4,2,2.6,SE,6603,6733,6730
03-09-2022 07:16,59.9,2.4,2,2.6,SE,6614,6734,6734
03-09-2022 07:17,59.8,2.6,2,2.6,SE,6628,6747,6741
03-09-2022 07:17,59.9,2.6,2,2.6,SE,6637,6732,6724
03-09-2022 07:18,60,2.6,2,2.6,SE,6648,6750,6751
03-09-2022 07:18,60,2.6,2.2,2.6,SE,6637,6733,6735
03-09-2022 07:19,60,2.4,2,2.6,SE,6634,6728,6728
03-09-2022 07:19,60,2.4,2,2.6,SE,6633,6731,6730
03-09-2022 07:20,60,2.2,2,2.6,SE,6641,6751,6744
03-09-2022 07:20,59.9,2.2,2,2.6,SE,6662,6762,6754
03-09-2022 07:21,59.9,2.2,2,2.6,SE,6644,6767,6755
03-09-2022 07:21,59.9,2.2,2,2.6,SE,6641,6766,6754
03-09-2022 07:22,60,2.2,2,2.6,SE,6658,6759,6752
03-09-2022 07:22,60,2.2,2,2.6,SE,6642,6746,6741
03-09-2022 07:23,60,2.2,2.2,2.6,SE,6616,6746,6737
03-09-2022 07:23,60,2.2,2.2,2.6,SE,6624,6741,6732
03-09-2022 07:24,59.9,2.2,2.2,2.6,SE,6613,6738,6728
03-09-2022 07:25,59.9,2.2,2.2,2.6,SE,6635,6735,6723
03-09-2022 07:25,60,2.2,2.2,2.6,SE,6635,6738,6728
03-09-2022 07:26,60,2.2,2.2,2.6,SE,6634,6750,6743
03-09-2022 07:26,60,2.2,2.2,2.6,SE,6628,6738,6735
03-09-2022 07:27,60.1,2.2,2.2,2.6,SE,6634,6743,6738
03-09-2022 07:27,60,2.2,2,2.6,SE,6614,6742,6738
03-09-2022 07:28,59.9,2.2,2,2.6,SE,6610,6739,6736
03-09-2022 07:29,60,2.2,2,2.6,SE,6619,6740,6729
03-09-2022 07:29,60,2.2,2,2.6,SE,6621,6740,6730
03-09-2022 07:30,59.9,2.2,2,2.6,SE,6638,6737,6729
03-09-2022 07:30,59.9,2.2,2,2.6,SE,6623,6730,6721
03-09-2022 07:31,59.9,2.2,2.2,2.6,SE,6623,6741,6726
03-09-2022 07:31,59.9,2.2,2.2,2.6,SE,6627,6740,6726
03-09-2022 07:32,60,2.2,2.2,2.6,SE,6601,6740,6722
03-09-2022 07:32,59.9,2.2,2.2,2.6,SE,6589,6732,6715
03-09-2022 07:33,59.9,2.2,2.2,2.6,SE,6614,6732,6725
03-09-2022 07:33,60,2.2,2.2,2.6,SE,6618,6734,6725
03-09-2022 07:34,60,2.2,2.2,2.6,SE,6606,6726,6717
03-09-2022 07:35,59.9,2,2,2.6,SE,6599,6733,6728
03-09-2022 07:35,59.9,2.2,2.2,2.6,SE,6616,6729,6722
03-09-2022 07:36,59.9,2.2,2,2.6,SE,6625,6729,6716
03-09-2022 07:37,59.9,2.2,2,2.6,SE,6620,6733,6723
03-09-2022 07:38,59.9,2.2,2,2.6,SE,6619,6730,6722
03-09-2022 07:38,59.9,2.2,2,2.6,SE,6613,6732,6718
03-09-2022 07:39,59.9,2.2,2,2.6,SE,6614,6738,6725
03-09-2022 07:39,59.9,2.2,2,2.6,SE,6606,6733,6728
03-09-2022 07:40,60,2.2,2,2.6,SE,6605,6745,6739
03-09-2022 07:41,60,2.2,2,2.6,SE,6638,6762,6753
03-09-2022 07:41,59.9,2.2,2,2.6,SE,6644,6763,6754
03-09-2022 07:42,59.8,2.2,2,2.6,SE,6640,6758,6745
03-09-2022 07:42,59.9,2,2,2.6,SE,6634,6756,6745
03-09-2022 07:43,59.9,2.2,2,2.6,SE,6641,6757,6750
03-09-2022 07:43,59.9,2.2,2,2.6,SE,6645,6754,6746
03-09-2022 07:44,59.9,2.2,2,2.6,SE,6652,6752,6744
03-09-2022 07:44,60,2.2,2,2.6,SE,6644,6761,6753
03-09-2022 07:45,59.9,2.2,2,2.6,SE,6627,6761,6750
03-09-2022 07:45,59.9,2.2,2,2.6,SE,6636,6768,6759
03-09-2022 07:46,60,2.2,2,2.6,SE,6646,6769,6755
03-09-2022 07:46,59.9,2.2,2.2,2.6,SE,6648,6769,6758
03-09-2022 07:47,59.9,2.4,2.2,2.6,SE,6647,6765,6751
03-09-2022 07:47,59.9,2.4,2.2,2.8,SE,6646,6755,6743
03-09-2022 07:48,59.9,2.4,2.2,2.8,SE,6628,6768,6749
03-09-2022 07:49,59.9,2.4,2.2,2.6,SE,6646,6757,6743
03-09-2022 07:49,59.8,2.2,2.2,2.6,SE,6631,6760,6751
03-09-2022 07:50,59.9,2.2,2.2,2.6,SE,6637,6766,6745
03-09-2022 07:50,59.9,2.2,2,2.6,SE,6633,6765,6752
03-09-2022 07:51,59.9,2.2,2,2.6,SE,6648,6764,6751
03-09-2022 07:51,60,2.2,2,2.6,SE,6665,6780,6766
03-09-2022 07:52,60,2.2,2,2.6,SE,6666,6773,6762
03-09-2022 07:53,59.9,2,1.8,2.6,SE,6648,6771,6757
03-09-2022 07:53,59.9,2,1.8,2.6,SE,6625,6756,6741
03-09-2022 07:54,59.9,2,1.8,2.6,SE,6592,6744,6718
03-09-2022 07:54,59.9,2,1.8,2.6,SE,6602,6731,6710
03-09-2022 07:55,59.9,2,2,2.6,SE,6640,6766,6750
03-09-2022 07:55,59.9,2,2,2.6,SE,6650,6763,6749
03-09-2022 07:56,60,2.2,2.2,2.6,SE,6647,6768,6753
03-09-2022 07:56,60,2.2,2.2,2.6,SE,6716,6835,6824
03-09-2022 07:57,60,2.2,2.2,2.6,SE,6716,6833,6821
03-09-2022 07:57,59.9,2.2,2.2,2.6,SE,6703,6833,6819
03-09-2022 07:58,59.9,2.2,2.2,2.6,SE,6680,6818,6806
03-09-2022 07:58,59.9,2.2,2.2,2.6,SE,6700,6823,6818
03-09-2022 07:59,59.9,2.4,2.2,2.6,SE,6708,6827,6820
03-09-2022 08:00,59.9,2.4,2.2,2.6,SE,6707,6825,6816
03-09-2022 08:01,60,2.4,2,2.6,SE,6701,6834,6824
03-09-2022 08:01,59.9,2.4,2,2.6,SE,6691,6806,6795
03-09-2022 08:02,59.9,2.4,2,2.6,SE,6680,6800,6792
03-09-2022 08:02,59.9,2.4,2,2.6,SE,6689,6804,6795
03-09-2022 08:03,59.9,2.4,2,2.6,SE,6671,6780,6776
03-09-2022 08:03,59.9,2.4,2,2.6,SE,6671,6789,6782
03-09-2022 08:04,59.9,2.4,2,2.6,SE,6660,6776,6767
03-09-2022 08:05,60,2.4,2,2.6,SE,6690,6810,6803
03-09-2022 08:05,59.9,2.4,2,2.6,SE,6677,6794,6789
03-09-2022 08:06,59.9,2.4,2.2,2.6,SE,6665,6783,6777
03-09-2022 08:06,59.9,2.4,2.2,2.6,SE,6670,6778,6774
03-09-2022 08:07,59.9,2.4,2.4,2.6,SE,6661,6776,6768
03-09-2022 08:07,59.9,2.4,2.2,2.6,SE,6656,6776,6767
03-09-2022 08:08,60,2.4,2.2,2.6,SE,6652,6757,6757
03-09-2022 08:08,59.9,2.4,2.4,2.6,SE,6653,6744,6750
03-09-2022 08:09,60,2.4,2.4,2.8,SE,6671,6780,6777
03-09-2022 08:09,59.9,2.4,2.2,2.6,SE,6666,6785,6776
03-09-2022 08:10,59.9,2.4,2.2,2.6,SE,6634,6765,6747
03-09-2022 08:10,59.9,2.6,2.2,2.6,SE,6663,6787,6760
03-09-2022 08:11,60,2.6,2.2,2.6,SE,6660,6780,6769
03-09-2022 08:11,59.9,2.6,2.2,2.6,SE,6650,6761,6755
03-09-2022 08:12,59.9,2.8,2.2,2.6,SE,6647,6775,6764
03-09-2022 08:13,60,2.8,2.4,2.6,SE,6685,6807,6796
03-09-2022 08:13,59.9,2.8,2.4,2.6,SE,6688,6795,6782
03-09-2022 08:14,59.9,2.8,2.4,2.6,SE,6694,6805,6794
03-09-2022 08:14,60,3,2.6,2.8,SE,6689,6802,6794
03-09-2022 08:15,60,2.8,2.6,2.8,SE,6687,6789,6781
03-09-2022 08:15,60,2.8,2.4,2.8,SE,6657,6771,6756
03-09-2022 08:16,59.9,2.8,2.4,2.8,SE,6649,6759,6746
03-09-2022 08:17,59.9,2.8,2.4,2.6,SE,6641,6774,6752
03-09-2022 08:17,60,2.8,2.4,2.6,SE,6649,6775,6757
03-09-2022 08:18,59.9,2.8,2.4,2.6,SE,6645,6766,6753
03-09-2022 08:18,60,2.8,2.4,2.6,SE,6651,6780,6763
03-09-2022 08:19,59.9,2.6,2.2,2.6,SE,6650,6776,6767
03-09-2022 08:19,59.9,2.6,2.2,2.6,SE,6658,6776,6762
03-09-2022 08:20,59.9,2.6,2.2,2.6,SE,6649,6780,6766
03-09-2022 08:20,60,2.6,2.2,2.6,SE,6635,6760,6745
03-09-2022 08:21,60,2.6,2.2,2.6,SE,6661,6785,6755
03-09-2022 08:21,59.9,2.6,2.4,2.6,SE,6641,6771,6759
03-09-2022 08:22,59.9,2.6,2.2,2.6,SE,6644,6762,6754
03-09-2022 08:22,59.9,2.6,2.2,2.6,SE,6665,6778,6766
03-09-2022 08:23,60,2.6,2.4,2.6,SE,6656,6774,6762
03-09-2022 08:23,60,2.6,2.4,2.6,SE,6658,6774,6759
03-09-2022 08:24,60,2.6,2.6,2.8,SE,6661,6781,6772
03-09-2022 08:25,59.9,2.6,2.6,2.8,SE,6633,6754,6743
03-09-2022 08:25,59.9,2.6,2.6,2.8,SE,6641,6766,6747
03-09-2022 08:26,59.9,2.6,2.6,2.8,SE,6653,6771,6749
03-09-2022 08:26,59.9,2.6,2.6,2.8,SE,6642,6765,6750
03-09-2022 08:27,59.9,2.6,2.6,2.8,SE,6640,6753,6738
03-09-2022 08:28,59.9,2.6,2.4,2.8,SE,6647,6756,6737
03-09-2022 08:28,59.9,2.6,2.4,2.8,SE,6653,6756,6730
03-09-2022 08:29,60,2.6,2.2,2.8,SE,6649,6766,6756
03-09-2022 08:29,60,2.6,2.2,2.8,SE,6656,6769,6756
03-09-2022 08:30,59.9,2.4,2.2,2.8,SE,6651,6753,6744
03-09-2022 08:30,59.9,2.4,2.2,2.8,SE,6672,6774,6763
03-09-2022 08:31,59.9,2.4,2.2,2.8,SE,6676,6785,6770
03-09-2022 08:31,60,2.4,2.2,2.8,SE,6682,6788,6775
03-09-2022 08:32,59.8,2.4,2.2,2.6,SE,6669,6790,6769
03-09-2022 08:32,59.9,2.4,2.2,2.6,SE,6672,6780,6775
03-09-2022 08:33,59.9,2.4,2.2,2.6,SE,6641,6753,6748
03-09-2022 08:33,59.9,2.4,2.2,2.6,SE,6631,6732,6733
03-09-2022 08:34,59.9,2.6,2.4,2.6,SE,6632,6741,6736
03-09-2022 08:34,59.9,2.6,2.2,2.6,SE,6645,6752,6750
03-09-2022 08:35,59.9,2.6,2.4,2.6,SE,6629,6739,6735
03-09-2022 08:35,59.9,2.6,2.2,2.6,SE,6644,6754,6751
03-09-2022 08:36,60,2.6,2.2,2.6,SE,6700,6815,6818
03-09-2022 08:37,60,2.4,2.2,2.6,SE,6712,6815,6814
03-09-2022 08:37,59.8,2.6,2.4,2.8,SE,6687,6798,6796
03-09-2022 08:38,59.8,2.4,2.2,2.6,SE,6695,6808,6806
03-09-2022 08:38,59.9,2.6,2.8,3.2,SE,6698,6822,6810
03-09-2022 08:39,59.9,2.4,2.2,2.8,SE,6689,6819,6808
03-09-2022 08:40,60,2.4,2.2,2.8,SE,6683,6814,6805
03-09-2022 08:40,59.9,3,2.6,3.2,SE,6712,6828,6814
03-09-2022 08:41,59.9,2.4,2.2,2.6,SE,6706,6818,6807
03-09-2022 08:41,60,2.4,2.2,2.6,SE,6708,6827,6821
03-09-2022 08:42,59.9,2.4,2.2,2.8,SE,6698,6813,6802
03-09-2022 08:43,59.9,2.8,2.2,3,SE,6718,6837,6828
03-09-2022 08:44,59.9,2.4,2,2.6,SE,6718,6831,6827
03-09-2022 08:44,59.9,2.4,2,2.6,SE,6714,6837,6831
03-09-2022 08:45,59.9,2.4,2,2.8,SE,6692,6816,6810
03-09-2022 08:45,59.9,2.4,2,2.8,SE,6698,6810,6809
03-09-2022 08:46,60,2.4,2.2,2.8,SE,6713,6829,6814
03-09-2022 08:46,59.9,2.6,2.2,2.8,SE,6708,6818,6816
03-09-2022 08:47,60,2.6,2.2,2.8,SE,6704,6833,6826
03-09-2022 08:47,60,2.6,2.2,2.8,SE,6708,6813,6807
03-09-2022 08:48,59.9,2.6,2.2,2.8,SE,6703,6816,6808
03-09-2022 08:49,59.9,2.6,2.2,2.8,SE,6688,6800,6799
03-09-2022 08:49,59.9,2.6,2.4,3,SE,6690,6802,6795
03-09-2022 08:50,59.9,2.4,2.4,3,SE,6701,6815,6805
03-09-2022 08:50,59.9,2.4,2.2,3,SE,6683,6798,6786
03-09-2022 08:51,59.8,2.4,2.2,2.8,SE,6685,6803,6788
03-09-2022 08:52,59.9,2.6,2.4,3,SE,6682,6798,6787
03-09-2022 08:53,59.9,2.6,2.4,3,SE,6674,6795,6789
03-09-2022 08:53,59.9,2.4,2.4,3,SE,6668,6798,6786
03-09-2022 08:54,59.9,2.4,2.2,3,SE,6684,6805,6792
03-09-2022 08:54,59.9,2.4,2.2,3,SE,6691,6802,6792
03-09-2022 08:55,59.9,2.4,2.2,3,SE,6679,6801,6790
03-09-2022 08:55,59.9,2.4,2.2,3,SE,6679,6803,6792
03-09-2022 08:56,59.9,2.4,2.2,3,SE,6681,6792,6789
03-09-2022 08:56,59.9,2.4,2.2,2.8,SE,6676,6800,6792
03-09-2022 08:57,60,2.4,2.4,3,SE,6683,6811,6800
03-09-2022 08:57,60,2.6,2.2,3,SE,6692,6810,6797
03-09-2022 08:58,59.9,2.6,2.2,2.8,SE,6681,6797,6788
03-09-2022 08:58,59.9,2.6,2.2,2.8,SE,6677,6800,6792
03-09-2022 08:59,60,2.6,2.4,2.8,SE,6702,6835,6817
03-09-2022 08:59,59.9,2.4,2.2,2.8,SE,6702,6839,6819
03-09-2022 09:00,60,2.4,2.2,2.8,SE,6695,6810,6798
03-09-2022 09:01,59.9,2.4,2.2,2.8,SE,6696,6812,6799
03-09-2022 09:02,59.9,2.4,2.2,2.8,SE,6693,6808,6797
03-09-2022 09:02,59.9,2.4,2.2,2.8,SE,6695,6819,6811
03-09-2022 09:03,59.9,3,2.4,3.2,SE,6682,6820,6803
03-09-2022 09:04,59.9,2.4,2.2,2.8,SE,6692,6816,6803
03-09-2022 09:04,60,2.4,2.2,2.8,SE,6708,6823,6813
03-09-2022 09:05,60,2.6,2.2,3,SE,6724,6848,6835
03-09-2022 09:05,60,2.8,2.4,3.2,SE,6694,6807,6791
03-09-2022 09:06,59.8,2.4,2.2,3,SE,6706,6836,6825
03-09-2022 09:06,59.8,2.4,2.4,3,SE,6709,6834,6825
03-09-2022 09:07,60,2.4,2.2,3,SE,6707,6834,6827
03-09-2022 09:07,60,2.4,2.4,3,SE,6710,6833,6828
03-09-2022 09:08,59.9,2.4,2.4,3,SE,6713,6819,6813
03-09-2022 09:08,59.9,2.4,2.4,3,SE,6712,6837,6827
03-09-2022 09:09,59.9,2.4,2.2,3,SE,6710,6830,6825
03-09-2022 09:09,59.9,2.4,2.2,3,SE,6709,6827,6821
03-09-2022 09:10,59.9,2.4,2.2,3,SE,6712,6814,6807
03-09-2022 09:10,59.9,2.4,2.2,3,SE,6712,6826,6819
03-09-2022 09:11,59.9,2.4,2.2,3,SE,6700,6832,6818
03-09-2022 09:12,59.9,2.4,2.2,3,SE,6700,6823,6813
03-09-2022 09:12,60,2.4,2.4,3,SE,6706,6829,6816
03-09-2022 09:13,60,2.4,2.4,3,SE,6704,6807,6791
03-09-2022 09:13,59.9,2.4,2.4,3,SE,6707,6821,6808
03-09-2022 09:14,59.9,2.4,2.4,3,SE,6699,6803,6793
03-09-2022 09:14,59.9,2.6,2.4,3,SE,6686,6794,6785
03-09-2022 09:15,59.9,2.6,2.4,3,SE,6695,6818,6807
03-09-2022 09:16,59.9,2.4,2.4,3,SE,6662,6800,6785
03-09-2022 09:16,59.9,2.4,2.2,2.8,SE,6661,6794,6778
03-09-2022 09:17,59.9,2.4,2.2,2.8,SE,6682,6799,6780
03-09-2022 09:17,60,2.4,2.2,2.8,SE,6679,6799,6788
03-09-2022 09:18,60,2.4,2.2,3,SE,6691,6793,6779
03-09-2022 09:18,60,2.4,2.2,2.8,SE,6692,6796,6785
03-09-2022 09:19,59.9,2.4,2.2,2.8,SE,6683,6797,6779
03-09-2022 09:19,59.8,2.4,2.2,2.8,SE,6669,6803,6786
03-09-2022 09:20,60,2.4,2.2,2.8,SE,6691,6810,6798
03-09-2022 09:20,60,2.4,2.2,2.8,SE,6671,6781,6771
03-09-2022 09:21,59.9,2.4,2.2,2.8,SE,6678,6778,6771
03-09-2022 09:21,59.9,2.4,2.2,2.8,SE,6677,6795,6785
03-09-2022 09:22,60,2.4,2.2,2.8,SE,6672,6799,6779
03-09-2022 09:22,60,2.4,2.2,2.8,SE,6680,6812,6793
03-09-2022 09:23,59.9,2.4,2.2,2.8,SE,6665,6783,6766
03-09-2022 09:24,59.9,2.4,2.4,2.8,SE,6663,6783,6773
03-09-2022 09:24,60,2.4,2.4,3,SE,6680,6796,6777
03-09-2022 09:25,60,2.4,2.4,2.8,SE,6671,6790,6774
03-09-2022 09:25,59.9,2.4,2.4,2.8,SE,6641,6780,6762
03-09-2022 09:26,59.9,2.4,2.4,3,SE,6657,6770,6758
03-09-2022 09:26,59.9,2.4,2.4,2.8,SE,6670,6774,6759
03-09-2022 09:27,60,2.4,2.4,2.8,SE,6688,6798,6785
03-09-2022 09:28,59.9,2.4,2.4,2.8,SE,6679,6809,6787
03-09-2022 09:28,60,2.4,2.4,2.8,SE,6700,6823,6814
03-09-2022 09:29,59.9,2.4,2.4,2.8,SE,6698,6819,6802
03-09-2022 09:29,59.9,3,2.8,3.2,SE,6705,6827,6808
03-09-2022 09:30,59.9,2.4,2.4,2.8,SE,6698,6811,6797
03-09-2022 09:30,59.9,2.4,2.4,2.8,SE,6679,6800,6783
03-09-2022 09:31,60,2.6,2.4,3,SE,6662,6797,6786
03-09-2022 09:31,60,2.6,2.4,3,SE,6672,6798,6782
03-09-2022 09:32,59.8,2.6,2.4,3,SE,6657,6775,6762
03-09-2022 09:32,59.9,2.6,2.6,3,SE,6659,6782,6761
03-09-2022 09:33,60,2.6,2.4,3,SE,6671,6810,6785
03-09-2022 09:33,60,2.4,2.4,3,SE,6673,6812,6790
03-09-2022 09:34,59.9,2.4,2.4,3.2,SE,6687,6802,6783
03-09-2022 09:34,59.9,2.4,2.6,3.2,SE,6682,6801,6783
03-09-2022 09:35,59.9,2.4,2.4,3.2,SE,6686,6802,6785
03-09-2022 09:36,60,2.4,2.4,3.2,SE,6688,6790,6774
03-09-2022 09:36,60,2.6,2.4,3.2,SE,6681,6814,6792
03-09-2022 09:37,60,2.6,2.6,3.2,SE,6662,6806,6783
03-09-2022 09:37,59.9,2.6,2.6,3.2,SE,6658,6795,6776
03-09-2022 09:38,59.9,2.6,2.6,3.2,SE,6675,6791,6774
03-09-2022 09:38,59.9,2.6,2.6,3.2,SE,6678,6796,6786
03-09-2022 09:39,59.9,2.6,2.6,3.2,SE,6677,6796,6787
03-09-2022 09:40,59.9,2.4,2.6,3.2,SE,6697,6811,6799
03-09-2022 09:40,59.9,2.4,2.6,3.2,SE,6671,6789,6776
03-09-2022 09:41,60,2.4,2.6,3.2,SE,6670,6795,6784
03-09-2022 09:42,59.9,2.4,2.6,3.2,SE,6665,6781,6767
03-09-2022 09:42,59.9,2.4,2.6,3.2,SE,6676,6789,6772
03-09-2022 09:43,60,2.4,2.6,3.2,SE,6710,6818,6802
03-09-2022 09:43,60,2.4,2.6,3.2,SE,6703,6818,6799
03-09-2022 09:44,60,2.4,2.6,3.2,SE,6682,6818,6794
03-09-2022 09:45,59.9,2.4,2.4,3.2,SE,6667,6789,6769
03-09-2022 09:45,59.9,2.6,2.6,3.2,SE,6664,6796,6775
03-09-2022 09:46,60,2.6,2.6,3.2,SE,6666,6772,6752
03-09-2022 09:46,60,2.6,2.6,3.2,SE,6680,6801,6777
03-09-2022 09:47,60,2.6,2.6,3.2,SE,6687,6796,6776
03-09-2022 09:48,60,2.6,2.6,3.2,SE,6688,6812,6790
03-09-2022 09:48,59.8,2.6,2.4,3.2,SE,6671,6799,6782
03-09-2022 09:49,59.9,2.6,2.6,3.2,SE,6675,6790,6775
03-09-2022 09:49,59.9,2.6,2.4,3.2,SE,6676,6806,6782
03-09-2022 09:50,59.9,2.6,2.6,3.2,SE,6678,6789,6769
03-09-2022 09:50,60,2.6,2.6,3.2,SE,6684,6817,6791
03-09-2022 09:51,60,2.6,2.6,3.2,SE,6673,6808,6774
03-09-2022 09:52,60,2.6,2.6,3.2,SE,6700,6799,6778
03-09-2022 09:53,60,2.6,2.6,3.2,SE,6659,6802,6778
03-09-2022 09:53,60,2.6,2.6,3.2,SE,6680,6808,6783
03-09-2022 09:54,60,3.2,3,3.6,SE,6690,6812,6795
03-09-2022 09:54,60,2.6,2.6,3.2,SE,6692,6810,6791
03-09-2022 09:55,60,2.6,2.8,3.2,SE,6699,6833,6808
03-09-2022 09:55,60,2.6,2.8,3.2,SE,6710,6827,6806
03-09-2022 09:56,59.9,2.6,2.8,3.2,SE,6685,6818,6802
03-09-2022 09:56,59.9,2.6,2.8,3.2,SE,6677,6810,6788
03-09-2022 09:57,59.9,2.8,2.8,3.2,SE,6670,6791,6776
03-09-2022 09:57,59.9,2.8,2.8,3.2,SE,6665,6787,6769
03-09-2022 09:58,60,2.6,2.6,3.2,SE,6677,6787,6769
03-09-2022 09:59,59.9,2.6,2.8,3.2,SE,6657,6789,6770
03-09-2022 10:00,60,2.6,2.8,3.2,SE,6669,6790,6774
03-09-2022 10:00,60,2.6,2.8,3.2,SE,6677,6784,6770
03-09-2022 10:01,59.9,2.6,2.8,3.2,SE,6680,6783,6771
03-09-2022 10:01,60,2.6,2.8,3.2,SE,6680,6805,6792
03-09-2022 10:02,60,2.6,2.8,3.2,SE,6682,6817,6801
03-09-2022 10:02,60,2.6,2.8,3.2,SE,6686,6804,6784
03-09-2022 10:03,59.9,2.6,2.8,3.2,SE,6678,6800,6786
03-09-2022 10:04,59.9,2.6,2.8,3.2,SE,6677,6795,6778
03-09-2022 10:04,59.9,2.6,2.8,3.2,SE,6668,6793,6779
03-09-2022 10:05,59.9,2.6,2.8,3.2,SE,6668,6785,6773
03-09-2022 10:05,59.9,2.6,2.8,3.2,SE,6670,6786,6776
03-09-2022 10:06,60,2.6,3,3.4,SE,6687,6794,6780
03-09-2022 10:06,60,2.6,3,3.4,SE,6688,6794,6781
03-09-2022 10:07,60,2.6,3,3.4,SE,6677,6792,6779
03-09-2022 10:07,59.9,2.6,3,3.4,SE,6658,6786,6767
03-09-2022 10:08,59.9,2.6,3,3.4,SE,6654,6784,6765
03-09-2022 10:08,60,2.6,3,3.4,SE,6674,6797,6776
03-09-2022 10:09,60,2.6,2.8,3.2,SE,6676,6794,6775
03-09-2022 10:09,60,2.6,2.8,3.2,SE,6676,6784,6771
03-09-2022 10:10,59.9,2.6,2.6,3.2,SE,6669,6787,6766
03-09-2022 10:10,60,2.6,2.8,3.2,SE,6685,6800,6778
03-09-2022 10:11,60,2.8,2.8,3.2,SE,6679,6794,6769
03-09-2022 10:12,60,2.6,2.8,3.2,SE,6686,6798,6774
03-09-2022 10:12,60,2.6,2.8,3.2,SE,6689,6815,6793
03-09-2022 10:13,59.9,2.6,2.8,3.2,SE,6672,6798,6776
03-09-2022 10:14,59.9,2.6,2.8,3.2,SE,6663,6780,6761
03-09-2022 10:14,59.9,2.8,2.8,3.4,SE,6662,6778,6756
03-09-2022 10:15,59.9,2.8,2.8,3.4,SE,6659,6774,6757
03-09-2022 10:16,60,2.8,3,3.4,SE,6653,6771,6758
03-09-2022 10:16,60,2.8,3,3.4,SE,6657,6773,6760
03-09-2022 10:17,60,2.6,2.8,3.4,SE,6660,6787,6762
03-09-2022 10:17,60,2.6,2.8,3.4,SE,6677,6786,6766
03-09-2022 10:18,60,2.6,2.8,3.4,SE,6668,6787,6767
03-09-2022 10:19,59.9,2.6,2.8,3.4,SE,6657,6777,6757
03-09-2022 10:20,59.9,2.8,2.8,3.4,SE,6676,6802,6779
03-09-2022 10:20,59.9,2.8,2.8,3.4,SE,6680,6798,6779
03-09-2022 10:21,60,2.8,2.8,3.4,SE,6679,6808,6793
03-09-2022 10:22,60,2.8,2.8,3.4,SE,6688,6804,6785
03-09-2022 10:22,59.9,2.8,2.8,3.4,SE,6681,6798,6777
03-09-2022 10:23,60,2.8,2.8,3.4,SE,6690,6813,6789
03-09-2022 10:24,60,2.8,2.8,3.4,SE,6690,6814,6794
03-09-2022 10:24,60,2.8,2.8,3.4,SE,6687,6805,6780
03-09-2022 10:25,60,2.8,2.8,3.4,SE,6682,6813,6791
03-09-2022 10:25,60,2.8,2.8,3.4,SE,6687,6807,6792
03-09-2022 10:26,59.9,2.8,2.8,3.4,SE,6688,6806,6789
03-09-2022 10:26,60,2.8,2.8,3.4,SE,6698,6814,6793
03-09-2022 10:28,60.1,3,3,3.6,SE,6671,6790,6772
03-09-2022 10:28,60,3,3,3.4,SE,6667,6786,6767
03-09-2022 10:29,59.9,3.2,3,3.8,SE,6659,6774,6752
03-09-2022 10:29,59.9,3,3,3.8,SE,6682,6795,6771
03-09-2022 10:30,59.9,3.2,2.8,3.8,SE,6648,6773,6755
03-09-2022 10:31,60,3,2.8,3.8,SE,6640,6770,6755
03-09-2022 10:31,59.9,3,2.8,3.8,SE,6660,6776,6762
03-09-2022 10:32,60,3,2.8,3.8,SE,6669,6784,6768
03-09-2022 10:32,60,3,2.8,3.8,SE,6670,6780,6766
03-09-2022 10:33,59.9,3,2.8,3.8,SE,6675,6790,6770
03-09-2022 10:33,59.9,3,2.8,3.8,SE,6656,6781,6761
03-09-2022 10:34,59.9,3,2.8,3.8,SE,6655,6772,6758
03-09-2022 10:35,60,2.8,2.8,3.4,SE,6680,6784,6776
03-09-2022 10:36,60,2.8,2.8,3.4,SE,6659,6768,6755
03-09-2022 10:36,59.9,2.8,2.6,3.2,SE,6656,6765,6754
03-09-2022 10:37,59.9,2.8,2.6,3.4,SE,6653,6765,6756
03-09-2022 10:37,59.9,3,2.6,3.6,SE,6656,6766,6754
03-09-2022 10:38,60,3,2.6,3.6,SE,6668,6776,6766
03-09-2022 10:39,60,3.2,2.8,3.6,SE,6654,6761,6746
03-09-2022 10:39,59.9,3.2,3,3.8,SE,6653,6761,6748
03-09-2022 10:40,59.9,3.2,3,3.8,SE,6649,6765,6752
03-09-2022 10:40,59.9,3.2,3,3.8,SE,6641,6761,6746
03-09-2022 10:41,60,3.2,3,3.8,SE,6659,6768,6761
03-09-2022 10:41,60,3.2,3,3.8,SE,6660,6771,6760
03-09-2022 10:42,60,3.2,3.2,4,SE,6680,6788,6781
03-09-2022 10:42,59.9,3.4,3.2,3.8,SE,6672,6780,6771
03-09-2022 10:43,59.9,3.4,3.2,3.8,SE,6678,6767,6761
03-09-2022 10:43,59.9,3.4,3.4,4,SE,6666,6775,6766
03-09-2022 10:44,60,3.4,3.4,4,SE,6655,6761,6755
03-09-2022 10:44,60,3.4,3.4,3.8,SE,6658,6756,6757
03-09-2022 10:45,59.9,3.4,3.4,3.8,SE,6657,6757,6750
03-09-2022 10:45,60,3.4,3.4,3.8,SE,6668,6758,6751
03-09-2022 10:46,59.9,3.4,3.2,3.8,SE,6655,6742,6743
03-09-2022 10:46,59.9,3.4,3.2,3.8,SE,6652,6758,6745
03-09-2022 10:47,60,3.4,3.4,3.8,SE,6632,6763,6747
03-09-2022 10:48,60,3.6,3.4,4,SE,6657,6756,6748
03-09-2022 10:48,60,3.4,3.4,3.8,SE,6658,6783,6761
03-09-2022 10:49,59.9,3.4,3.4,3.8,SE,6674,6781,6748
03-09-2022 10:49,59.9,3.4,3.4,3.8,SE,6663,6761,6745
03-09-2022 10:50,60,3.4,3.4,3.8,SE,6663,6777,6757
03-09-2022 10:51,59.9,3.6,3.2,3.8,SE,6637,6757,6740
03-09-2022 10:51,60,3.6,3.2,3.8,SE,6650,6772,6752
03-09-2022 10:52,59.9,3.6,3.4,3.8,SE,6650,6767,6748
03-09-2022 10:53,60,3.6,3.4,3.8,SE,6663,6775,6760
03-09-2022 10:53,59.9,3.6,3.4,3.8,SE,6673,6767,6753
03-09-2022 10:54,60,3.6,3.4,3.8,SE,6668,6781,6767
03-09-2022 10:54,60,3.6,3.4,3.8,SE,6659,6777,6760
03-09-2022 10:55,59.9,3.6,3.4,3.8,SE,6634,6773,6749
03-09-2022 10:55,59.9,3.6,3.4,3.8,SE,6651,6775,6753
03-09-2022 10:56,60,3.6,3.4,3.8,SE,6664,6782,6760
03-09-2022 10:56,60,3.6,3.4,3.8,SE,6686,6791,6771
03-09-2022 10:57,60,3.6,3.6,4,SE,6677,6787,6768
03-09-2022 10:57,60,3.6,3.6,3.8,SE,6680,6798,6777
03-09-2022 10:58,59.9,3.6,3.4,4,SE,6671,6794,6776
03-09-2022 10:58,59.9,3.6,3.6,4,SE,6677,6796,6775
03-09-2022 10:59,60,3.6,3.6,4,SE,6666,6796,6776
03-09-2022 11:00,60,3.6,3.4,4,SE,6674,6804,6785
03-09-2022 11:00,60,3.6,3.4,4,SE,6662,6781,6764
03-09-2022 11:01,60,3.8,3.4,4.2,SE,6666,6788,6765
03-09-2022 11:01,59.9,3.8,3.6,4.2,SE,6639,6766,6745
03-09-2022 11:02,59.9,3.8,3.6,4.2,SE,6651,6768,6748
03-09-2022 11:03,60,4,3.6,4.4,SE,6634,6757,6738
03-09-2022 11:03,59.9,4,3.6,4.4,SE,6626,6745,6725
03-09-2022 11:04,60,4,3.8,4.6,SE,6658,6786,6761
03-09-2022 11:04,60,4.2,3.8,4.6,SE,6661,6784,6765
03-09-2022 11:05,60,4,3.8,4.6,SE,6656,6779,6763
03-09-2022 11:05,59.9,4,3.8,4.6,SE,6668,6772,6755
03-09-2022 11:06,59.9,4,3.8,4.6,SE,6660,6780,6759
03-09-2022 11:06,59.9,4,3.8,4.6,SE,6660,6780,6760
03-09-2022 11:07,60,4,3.8,4.6,SE,6647,6774,6751
03-09-2022 11:07,59.9,4,3.6,4.6,SE,6652,6776,6755
03-09-2022 11:08,60,4,3.4,4.4,SE,6646,6765,6747
03-09-2022 11:09,60,4.2,3.4,4.4,SE,6661,6773,6753
03-09-2022 11:09,60,4.2,3.4,4.4,SE,6656,6770,6750
03-09-2022 11:10,60,4.2,3.4,4.4,SE,6654,6784,6761
03-09-2022 11:10,59.9,4.2,3.4,4.4,SE,6632,6762,6739
03-09-2022 11:11,59.8,4.6,3.8,4.8,SE,6634,6753,6728
03-09-2022 11:12,59.9,4,3.4,4.2,SE,6623,6753,6729
03-09-2022 11:12,59.9,4,3.2,4.2,SE,6679,6798,6770
03-09-2022 11:13,59.9,4,3.2,4.2,SE,6675,6793,6773
03-09-2022 11:13,59.9,4,3.2,4.4,SE,6670,6795,6772
03-09-2022 11:14,59.9,4,3.4,4.4,SE,6667,6790,6768
03-09-2022 11:15,59.9,4,3.6,4.4,SE,6649,6779,6755
03-09-2022 11:15,59.9,4.2,3.6,4.4,SE,6654,6776,6756
03-09-2022 11:16,59.9,4,3.6,4.4,SE,6650,6764,6742
03-09-2022 11:16,60,4.2,3.6,4.6,SE,6650,6774,6753
03-09-2022 11:17,60,4.2,3.8,4.8,SE,6645,6759,6740
03-09-2022 11:17,59.9,4.2,3.8,4.8,SE,6642,6762,6739
03-09-2022 11:18,60,4,3.8,4.8,SE,6636,6768,6732
03-09-2022 11:18,60,4,3.8,4.6,SE,6626,6760,6731
03-09-2022 11:19,60,4,3.8,4.6,SE,6642,6769,6751
03-09-2022 11:19,60,4,3.8,4.8,SE,6637,6747,6734
03-09-2022 11:20,59.9,4,3.8,4.6,SE,6624,6770,6744
03-09-2022 11:20,59.9,4,3.8,4.8,SE,6640,6767,6746
03-09-2022 11:21,60,4,3.8,4.8,SE,6644,6767,6746
03-09-2022 11:21,60,4,3.8,4.8,SE,6650,6774,6750
03-09-2022 11:22,60,4,3.6,4.6,SE,6637,6752,6734
03-09-2022 11:23,60,4.2,3.6,4.6,SE,6638,6753,6737
03-09-2022 11:23,59.9,4,3.6,4.6,SE,6644,6768,6747
03-09-2022 11:24,60,4,3.6,4.6,SE,6654,6776,6756
03-09-2022 11:24,60,4,3.6,4.6,SE,6643,6772,6754
03-09-2022 11:25,59.9,4,3.4,4.6,SE,6638,6760,6746
03-09-2022 11:25,60,4,3.6,4.6,SE,6648,6763,6747
03-09-2022 11:26,60,4.2,3.6,4.6,SE,6644,6757,6739
03-09-2022 11:27,60,4.2,3.6,4.6,SE,6647,6769,6749
03-09-2022 11:27,59.9,4.2,3.4,4.4,SE,6645,6764,6745
03-09-2022 11:28,59.9,4.2,3.4,4.4,SE,6639,6760,6740
03-09-2022 11:28,60,4.2,3.4,4.4,SE,6648,6753,6739
03-09-2022 11:29,60,4,3.6,4.6,SE,6672,6790,6772
03-09-2022 11:30,60,4,3.6,4.6,SE,6640,6768,6752
03-09-2022 11:30,60,4.2,3.8,4.6,SE,6640,6765,6750
03-09-2022 11:31,59.9,4,3.8,4.6,SE,6638,6755,6739
03-09-2022 11:31,59.9,4,3.8,4.6,SE,6649,6746,6735
03-09-2022 11:32,60,4,3.8,4.6,SE,6629,6747,6737
03-09-2022 11:32,60,4,3.8,4.6,SE,6627,6743,6732
03-09-2022 11:33,60,4,3.6,4.6,SE,6657,6764,6757
03-09-2022 11:34,59.9,4,3.6,4.6,SE,6641,6759,6746
03-09-2022 11:35,59.9,4,3.6,4.6,SE,6629,6753,6740
03-09-2022 11:35,60.1,4,3.6,4.6,SE,6664,6788,6776
03-09-2022 11:36,60,4,3.6,4.6,SE,6673,6789,6779
03-09-2022 11:36,60,4,3.6,4.6,SE,6673,6787,6774
03-09-2022 11:37,60,4,3.6,4.6,SE,6673,6789,6775
03-09-2022 11:37,60,4,3.6,4.6,SE,6677,6791,6774
03-09-2022 11:38,60,4,3.4,4.6,SE,6678,6795,6777
03-09-2022 11:39,60,4,3.6,4.6,SE,6678,6787,6766
03-09-2022 11:39,60,4,3.6,4.6,SE,6661,6783,6764
03-09-2022 11:40,60,4,3.6,4.6,SE,6687,6791,6778
03-09-2022 11:40,60,4,3.8,4.6,SE,6680,6788,6773
03-09-2022 11:41,59.9,4,3.8,4.6,SE,6672,6793,6775
03-09-2022 11:41,59.9,4,3.8,4.6,SE,6674,6785,6772
03-09-2022 11:42,59.9,4,3.6,4.4,SE,6663,6790,6770
03-09-2022 11:42,60,4,3.8,4.6,SE,6674,6790,6771
03-09-2022 11:43,60,4,3.8,4.6,SE,6671,6799,6782
03-09-2022 11:43,60,4.2,4,4.6,SE,6673,6798,6782
03-09-2022 11:44,60,4.2,4,4.6,SE,6672,6797,6776
03-09-2022 11:44,60,4,3.8,4.6,SE,6678,6800,6781
03-09-2022 11:45,59.9,4,3.8,4.6,SE,6680,6802,6782
03-09-2022 11:45,59.9,4,3.8,4.6,SE,6680,6802,6783
03-09-2022 11:46,60,4,3.8,4.6,SE,6665,6798,6774
03-09-2022 11:47,60,4,3.6,4.4,SE,6664,6806,6777
03-09-2022 11:47,59.9,4,3.6,4.4,SE,6682,6805,6778
03-09-2022 11:48,60,4.6,4,5,SE,6681,6806,6781
03-09-2022 11:48,60,4,3.6,4.4,SE,6680,6806,6783
03-09-2022 11:49,59.9,4,3.6,4.4,SE,6668,6794,6771
03-09-2022 11:49,59.9,4,3.6,4.4,SE,6668,6808,6776
03-09-2022 11:50,60,4,3.4,4.4,SE,6684,6816,6791
03-09-2022 11:51,60,4,3.4,4.2,SE,6696,6807,6784
03-09-2022 11:51,59.9,3.8,3.4,4.2,SE,6677,6806,6781
03-09-2022 11:52,60,4,3.4,4.2,SE,6697,6820,6800
03-09-2022 11:52,60.1,4,3.6,4.4,SE,6705,6818,6799
03-09-2022 11:53,60,4,3.4,4.4,SE,6701,6821,6802
03-09-2022 11:53,60,4,3.4,4.4,SE,6702,6822,6797
03-09-2022 11:54,59.9,4,3.6,4.4,SE,6675,6819,6793
03-09-2022 11:54,59.9,4.2,3.6,4.4,SE,6679,6815,6792
03-09-2022 11:55,60,4.2,3.6,4.4,SE,6692,6822,6798
03-09-2022 11:55,60,4.4,3.6,4.4,SE,6702,6816,6797
03-09-2022 11:56,59.9,4.6,4,4.8,SE,6700,6804,6785
03-09-2022 11:56,59.9,4.8,4.2,5,SE,6698,6815,6790
03-09-2022 11:57,60,4,3.6,4.4,SE,6699,6820,6799
03-09-2022 11:57,60,4,3.6,4.4,SE,6636,6749,6729
03-09-2022 11:58,60,4,3.8,4.4,SE,6614,6751,6731
03-09-2022 11:59,60,4,3.8,4.4,SE,6611,6751,6729
03-09-2022 11:59,59.9,4,3.8,4.6,SE,6634,6759,6740
03-09-2022 12:00,59.9,4,3.8,4.4,SE,6637,6766,6743
03-09-2022 12:00,60,4,3.8,4.6,SE,6650,6769,6752
03-09-2022 12:01,60,4,3.8,4.6,SE,6655,6771,6748
03-09-2022 12:01,60,4,3.6,4.4,SE,6655,6777,6760
03-09-2022 12:02,59.9,4,3.8,4.4,SE,6648,6773,6753
03-09-2022 12:03,60,4,3.8,4.6,SE,6665,6782,6763
03-09-2022 12:03,60,4,3.8,4.6,SE,6661,6778,6761
03-09-2022 12:04,59.9,4,3.8,4.6,SE,6667,6778,6764
03-09-2022 12:04,60,4,3.8,4.6,SE,6664,6777,6763
03-09-2022 12:05,59.9,4,3.8,4.6,SE,6660,6775,6765
03-09-2022 12:06,60,4,4,4.6,SE,6666,6778,6762
03-09-2022 12:06,60,4,3.8,4.6,SE,6673,6768,6752
03-09-2022 12:07,59.9,4,4,4.6,SE,6663,6776,6755
03-09-2022 12:07,59.9,4,3.8,4.4,SE,6657,6781,6761
03-09-2022 12:08,60,4,3.8,4.4,SE,6659,6777,6759
03-09-2022 12:08,60,4,3.8,4.4,SE,6657,6775,6760
03-09-2022 12:09,59.9,4,3.8,4.6,SE,6661,6780,6766
03-09-2022 12:09,60,4,3.8,4.6,SE,6662,6777,6762
03-09-2022 12:10,60,4,3.8,4.6,SE,6652,6778,6765
03-09-2022 12:11,60,4,3.8,4.6,SE,6649,6779,6760
03-09-2022 12:11,59.9,4,3.8,4.6,SE,6653,6777,6757
03-09-2022 12:12,60,4,3.8,4.4,SE,6657,6782,6763
03-09-2022 12:12,59.9,4,3.6,4.4,SE,6650,6784,6771
03-09-2022 12:13,59.9,4,3.6,4.4,SE,6653,6780,6767
03-09-2022 12:13,60,4,3.6,4.6,SE,6656,6785,6768
03-09-2022 12:14,59.9,4,3.6,4.4,SE,6652,6781,6767
03-09-2022 12:15,59.9,4,3.6,4.6,SE,6655,6777,6757
03-09-2022 12:15,60,4,3.6,4.4,SE,6658,6783,6762
03-09-2022 12:16,60,4,3.6,4.4,SE,6673,6784,6760
03-09-2022 12:16,59.9,4.6,4,4.8,SE,6665,6786,6772
03-09-2022 12:17,59.9,4,3.6,4.4,SE,6661,6788,6772
03-09-2022 12:17,59.9,4,3.8,4.6,SE,6672,6782,6765
03-09-2022 12:18,59.9,4,4,4.6,SE,6667,6781,6761
03-09-2022 12:18,59.9,4,3.8,4.6,SE,6667,6786,6770
03-09-2022 12:19,60,4.2,4,4.6,SE,6673,6795,6776
03-09-2022 12:20,60,4,4,4.6,SE,6658,6788,6763
03-09-2022 12:20,59.9,4,4,4.6,SE,6643,6777,6755
03-09-2022 12:21,59.9,4.2,4.2,4.8,SE,6641,6779,6759
03-09-2022 12:21,59.9,4.6,4.6,5.2,SE,6648,6786,6768
03-09-2022 12:22,60,4,4,4.6,SE,6677,6782,6756
03-09-2022 12:23,60,4,4,4.6,SE,6672,6775,6756
03-09-2022 12:23,59.9,4,4,4.6,SE,6663,6784,6760
03-09-2022 12:24,59.9,4.8,4.6,5.2,SE,6666,6773,6752
03-09-2022 12:24,60,4,4,4.6,SE,6662,6788,6770
03-09-2022 12:25,60,4,4,4.6,SE,6670,6792,6774
03-09-2022 12:25,59.9,4,4,4.6,SE,6675,6793,6774
03-09-2022 12:26,60,3.8,4,4.6,SE,6670,6788,6767
03-09-2022 12:27,59.9,4.4,4.2,5,SE,6660,6790,6770
03-09-2022 12:27,59.9,3.8,4,4.6,SE,6662,6789,6768
03-09-2022 12:28,60,3.8,3.8,4.4,SE,6679,6789,6775
03-09-2022 12:28,60,3.8,3.8,4.4,SE,6674,6789,6773
03-09-2022 12:29,60,3.8,3.8,4.4,SE,6662,6763,6750
03-09-2022 12:29,59.9,3.8,3.8,4.4,SE,6653,6767,6751
03-09-2022 12:30,60,3.8,4,4.6,SE,6640,6757,6743
03-09-2022 12:30,60,3.8,4,4.6,SE,6630,6756,6739
03-09-2022 12:31,59.9,3.8,4,4.6,SE,6635,6751,6737
03-09-2022 12:31,59.9,3.8,4.2,4.6,SE,6637,6752,6735
03-09-2022 12:32,60,3.8,4.2,4.6,SE,6675,6772,6756
03-09-2022 12:32,59.9,3.8,4,4.6,SE,6644,6754,6731
03-09-2022 12:33,59.9,4.4,4.4,5,SE,6635,6757,6739
03-09-2022 12:33,59.9,3.8,4,4.6,SE,6634,6741,6725
03-09-2022 12:34,60,3.8,4,4.4,SE,6620,6748,6727
03-09-2022 12:35,60,3.8,4,4.4,SE,6629,6741,6727
03-09-2022 12:35,60,3.8,4,4.4,SE,6676,6789,6771
03-09-2022 12:36,59.9,3.8,3.8,4.4,SE,6665,6778,6763
03-09-2022 12:36,59.9,3.8,3.8,4.4,SE,6676,6781,6767
03-09-2022 12:37,60,3.8,3.8,4.4,SE,6674,6782,6769
03-09-2022 12:37,60,3.8,3.8,4.6,SE,6654,6767,6749
03-09-2022 12:38,60,3.8,3.8,4.4,SE,6637,6758,6738
03-09-2022 12:39,60,3.8,4,4.4,SE,6629,6739,6723
03-09-2022 12:40,59.9,3.8,4,4.6,SE,6655,6759,6736
03-09-2022 12:40,59.9,3.8,4,4.6,SE,6644,6754,6731
03-09-2022 12:41,59.9,3.8,4,4.6,SE,6641,6754,6734
03-09-2022 12:41,60,4,4.2,4.6,SE,6634,6743,6724
03-09-2022 12:42,60,4,4.2,4.4,SE,6651,6744,6726
03-09-2022 12:42,60,4,4.2,4.6,SE,6639,6744,6727
03-09-2022 12:43,60,4,4.2,4.6,SE,6616,6750,6721
03-09-2022 12:43,60,4.2,4.2,4.6,SE,6621,6758,6739
03-09-2022 12:44,60,4,4.2,4.6,SE,6646,6775,6752
03-09-2022 12:44,60,4,4.2,4.6,SE,6656,6781,6758
03-09-2022 12:45,60,4,4.2,4.6,SE,6664,6783,6761
03-09-2022 12:45,60,4,4.2,4.6,SE,6643,6769,6747
03-09-2022 12:46,60,4,4,4.4,SE,6644,6769,6742
03-09-2022 12:47,60,4,4,4.6,SE,6636,6767,6737
03-09-2022 12:47,59.9,4,4.2,4.6,SE,6623,6754,6720
03-09-2022 12:48,59.9,4,4.2,4.6,SE,6631,6761,6731
03-09-2022 12:48,60,4.6,4.6,5.2,SE,6619,6751,6725
03-09-2022 12:49,59.9,4.6,4.6,5,SE,6641,6760,6732
03-09-2022 12:50,59.9,4,4,4.6,SE,6619,6750,6721
03-09-2022 12:50,60,4.6,4.4,5,SE,6655,6785,6751
03-09-2022 12:51,60,4.2,4.2,4.8,SE,6644,6786,6747
03-09-2022 12:51,60,4,4,4.4,SE,6640,6771,6734
03-09-2022 12:52,60,4,4,4.4,SE,6646,6775,6747
03-09-2022 12:52,60,4,4,4.4,SE,6646,6774,6745
03-09-2022 12:53,60,4,4,4.4,SE,6634,6745,6715
03-09-2022 12:53,59.9,4.8,4.4,5,SE,6627,6748,6721
03-09-2022 12:54,60,4.2,4,4.6,SE,6630,6752,6726
03-09-2022 12:54,60,4,3.8,4.4,SE,6634,6760,6731
03-09-2022 12:55,60,4,4,4.4,SE,6619,6745,6713
03-09-2022 12:55,60,4,4,4.4,SE,6613,6745,6712
03-09-2022 12:56,60,4,4,4.4,SE,6626,6747,6721
03-09-2022 12:57,59.8,4,4,4.6,SE,6579,6735,6697
03-09-2022 12:57,59.9,4.4,4.4,5,SE,6627,6764,6727
03-09-2022 12:58,60,4.6,4.6,5,SE,6618,6740,6738
03-09-2022 12:59,60,4,4,4.4,SE,6611,6736,6707
03-09-2022 12:59,59.9,3.8,4,4.4,SE,6620,6738,6712
03-09-2022 13:00,59.9,4.4,4.2,4.6,SE,6619,6730,6706
03-09-2022 13:00,59.9,3.8,4,4.4,SE,6624,6736,6727
03-09-2022 13:01,60,3.8,4,4.4,SE,6595,6721,6703
03-09-2022 13:02,60,3.8,4,4.4,SE,6599,6727,6701
03-09-2022 13:02,60,3.8,4,4.4,SE,6600,6705,6681
03-09-2022 13:03,59.9,4,4.2,4.6,SE,6738,6865,6836
03-09-2022 13:03,59.9,3.6,4,4.4,SE,6751,6863,6836
03-09-2022 13:04,60,4.2,4.4,5,SE,6747,6877,6847
03-09-2022 13:04,60,4.2,4.6,5.2,SE,6736,6860,6831
03-09-2022 13:05,60,4.4,4.8,5.2,SE,6729,6853,6824
03-09-2022 13:05,60.1,3.8,4,4.6,SE,6756,6892,6862
03-09-2022 13:06,60,3.8,4.2,4.6,SE,6772,6888,6859
03-09-2022 13:06,60,4.4,4.6,5,SE,6766,6883,6857
03-09-2022 13:07,60.1,3.8,4,4.6,SE,6769,6881,6858
03-09-2022 13:07,60.1,3.6,4,4.4,SE,6769,6886,6861
03-09-2022 13:08,60.1,3.6,3.8,4.4,SE,6766,6897,6869
03-09-2022 13:09,60,4.4,4.4,4.8,SE,6739,6855,6831
03-09-2022 13:09,60,3.6,3.8,4.4,SE,6729,6859,6831
03-09-2022 13:10,60,3.8,3.8,4.4,SE,6733,6855,6826
03-09-2022 13:11,60,4.2,4.2,4.8,SE,6746,6862,6834
03-09-2022 13:11,59.9,4.2,4.4,4.8,SE,6736,6857,6833
03-09-2022 13:12,59.9,3.8,4,4.4,SE,6734,6858,6835
03-09-2022 13:13,59.9,3.8,3.8,4.2,SE,6721,6859,6833
03-09-2022 13:14,59.9,4.4,4.2,4.8,SE,6709,6858,6822
03-09-2022 13:14,59.9,3.8,3.6,4.2,SE,6738,6872,6843
03-09-2022 13:15,60,3.8,3.6,4.2,SE,6758,6875,6833
03-09-2022 13:15,60,4.4,4,4.6,SE,6751,6873,6844
03-09-2022 13:16,60,3.8,3.6,4.2,SE,6751,6867,6840
03-09-2022 13:16,60,4.4,4.2,4.6,SE,6766,6877,6848
03-09-2022 13:17,60,4,3.6,4.2,SE,6761,6876,6850
03-09-2022 13:17,59.9,4.4,4.2,4.8,SE,6750,6877,6852
03-09-2022 13:18,59.9,4,3.8,4.4,SE,6741,6864,6835
03-09-2022 13:18,60,3.8,3.8,4.4,SE,6756,6883,6858
03-09-2022 13:19,60,3.8,3.8,4.4,SE,6750,6883,6855
03-09-2022 13:19,60,4,4,4.4,SE,6760,6875,6843
03-09-2022 13:20,60,4.2,4,4.4,SE,6762,6902,6870
03-09-2022 13:20,60,4,3.8,4.2,SE,6756,6898,6865
03-09-2022 13:21,60.1,4.8,4.4,4.8,SE,6773,6912,6883
03-09-2022 13:21,60.1,4,3.8,4.2,SE,6787,6920,6893
03-09-2022 13:22,60,3.8,3.8,4.2,SE,6776,6896,6871
03-09-2022 13:23,60,4.4,4.4,4.8,SE,6780,6895,6871
03-09-2022 13:23,60,3.8,4,4.4,SE,6772,6882,6857
03-09-2022 13:24,60,4.4,4.6,4.8,SE,6764,6878,6849
03-09-2022 13:24,60,3.8,3.8,4.4,SE,6744,6884,6857
03-09-2022 13:25,60,3.8,3.8,4.4,SE,6737,6874,6850
03-09-2022 13:26,60,3.8,3.8,4.2,SE,6743,6862,6840
03-09-2022 13:27,59.9,3.8,3.6,4.2,SE,6753,6865,6843
03-09-2022 13:27,59.9,4.4,4.2,4.6,SE,6781,6892,6866
03-09-2022 13:28,60,3.8,3.6,4.2,SE,6764,6887,6862
03-09-2022 13:28,60,3.8,3.6,4.2,SE,6740,6881,6854
03-09-2022 13:29,60,3.8,3.6,4.2,SE,6768,6889,6862
03-09-2022 13:29,60,3.8,3.8,4.2,SE,6773,6890,6864
03-09-2022 13:30,60,3.8,3.8,4.2,SE,6773,6890,6865
03-09-2022 13:30,59.9,4.2,4,4.6,SE,6772,6888,6865
03-09-2022 13:31,59.9,3.8,4,4.4,SE,6762,6877,6849
03-09-2022 13:31,59.9,3.8,3.8,4.4,SE,6762,6876,6854
03-09-2022 13:32,59.9,3.8,3.8,4.4,SE,6755,6871,6848
03-09-2022 13:32,59.9,3.8,3.8,4.4,SE,6745,6868,6846
03-09-2022 13:33,59.8,3.8,3.8,4.4,SE,6738,6866,6845
03-09-2022 13:34,59.8,3.8,3.8,4.4,SE,6754,6871,6850
03-09-2022 13:34,59.9,3.8,3.8,4.4,SE,6746,6876,6852
03-09-2022 13:35,59.9,3.8,3.8,4.4,SE,6754,6874,6850
03-09-2022 13:35,60.1,3.8,3.8,4.4,SE,6762,6885,6861
03-09-2022 13:36,60,3.8,3.8,4.4,SE,6760,6881,6858
03-09-2022 13:36,59.9,3.8,3.8,4.4,SE,6756,6871,6851
03-09-2022 13:37,59.8,3.8,3.8,4.4,SE,6748,6875,6852
03-09-2022 13:38,59.9,3.8,3.6,4.4,SE,6784,6903,6877
03-09-2022 13:38,59.9,3.8,3.6,4.4,SE,6751,6867,6842
03-09-2022 13:39,59.9,3.8,3.6,4.2,SE,6764,6879,6851
03-09-2022 13:39,59.9,3.8,3.6,4.2,SE,6765,6883,6858
03-09-2022 13:40,59.9,3.8,3.6,4.2,SE,6767,6881,6864
03-09-2022 13:40,59.9,3.8,3.6,4.2,SE,6767,6880,6863
03-09-2022 13:41,60,3.8,3.6,4.2,SE,6766,6887,6865
03-09-2022 13:41,60,3.8,3.6,4.2,SE,6766,6897,6871
03-09-2022 13:42,60,4.2,4,4.6,SE,6766,6894,6859
03-09-2022 13:42,59.9,3.8,3.6,4.2,SE,6766,6888,6858
03-09-2022 13:43,59.9,4,3.8,4.4,SE,6768,6894,6869
03-09-2022 13:43,59.9,3.8,4,4.4,SE,6768,6892,6863
03-09-2022 13:44,59.9,3.8,3.8,4.4,SE,6797,6923,6895
03-09-2022 13:44,59.9,3.6,3.8,4.4,SE,6793,6917,6892
03-09-2022 13:45,59.9,3.6,3.8,4.4,SE,6791,6916,6891
03-09-2022 13:46,59.9,3.6,3.8,4.4,SE,6787,6921,6893
03-09-2022 13:46,59.9,3.6,3.8,4.4,SE,6793,6928,6901
03-09-2022 13:47,59.9,3.8,3.8,4.4,SE,6793,6926,6896
03-09-2022 13:47,59.9,4,3.8,4.4,SE,6788,6922,6898
03-09-2022 13:48,59.9,3.8,3.8,4.2,SE,6781,6918,6898
03-09-2022 13:48,59.9,3.6,3.6,4.2,SE,6787,6916,6891
03-09-2022 13:49,59.9,3.8,3.8,4.4,SE,6790,6913,6887
03-09-2022 13:50,59.9,3.8,3.8,4.2,SE,6781,6914,6883
03-09-2022 13:50,59.9,3.8,3.8,4.4,SE,6782,6916,6886
03-09-2022 13:51,59.9,3.8,3.6,4.2,SE,6766,6897,6871
03-09-2022 13:51,59.9,3.8,3.6,4.2,SE,6759,6894,6864
03-09-2022 13:52,59.9,3.6,3.6,4.2,SE,6759,6892,6864
03-09-2022 13:52,60,3.6,3.4,4.2,SE,6778,6894,6869
03-09-2022 13:53,60,3.6,3.4,4.2,SE,6763,6906,6883
03-09-2022 13:53,60,3.6,3.4,4.2,SE,6768,6890,6869
03-09-2022 13:54,59.9,3.6,3.4,4.2,SE,6765,6888,6865
03-09-2022 13:55,60,3.8,3.6,4.2,SE,6769,6889,6865
03-09-2022 13:55,60,3.8,3.6,4.2,SE,6768,6888,6863
03-09-2022 13:56,59.9,3.8,3.6,4.2,SE,6764,6882,6860
03-09-2022 13:56,60,3.8,3.6,4.2,SE,6769,6890,6869
03-09-2022 13:57,59.9,3.6,3.6,4.2,SE,6761,6889,6867
03-09-2022 13:58,59.9,4.2,4,4.6,SE,6761,6871,6847
03-09-2022 13:59,60,3.8,3.4,4.2,SE,6761,6883,6860
03-09-2022 14:00,60,3.8,3.4,4.2,SE,6758,6878,6856
03-09-2022 14:00,60,3.8,3.4,4.2,SE,6768,6876,6854
03-09-2022 14:01,60,3.8,3.4,4.2,SE,6768,6877,6855
03-09-2022 14:02,60,4,3.6,4.4,SE,6756,6883,6857
03-09-2022 14:02,60,3.8,3.6,4.2,SE,6752,6879,6851
03-09-2022 14:03,60,3.8,3.6,4.2,SE,6791,6916,6893
03-09-2022 14:03,60,3.8,3.6,4.2,SE,6792,6913,6890
03-09-2022 14:04,60,4,3.6,4.2,SE,6799,6912,6893
03-09-2022 14:04,60,3.8,3.4,4.2,SE,6794,6905,6888
03-09-2022 14:05,60,3.8,3.6,4.2,SE,6787,6901,6881
03-09-2022 14:05,60,3.8,3.6,4.2,SE,6766,6893,6872
03-09-2022 14:06,59.9,4,3.6,4.2,SE,6760,6889,6867
03-09-2022 14:06,59.9,4,3.6,4.2,SE,6774,6887,6864
03-09-2022 14:07,59.9,4,3.6,4.2,SE,6765,6877,6856
03-09-2022 14:07,59.9,4,3.6,4.2,SE,6763,6868,6847
03-09-2022 14:08,60,4,3.8,4.2,SE,6783,6889,6867
03-09-2022 14:08,59.9,3.8,3.6,4.2,SE,6772,6889,6865
03-09-2022 14:09,60,3.8,3.8,4.2,SE,6773,6886,6866
03-09-2022 14:10,60,3.8,3.8,4.2,SE,6760,6881,6861
03-09-2022 14:10,60,3.8,3.8,4.2,SE,6758,6901,6864
03-09-2022 14:11,60,3.8,3.6,4.2,SE,6745,6878,6852
03-09-2022 14:11,60,3.8,3.6,4.2,SE,6767,6896,6869
03-09-2022 14:12,60,3.8,3.6,4.2,SE,6756,6887,6864
03-09-2022 14:12,59.9,4.4,4.2,4.6,SE,6770,6880,6868
03-09-2022 14:13,59.9,3.8,3.6,4.2,SE,6756,6874,6857
03-09-2022 14:14,59.9,3.8,3.6,4.2,SE,6758,6879,6860
03-09-2022 14:14,59.9,4,3.6,4.2,SE,6766,6883,6861
03-09-2022 14:15,59.9,3.8,3.8,4.2,SE,6771,6893,6863
03-09-2022 14:15,59.9,4.4,4.2,4.6,SE,6763,6881,6854
03-09-2022 14:16,59.9,3.8,3.6,4.2,SE,6767,6898,6872
03-09-2022 14:16,59.9,4,3.6,4.2,SE,6770,6892,6871
03-09-2022 14:17,59.9,4.8,4.4,4.8,SE,6758,6887,6877
03-09-2022 14:17,59.9,4,3.8,4.2,SE,6763,6893,6865
03-09-2022 14:18,59.9,4.2,3.6,4.2,SE,6778,6908,6885
03-09-2022 14:18,59.9,4.2,3.6,4.2,SE,6778,6907,6878
03-09-2022 14:19,59.9,4,3.8,4.2,SE,6784,6913,6886
03-09-2022 14:19,59.9,3.8,3.4,4,SE,6792,6908,6879
03-09-2022 14:20,59.9,3.8,3.4,4,SE,6781,6900,6878
03-09-2022 14:20,59.9,3.8,3.4,4.2,SE,6774,6883,6863
03-09-2022 14:21,59.9,3.8,3.6,4.2,SE,6762,6869,6854
03-09-2022 14:22,59.9,3.8,3.6,4.2,SE,6761,6886,6863
03-09-2022 14:22,59.9,3.8,3.6,4.2,SE,6771,6891,6866
03-09-2022 14:23,60,4,4,4.2,SE,6775,6899,6873
03-09-2022 14:24,60,4,3.8,4.2,SE,6772,6897,6871
03-09-2022 14:24,59.9,4,3.8,4.2,SE,6756,6872,6853
03-09-2022 14:25,59.9,4,3.8,4.2,SE,6761,6889,6864
03-09-2022 14:26,60,4,3.6,4.2,SE,6786,6896,6878
03-09-2022 14:27,59.9,3.8,3.6,4.2,SE,6785,6890,6873
03-09-2022 14:27,59.9,3.8,3.6,4.2,SE,6773,6895,6872
03-09-2022 14:28,59.9,3.8,3.8,4.2,SE,6782,6900,6881
03-09-2022 14:28,59.9,4,3.8,4.2,SE,6770,6891,6880
03-09-2022 14:29,60,4,3.8,4.2,SE,6771,6883,6864
03-09-2022 14:29,60,4,3.8,4.2,SE,6772,6872,6855
03-09-2022 14:30,60,4,3.8,4.2,SE,6763,6886,6856
03-09-2022 14:30,60,3.8,3.6,4.2,SE,6764,6884,6863
03-09-2022 14:31,59.9,3.8,3.6,4.2,SE,6782,6897,6876
03-09-2022 14:31,59.9,3.8,3.6,4.2,SE,6785,6876,6860
03-09-2022 14:32,60,3.8,3.6,4.2,SE,6785,6889,6869
03-09-2022 14:32,60,3.8,3.6,4.2,SE,6785,6922,6897
03-09-2022 14:33,60,3.8,3.6,4.2,SE,6797,6924,6903
03-09-2022 14:34,60,3.8,3.6,4.4,SE,6799,6913,6896
03-09-2022 14:34,60,3.8,3.6,4.2,SE,6811,6912,6895
03-09-2022 14:35,60,3.8,3.8,4.2,SE,6729,6846,6828
03-09-2022 14:35,60,3.8,3.8,4.2,SE,6709,6792,6782
03-09-2022 14:36,60,3.8,3.8,4.2,SE,6710,6815,6804
03-09-2022 14:37,60,3.8,3.8,4.2,SE,6695,6805,6794
03-09-2022 14:38,59.9,3.8,3.8,4.2,SE,6681,6794,6776
03-09-2022 14:38,59.9,3.8,3.8,4,SE,6697,6805,6789
03-09-2022 14:39,59.9,3.8,3.8,4.2,SE,6697,6818,6799
03-09-2022 14:39,59.9,3.8,3.8,4.2,SE,6680,6810,6789
03-09-2022 14:40,59.9,3.8,3.8,4.2,SE,6705,6823,6812
03-09-2022 14:40,59.9,3.8,3.8,4,SE,6700,6805,6790
03-09-2022 14:41,59.9,3.8,3.4,4,SE,6700,6801,6784
03-09-2022 14:41,59.9,3.8,3.4,4,SE,6692,6815,6795
03-09-2022 14:42,59.8,3.8,3.6,4,SE,6701,6818,6796
03-09-2022 14:42,59.8,3.8,3.6,4,SE,6684,6811,6793
03-09-2022 14:43,59.9,3.8,3.6,4,SE,6693,6807,6786
03-09-2022 14:43,59.8,4,3.6,4,SE,6693,6814,6794
03-09-2022 14:44,59.9,3.8,3.4,4,SE,6702,6820,6797
03-09-2022 14:44,59.9,4.2,3.8,4.4,SE,6709,6823,6801
03-09-2022 14:45,59.9,3.8,3.4,4,SE,6683,6808,6795
03-09-2022 14:46,59.9,3.8,3.4,4,SE,6672,6817,6795
03-09-2022 14:46,59.9,4,3.4,4,SE,6691,6819,6792
03-09-2022 14:47,60,4,3.6,4,SE,6685,6819,6795
03-09-2022 14:47,60,4,3.6,4,SE,6698,6823,6794
03-09-2022 14:48,59.9,3.8,3.6,4,SE,6695,6821,6786
03-09-2022 14:48,59.9,3.8,3.6,4.2,SE,6721,6826,6797
03-09-2022 14:49,59.9,3.8,3.6,4.2,SE,6712,6817,6790
03-09-2022 14:50,60,4,3.8,4.4,SE,6728,6849,6825
03-09-2022 14:50,59.9,3.8,3.8,4.2,SE,6731,6853,6830
03-09-2022 14:51,60,3.8,3.6,4.2,SE,6739,6839,6811
03-09-2022 14:51,59.9,3.8,3.8,4.2,SE,6696,6806,6777
03-09-2022 14:52,59.9,3.8,3.6,4.2,SE,6713,6828,6798
03-09-2022 14:52,59.9,3.8,3.6,4.2,SE,6709,6829,6800
03-09-2022 14:53,60,3.8,3.4,4.2,SE,6728,6862,6833
03-09-2022 14:53,59.9,3.8,3.6,4.2,SE,6687,6832,6808
03-09-2022 14:54,59.9,3.8,3.4,4,SE,6708,6832,6806
03-09-2022 14:54,59.9,3.8,3.4,4.2,SE,6706,6832,6802
03-09-2022 14:55,59.9,3.8,3.4,4.2,SE,6719,6839,6809
03-09-2022 14:55,60,4,3.4,4.2,SE,6708,6841,6812
03-09-2022 14:56,60,4.4,3.8,4.6,SE,6716,6830,6806
03-09-2022 14:57,59.9,4.4,3.8,4.6,SE,6713,6828,6800
03-09-2022 14:58,59.9,4,3.4,4.2,SE,6721,6828,6797
03-09-2022 14:58,59.9,3.8,3.4,4.2,SE,6708,6825,6795
03-09-2022 14:59,60,4,3.8,4.2,SE,6705,6830,6807
03-09-2022 15:00,59.9,3.8,3.8,4.2,SE,6703,6830,6807
03-09-2022 15:01,59.9,3.8,3.8,4.2,SE,6729,6857,6826
03-09-2022 15:01,60,3.8,3.8,4.2,SE,6739,6862,6830
03-09-2022 15:02,60,3.8,3.6,4.2,SE,6725,6859,6826
03-09-2022 15:02,60,3.8,3.6,4.2,SE,6723,6857,6824
03-09-2022 15:03,59.9,3.8,3.8,4.2,SE,6663,6786,6759
03-09-2022 15:03,60,3.8,3.8,4.2,SE,6635,6784,6753
03-09-2022 15:04,60,3.8,3.8,4.2,SE,6667,6790,6765
03-09-2022 15:04,59.9,4.4,4.2,4.6,SE,6664,6792,6765
03-09-2022 15:05,59.9,3.8,3.8,4.2,SE,6666,6783,6755
03-09-2022 15:05,60,4,4,4.4,SE,6675,6791,6761
03-09-2022 15:06,59.9,3.8,3.6,4.2,SE,6673,6787,6758
03-09-2022 15:06,59.9,3.8,3.6,4.2,SE,6679,6790,6758
03-09-2022 15:07,59.9,4,3.6,4.2,SE,6663,6786,6765
03-09-2022 15:07,59.9,4,3.6,4.2,SE,6642,6766,6740
03-09-2022 15:08,59.9,4,3.6,4,SE,6657,6767,6742
03-09-2022 15:09,60,4,3.6,4.2,SE,6669,6768,6752
03-09-2022 15:10,60,4,3.6,4.2,SE,6644,6761,6737
03-09-2022 15:10,59.9,4,3.6,4.2,SE,6641,6750,6731
03-09-2022 15:11,59.9,4,3.6,4.2,SE,6642,6761,6729
03-09-2022 15:11,59.9,4,3.6,4.2,SE,6624,6749,6721
03-09-2022 15:12,60,4,3.6,4.2,SE,6636,6758,6728
03-09-2022 15:13,59.9,4,3.8,4.2,SE,6646,6752,6721
03-09-2022 15:13,59.9,4.2,3.8,4.2,SE,6641,6734,6709
03-09-2022 15:14,59.9,4,3.8,4.2,SE,6638,6755,6725
03-09-2022 15:14,60,4,3.8,4.2,SE,6634,6759,6733
03-09-2022 15:15,60,4.2,3.8,4.2,SE,6653,6770,6746
03-09-2022 15:15,59.9,4.2,3.8,4.2,SE,6628,6747,6723
03-09-2022 15:16,59.9,4.2,3.8,4,SE,6642,6763,6736
03-09-2022 15:16,60,4.2,3.8,4,SE,6644,6757,6733
03-09-2022 15:17,60,4.2,3.8,4,SE,6654,6773,6748
03-09-2022 15:17,60,4.2,4,4,SE,6641,6758,6736
03-09-2022 15:18,59.9,4.2,4,4,SE,6636,6744,6726
03-09-2022 15:18,59.8,4.2,4,4,SE,6636,6748,6726
03-09-2022 15:19,60,4,3.6,4,SE,6630,6746,6733
03-09-2022 15:19,60,4.4,4,4.4,SE,6633,6761,6742
03-09-2022 15:20,60,3.8,3.8,4,SE,6658,6777,6759
03-09-2022 15:20,60,4.2,4,4.4,SE,6670,6775,6759
03-09-2022 15:21,59.9,4,3.8,4,SE,6680,6776,6759
03-09-2022 15:22,59.9,4,3.8,4,SE,6683,6779,6765
03-09-2022 15:22,59.9,4,3.8,4,SE,6669,6773,6754
03-09-2022 15:23,59.9,4,3.6,4,SE,6658,6778,6752
03-09-2022 15:23,59.9,4,3.6,4,SE,6659,6779,6749
03-09-2022 15:24,59.9,4,3.4,4,SE,6655,6777,6755
03-09-2022 15:25,59.9,4,3.6,4,SE,6655,6766,6742
03-09-2022 15:25,59.9,4.2,3.8,4.2,SE,6651,6762,6735
03-09-2022 15:26,60,3.8,3.6,3.8,SE,6653,6779,6750
03-09-2022 15:26,60,3.6,3.2,3.8,SE,6668,6780,6763
03-09-2022 15:27,60,3.6,3.2,3.8,SE,6667,6778,6759
03-09-2022 15:27,60,3.6,3.2,3.8,SE,6658,6772,6749
03-09-2022 15:28,60,3.6,3.4,3.6,SE,6646,6766,6748
03-09-2022 15:28,60,3.6,3.2,3.6,SE,6659,6778,6755
03-09-2022 15:29,60,3.4,3.4,3.8,SE,6654,6774,6747
03-09-2022 15:29,59.9,3.4,3.4,4,SE,6644,6756,6732
03-09-2022 15:30,59.9,3.6,3.6,4.2,SE,6640,6755,6738
03-09-2022 15:30,59.9,3.4,3.4,3.8,SE,6653,6760,6746
03-09-2022 15:31,60,3.2,3.2,3.6,SE,6666,6771,6755
03-09-2022 15:31,60,3,3,3.6,SE,6657,6776,6756
03-09-2022 15:32,59.9,3,3,3.6,SE,6654,6769,6752
03-09-2022 15:32,59.9,3,3,3.6,SE,6658,6752,6734
03-09-2022 15:33,59.9,3.4,3.2,3.8,SE,6649,6780,6760
03-09-2022 15:34,59.9,3,3,3.6,SE,6665,6784,6767
03-09-2022 15:34,59.9,3.2,3,3.6,SE,6656,6763,6746
03-09-2022 15:35,59.9,3.2,3.2,3.6,SE,6668,6788,6767
03-09-2022 15:36,60,3.2,3,3.6,SE,6683,6800,6778
03-09-2022 15:37,60,3.2,3,3.6,SE,6664,6795,6773
03-09-2022 15:38,59.9,3.2,3,3.6,SE,6675,6790,6769
03-09-2022 15:38,59.9,3.2,3,3.6,SE,6674,6793,6771
03-09-2022 15:39,60,3.2,2.8,3.6,SE,6658,6776,6750
03-09-2022 15:39,60.1,3.2,2.8,3.6,SE,6666,6775,6754
03-09-2022 15:40,60,3.2,3,3.6,SE,6664,6769,6752
03-09-2022 15:40,60,3.6,3,3.6,SE,6660,6763,6748
03-09-2022 15:41,60,3.2,3,3.6,SE,6642,6772,6745
03-09-2022 15:41,59.9,3.2,3,3.6,SE,6640,6773,6746
03-09-2022 15:42,59.9,3.4,3.2,4,SE,6654,6778,6754
03-09-2022 15:42,60,3.4,3.2,4,SE,6644,6776,6750
03-09-2022 15:43,59.8,3.8,3.4,4.2,SE,6663,6742,6717
03-09-2022 15:43,59.9,3.4,3.2,4,SE,6660,6778,6750
03-09-2022 15:44,60,3.4,3.2,4,SE,6659,6771,6744
03-09-2022 15:45,60,3.4,3.2,4,SE,6658,6766,6737
03-09-2022 15:45,60,3.4,3,4,SE,6649,6769,6737
03-09-2022 15:46,60,3.4,3,4,SE,6658,6782,6752
03-09-2022 15:46,59.9,3.4,3,4,SE,6640,6778,6742
03-09-2022 15:47,59.9,3.4,3,4,SE,6634,6768,6728
03-09-2022 15:47,59.9,3.4,3,4,SE,6648,6783,6749
03-09-2022 15:48,60,3.8,3.4,4.4,SE,6653,6783,6752
03-09-2022 15:49,59.9,3.2,3,3.6,SE,6654,6771,6742
03-09-2022 15:49,60,3.2,3,3.6,SE,6684,6795,6769
03-09-2022 15:50,60,3.2,3,3.6,SE,6669,6798,6769
03-09-2022 15:50,60.1,3.2,3,3.8,SE,6683,6804,6777
03-09-2022 15:51,60,3.2,3,3.8,SE,6667,6801,6768
03-09-2022 15:51,60,3,3.2,3.8,SE,6623,6800,6747
03-09-2022 15:52,60,3,3,3.8,SE,6647,6781,6745
03-09-2022 15:52,60,3,3,3.8,SE,6669,6778,6746
03-09-2022 15:53,60,3,3,3.6,SE,6636,6771,6735
03-09-2022 15:53,60,3,3,3.6,SE,6663,6778,6751
03-09-2022 15:54,60,2.8,3,3.2,SE,6648,6763,6740
03-09-2022 15:55,59.9,3,3.2,3.2,SE,6657,6779,6753
03-09-2022 15:55,59.9,3,3.4,3.2,SE,6649,6765,6742
03-09-2022 15:56,59.9,3,3.2,3.2,SE,6661,6773,6747
03-09-2022 15:57,59.9,3.2,3.2,3.2,SE,6658,6764,6739
03-09-2022 15:57,59.9,3.2,3.2,3.2,SE,6651,6778,6750
03-09-2022 15:58,59.9,3.2,3.2,3.2,SE,6655,6783,6752
03-09-2022 15:58,59.9,3.2,3.2,3,SE,6654,6771,6746
03-09-2022 15:59,60,2.8,3,3,SE,6662,6777,6753
03-09-2022 15:59,59.9,2.8,3,3,SE,6653,6765,6746
03-09-2022 16:00,59.9,2.8,3,3,SE,6650,6775,6756
03-09-2022 16:01,59.9,2.6,2.8,3,SE,6655,6772,6751
03-09-2022 16:01,59.9,2.6,2.8,3,SE,6646,6772,6748
03-09-2022 16:02,60,2.8,2.8,3,SE,6656,6768,6748
03-09-2022 16:02,59.9,2.6,2.8,3,SE,6667,6771,6752
03-09-2022 16:03,59.9,2.6,2.8,3,SE,6664,6753,6736
03-09-2022 16:03,59.9,2.6,2.8,3,SE,6664,6769,6754
03-09-2022 16:04,60,2.4,2.8,3,SE,6659,6766,6744
03-09-2022 16:04,59.9,2.4,2.8,3,SE,6660,6770,6746
03-09-2022 16:05,59.9,2.4,3,3,SE,6652,6759,6735
03-09-2022 16:05,59.9,2.4,3,3,SE,6658,6763,6742
03-09-2022 16:06,59.9,2.4,3,3,SE,6650,6762,6741
03-09-2022 16:06,59.9,2.4,3,3,SE,6656,6768,6749
03-09-2022 16:07,60,2.2,3,3.2,SE,6689,6803,6778
03-09-2022 16:07,59.9,2.2,2.8,3,SE,6688,6792,6768
03-09-2022 16:08,60,2.2,2.8,3,SE,6668,6765,6743
03-09-2022 16:09,59.9,2.6,3,3.2,SE,6655,6767,6744
03-09-2022 16:09,59.9,2.2,2.6,3,SE,6662,6778,6757
03-09-2022 16:10,59.9,2.2,2.6,3,SE,6660,6764,6744
03-09-2022 16:10,59.9,2.2,2.6,3,SE,6656,6747,6730
03-09-2022 16:11,59.9,2.2,2.6,3,SE,6658,6760,6739
03-09-2022 16:11,60,2.2,2.6,3,SE,6686,6796,6776
03-09-2022 16:12,59.9,2.2,2.6,3,SE,6686,6803,6783
03-09-2022 16:13,59.9,2.2,2.6,3,SE,6652,6761,6747
03-09-2022 16:13,59.9,2.2,2.8,3,SE,6652,6759,6746
03-09-2022 16:14,59.9,2.4,2.8,3,SE,6656,6766,6746
03-09-2022 16:14,60,2.4,2.8,3,SE,6651,6762,6742
03-09-2022 16:15,59.9,2.4,2.8,3,SE,6651,6781,6766
03-09-2022 16:15,59.9,2.4,2.8,3,SE,6654,6774,6756
03-09-2022 16:16,59.9,2.4,2.8,3,SE,6678,6796,6774
03-09-2022 16:16,59.9,2.2,2.8,3,SE,6689,6801,6782
03-09-2022 16:17,60,2.2,2.8,3,SE,6677,6795,6775
03-09-2022 16:17,59.9,2.4,2.8,3,SE,6662,6788,6768
03-09-2022 16:18,59.9,2.4,2.8,3,SE,6662,6791,6768
03-09-2022 16:18,59.9,2.4,2.8,3,SE,6660,6789,6767
03-09-2022 16:19,60,2.4,2.8,3,SE,6676,6790,6768
03-09-2022 16:19,59.9,2.4,2.8,3,SE,6668,6788,6768
03-09-2022 16:20,60,2.2,2.8,3,SE,6677,6793,6772
03-09-2022 16:21,59.9,2.2,2.6,3,SE,6676,6796,6774
03-09-2022 16:21,59.9,2.2,2.6,3,SE,6670,6792,6771
03-09-2022 16:22,60,2.2,2.6,3,SE,6682,6787,6770
03-09-2022 16:22,59.9,2.2,2.8,3,SE,6683,6795,6774
03-09-2022 16:23,59.9,2.2,2.8,3,SE,6676,6786,6776
03-09-2022 16:23,59.9,2.2,2.6,3,SE,6649,6765,6745
03-09-2022 16:24,60,2.2,2.6,3,SE,6656,6774,6756
03-09-2022 16:25,59.9,2.2,2.6,3,SE,6640,6746,6733
03-09-2022 16:25,59.9,2.2,2.6,3,SE,6645,6756,6735
03-09-2022 16:26,59.9,2.2,2.8,3,SE,6659,6767,6747
03-09-2022 16:26,59.9,2.2,2.8,3,SE,6647,6772,6753
03-09-2022 16:27,59.9,2.4,2.8,3,SE,6667,6784,6763
03-09-2022 16:27,59.9,2.4,2.8,3,SE,6656,6772,6752
03-09-2022 16:28,60,2.4,2.8,3,SE,6664,6775,6757
03-09-2022 16:28,59.9,2.4,2.8,3,SE,6631,6755,6733
03-09-2022 16:29,59.9,2.4,2.8,3,SE,6639,6770,6753
03-09-2022 16:29,60,2.4,2.8,3,SE,6661,6779,6760
03-09-2022 16:30,59.9,2.2,2.6,3,SE,6663,6780,6763
03-09-2022 16:30,59.9,2.2,2.6,3,SE,6664,6775,6758
03-09-2022 16:31,60,2.4,2.8,3,SE,6649,6758,6741
03-09-2022 16:31,59.9,2.4,2.8,3,SE,6658,6770,6754
03-09-2022 16:32,60,2.4,2.6,3,SE,6638,6763,6742
03-09-2022 16:33,59.9,2.4,2.6,3,SE,6627,6773,6745
03-09-2022 16:34,59.9,2.2,2.6,3,SE,6659,6783,6763
03-09-2022 16:34,59.9,2.2,2.6,3,SE,6661,6753,6743
03-09-2022 16:35,60,2.2,2.6,3,SE,6654,6750,6736
03-09-2022 16:35,60,2.2,2.8,3,SE,6642,6769,6751
03-09-2022 16:36,60,2.4,2.8,3,SE,6662,6796,6771
03-09-2022 16:37,59.9,2.2,2.8,3,SE,6656,6787,6761
03-09-2022 16:37,59.8,2.2,2.8,3,SE,6658,6787,6767
03-09-2022 16:38,59.9,2.2,2.8,3,SE,6682,6796,6779
03-09-2022 16:38,59.9,2.2,2.8,3,SE,6689,6800,6778
03-09-2022 16:39,59.9,2.2,2.8,3,SE,6668,6776,6758
03-09-2022 16:39,59.9,2.2,2.8,3,SE,6670,6779,6762
03-09-2022 16:40,59.9,2.2,2.8,3,SE,6658,6773,6757
03-09-2022 16:40,60,2.4,2.8,3,SE,6658,6782,6764
03-09-2022 16:41,60,2.4,2.8,3,SE,6642,6772,6752
03-09-2022 16:41,59.9,2.4,2.8,3,SE,6651,6771,6754
03-09-2022 16:42,59.9,2.2,2.8,3,SE,6676,6790,6774
03-09-2022 16:42,59.9,2.2,2.8,3,SE,6662,6761,6746
03-09-2022 16:43,59.9,2.2,2.6,2.8,SE,6669,6785,6761
03-09-2022 16:43,59.9,2.2,2.6,2.8,SE,6649,6771,6751
03-09-2022 16:44,60,2.4,2.8,3,SE,6652,6776,6753
03-09-2022 16:45,59.9,2.4,2.6,3,SE,6649,6779,6760
03-09-2022 16:45,59.9,2.4,2.6,3,SE,6639,6777,6755
03-09-2022 16:46,60,2.4,2.6,3,SE,6667,6787,6770
03-09-2022 16:46,59.9,2.4,2.6,3,SE,6675,6782,6759
03-09-2022 16:47,59.9,2.2,2.6,3,SE,6653,6777,6754
03-09-2022 16:47,59.8,2.2,2.6,3,SE,6661,6763,6749
03-09-2022 16:48,59.9,2.2,2.6,2.8,SE,6653,6775,6751
03-09-2022 16:49,59.9,2.2,2.6,2.8,SE,6658,6785,6767
03-09-2022 16:49,59.9,2.2,2.6,2.8,SE,6670,6799,6782
03-09-2022 16:50,59.9,2.2,2.6,2.8,SE,6669,6778,6760
03-09-2022 16:50,59.9,2.2,2.6,2.8,SE,6678,6789,6774
03-09-2022 16:51,59.9,2.2,2.6,2.8,SE,6677,6798,6783
03-09-2022 16:51,59.9,2.2,2.6,2.8,SE,6673,6788,6777
03-09-2022 16:52,59.9,2.2,2.6,2.8,SE,6666,6779,6768
03-09-2022 16:52,59.9,2.2,2.6,2.8,SE,6684,6801,6792
03-09-2022 16:53,59.9,2.2,2.6,2.8,SE,6687,6803,6794
03-09-2022 16:53,60,2.2,2.6,2.8,SE,6684,6805,6797
03-09-2022 16:54,59.9,2.2,2.6,2.8,SE,6679,6803,6788
03-09-2022 16:54,59.9,2.2,2.6,2.8,SE,6676,6804,6787
03-09-2022 16:55,59.9,2.2,2.6,2.8,SE,6667,6785,6771
03-09-2022 16:55,59.9,2.2,2.6,2.8,SE,6664,6781,6769
03-09-2022 16:56,60,2.2,2.6,2.8,SE,6658,6782,6769
03-09-2022 16:57,59.9,2.2,2.6,2.8,SE,6655,6781,6767
03-09-2022 16:57,60,2.2,2.4,2.8,SE,6667,6792,6781
03-09-2022 16:58,59.9,2.2,2.4,2.8,SE,6633,6772,6755
03-09-2022 16:58,59.9,2.2,2.4,2.8,SE,6658,6781,6769
03-09-2022 16:59,59.9,2.2,2.4,2.8,SE,6673,6794,6783
03-09-2022 16:59,59.9,2.2,2.4,2.8,SE,6686,6801,6786
03-09-2022 17:00,60,2.2,2.4,2.8,SE,6677,6791,6775
03-09-2022 17:01,60,2.2,2.4,2.8,SE,6686,6805,6790
03-09-2022 17:01,60,2.2,2.4,2.8,SE,6687,6808,6793
03-09-2022 17:02,59.9,2.2,2.4,2.8,SE,6679,6798,6783
03-09-2022 17:02,59.9,2.2,2.4,3,SE,6691,6810,6790
03-09-2022 17:03,60,2.2,2.6,3,SE,6680,6807,6785
03-09-2022 17:03,60,2.2,2.6,3,SE,6707,6837,6814
03-09-2022 17:04,59.9,2.2,2.6,3,SE,6710,6823,6796
03-09-2022 17:04,59.9,2.2,2.6,3,SE,6705,6826,6804
03-09-2022 17:05,59.9,2.2,2.6,3,SE,6701,6832,6816
03-09-2022 17:05,59.9,2.2,2.4,3,SE,6701,6826,6810
03-09-2022 17:06,59.9,2.2,2.6,3,SE,6668,6800,6793
03-09-2022 17:06,59.9,2.2,2.6,3,SE,6679,6803,6789
03-09-2022 17:07,59.9,2.2,2.6,3,SE,6681,6789,6774
03-09-2022 17:07,60,2.2,2.6,3,SE,6689,6800,6789
03-09-2022 17:08,59.9,2.2,2.6,3,SE,6685,6787,6783
03-09-2022 17:09,59.9,2.2,2.6,3,SE,6693,6797,6788
03-09-2022 17:09,59.9,2.2,2.6,3,SE,6683,6790,6781
03-09-2022 17:10,59.8,2.2,2.6,3,SE,6686,6801,6786
03-09-2022 17:11,59.9,2.2,2.6,3,SE,6650,6794,6767
03-09-2022 17:11,59.9,2.2,2.6,3,SE,6667,6801,6784
03-09-2022 17:12,60,2.4,2.4,2.8,SE,6677,6812,6793
03-09-2022 17:13,59.9,2.4,2.4,2.8,SE,6684,6798,6778
03-09-2022 17:13,60,2.4,2.4,2.8,SE,6687,6817,6793
03-09-2022 17:14,59.9,2.4,2.6,3,SE,6686,6798,6776
03-09-2022 17:14,59.9,2.4,2.6,3,SE,6683,6793,6774
03-09-2022 17:15,59.9,2.2,2.6,3,SE,6677,6804,6788
03-09-2022 17:15,59.9,2.2,2.6,3,SE,6676,6798,6779
03-09-2022 17:16,60,2.4,2.8,3,SE,6691,6809,6785
03-09-2022 17:16,60,2.4,2.8,3,SE,6686,6808,6786
03-09-2022 17:17,60,2.4,2.8,3,SE,6686,6803,6782
03-09-2022 17:17,59.9,2.4,2.6,3,SE,6688,6803,6780
03-09-2022 17:18,59.9,2.6,2.6,3,SE,6689,6784,6767
03-09-2022 17:18,60,2.4,2.6,3,SE,6697,6796,6777
03-09-2022 17:19,60,2.4,2.6,3,SE,6676,6796,6773
03-09-2022 17:19,59.9,2.4,2.4,3,SE,6677,6797,6778
03-09-2022 17:20,59.9,2.4,2.6,3,SE,6680,6803,6787
03-09-2022 17:21,59.9,2.2,2.6,3,SE,6677,6792,6779
03-09-2022 17:21,59.9,2.2,2.6,3,SE,6678,6771,6768
03-09-2022 17:22,60,2.2,2.6,3,SE,6675,6787,6772
03-09-2022 17:22,60,2.2,2.4,3,SE,6688,6793,6799
03-09-2022 17:23,60,2.2,2.6,3,SE,6674,6789,6780
03-09-2022 17:24,60,2.2,2.4,2.8,SE,6706,6818,6803
03-09-2022 17:24,60,2.2,2.6,2.8,SE,6702,6813,6799
03-09-2022 17:25,59.9,2.2,2.4,2.8,SE,6678,6779,6767
03-09-2022 17:26,59.9,2.2,2.4,2.8,SE,6683,6800,6786
03-09-2022 17:26,60,2.2,2.4,2.8,SE,6690,6782,6764
03-09-2022 17:27,60,2.4,2.4,2.8,SE,6686,6785,6772
03-09-2022 17:27,60,2.2,2.6,2.8,SE,6691,6799,6782
03-09-2022 17:28,59.9,2.4,2.4,2.8,SE,6691,6793,6776
03-09-2022 17:28,59.9,2.4,2.4,2.8,SE,6681,6792,6775
03-09-2022 17:29,60,2.2,2.4,2.8,SE,6682,6795,6788
03-09-2022 17:29,59.9,2.2,2.4,2.8,SE,6673,6791,6784
03-09-2022 17:30,60,2.2,2.6,2.8,SE,6697,6793,6781
03-09-2022 17:30,60,2.2,2.4,2.8,SE,6696,6788,6777
03-09-2022 17:31,59.9,2.2,2.6,2.8,SE,6715,6811,6798
03-09-2022 17:31,59.9,2.2,2.4,2.8,SE,6712,6814,6800
03-09-2022 17:32,59.9,2.2,2.4,2.8,SE,6692,6832,6811
03-09-2022 17:33,60,2.2,2.4,2.8,SE,6708,6808,6802
03-09-2022 17:33,59.9,2.4,2.4,2.8,SE,6717,6827,6808
03-09-2022 17:34,59.9,2.2,2.4,2.8,SE,6718,6826,6807
03-09-2022 17:34,59.9,2.2,2.4,2.8,SE,6712,6827,6807
03-09-2022 17:35,59.9,2.2,2.4,2.8,SE,6712,6833,6814
03-09-2022 17:36,59.9,2.2,2.4,2.8,SE,6708,6811,6796
03-09-2022 17:36,59.9,2.2,2.4,2.8,SE,6700,6810,6799
03-09-2022 17:37,60,2.2,2.4,2.8,SE,6713,6833,6813
03-09-2022 17:37,59.9,2.2,2.4,2.8,SE,6680,6830,6805
03-09-2022 17:38,59.9,2.2,2.4,2.8,SE,6695,6834,6801
03-09-2022 17:38,60,2.2,2.4,2.8,SE,6690,6832,6798
03-09-2022 17:39,60,2.2,2.4,2.8,SE,6697,6821,6796
03-09-2022 17:39,59.9,2.2,2.4,2.8,SE,6701,6827,6804
03-09-2022 17:40,60,2.2,2.4,2.8,SE,6685,6807,6782
03-09-2022 17:40,60,2.2,2.4,2.8,SE,6688,6813,6791
03-09-2022 17:41,60,2.2,2.4,2.8,SE,6673,6811,6790
03-09-2022 17:41,60,2.2,2.4,2.8,SE,6691,6794,6783
03-09-2022 17:42,59.9,2.2,2.4,2.8,SE,6680,6792,6773
03-09-2022 17:42,59.9,2.2,2.6,2.8,SE,6679,6798,6781
03-09-2022 17:43,59.9,2.2,2.6,2.8,SE,6675,6804,6784
03-09-2022 17:43,60,2.2,2.6,2.8,SE,6673,6804,6780
03-09-2022 17:44,60,2.2,2.4,2.8,SE,6690,6807,6789
03-09-2022 17:45,59.9,2.2,2.4,2.8,SE,6656,6800,6782
03-09-2022 17:45,60,2.2,2.6,2.8,SE,6679,6806,6794
03-09-2022 17:46,60,2.2,2.4,2.8,SE,6693,6794,6786
03-09-2022 17:46,60,2.2,2.4,2.8,SE,6669,6796,6781
03-09-2022 17:47,60,2.2,2.4,2.8,SE,6670,6786,6774
03-09-2022 17:48,59.9,2.2,2.4,2.8,SE,6666,6789,6765
03-09-2022 17:48,59.9,2.2,2.4,2.8,SE,6670,6797,6773
03-09-2022 17:49,59.9,2.2,2.6,2.8,SE,6672,6796,6788
03-09-2022 17:49,60,2.2,2.4,2.8,SE,6661,6792,6769
03-09-2022 17:50,60,2.2,2.4,2.8,SE,6659,6798,6777
03-09-2022 17:50,59.9,2.2,2.4,2.8,SE,6670,6806,6787
03-09-2022 17:51,60,2.2,2.4,2.8,SE,6685,6807,6789
03-09-2022 17:51,60,2.2,2.4,2.8,SE,6689,6808,6789
03-09-2022 17:52,60,2.2,2.4,2.8,SE,6682,6796,6776
03-09-2022 17:52,60,2.2,2.6,2.8,SE,6692,6791,6773
03-09-2022 17:53,59.9,2.2,2.4,2.8,SE,6681,6789,6770
03-09-2022 17:53,59.9,2.2,2.6,2.8,SE,6671,6795,6775
03-09-2022 17:54,60,2.2,2.4,2.8,SE,6709,6834,6805
03-09-2022 17:54,60,2.2,2.4,2.8,SE,6706,6827,6804
03-09-2022 17:55,60,2.2,2.4,2.8,SE,6709,6829,6806
03-09-2022 17:56,60,2.2,2.4,2.8,SE,6708,6825,6806
03-09-2022 17:56,59.9,2.2,2.4,2.8,SE,6699,6818,6803
03-09-2022 17:57,59.9,2.2,2.4,2.8,SE,6695,6806,6785
03-09-2022 17:57,60,2.2,2.4,2.8,SE,6679,6802,6791
03-09-2022 17:58,59.9,2.2,2.4,2.8,SE,6697,6818,6804
03-09-2022 17:59,59.9,2.2,2.4,2.8,SE,6676,6791,6774
03-09-2022 18:00,59.9,2.2,2.4,2.8,SE,6676,6792,6779
03-09-2022 18:00,59.9,2.2,2.4,2.8,SE,6655,6793,6770
03-09-2022 18:01,59.9,2.2,2.4,2.8,SE,6672,6789,6771
03-09-2022 18:01,59.9,2.2,2.4,2.8,SE,6682,6803,6781
03-09-2022 18:02,60,2.2,2.4,2.8,SE,6690,6778,6763
03-09-2022 18:02,60,2.2,2.4,2.8,SE,6685,6784,6764
03-09-2022 18:03,59.9,2.2,2.4,2.8,SE,6682,6776,6758
03-09-2022 18:03,59.9,2.2,2.2,2.8,SE,6665,6786,6777
03-09-2022 18:04,59.9,2.2,2.2,2.8,SE,6649,6801,6781
03-09-2022 18:04,59.9,2.2,2.4,2.8,SE,6653,6793,6773
03-09-2022 18:05,60,2.2,2.4,2.8,SE,6671,6791,6777
03-09-2022 18:05,59.9,2.2,2.4,2.8,SE,6688,6779,6770
03-09-2022 18:06,59.9,2.2,2.4,2.8,SE,6693,6794,6783
03-09-2022 18:06,59.9,2.2,2.4,2.8,SE,6658,6773,6763
03-09-2022 18:07,59.9,2.2,2.4,2.8,SE,6672,6788,6768
03-09-2022 18:08,59.9,2.2,2.4,2.8,SE,6678,6787,6763
03-09-2022 18:08,59.9,2.2,2.4,2.8,SE,6671,6799,6799
03-09-2022 18:09,60,2.2,2.6,2.8,SE,6651,6790,6771
03-09-2022 18:09,59.9,2.2,2.4,2.8,SE,6655,6791,6779
03-09-2022 18:10,59.9,2.2,2.6,2.8,SE,6667,6788,6772
03-09-2022 18:10,59.9,2.2,2.4,2.8,SE,6699,6819,6799
03-09-2022 18:11,59.9,2.2,2.4,2.8,SE,6694,6814,6800
03-09-2022 18:12,59.9,2.2,2.4,2.8,SE,6695,6811,6802
03-09-2022 18:12,60,2.2,2.4,2.8,SE,6698,6818,6805
03-09-2022 18:13,60,2.2,2.2,2.8,SE,6696,6818,6808
03-09-2022 18:13,60,2.2,2.4,2.8,SE,6686,6816,6806
03-09-2022 18:14,59.9,2.2,2.2,2.8,SE,6673,6792,6787
03-09-2022 18:14,59.9,2.2,2.2,2.8,SE,6671,6791,6779
03-09-2022 18:15,59.9,2.2,2.4,2.8,SE,6666,6789,6782
03-09-2022 18:15,59.9,2.2,2.4,3,SE,6674,6795,6785
03-09-2022 18:16,59.9,2.2,2.4,3,SE,6683,6779,6768
03-09-2022 18:16,59.9,2.2,2.4,3,SE,6684,6798,6787
03-09-2022 18:17,59.9,2.2,2.6,3,SE,6676,6778,6766
03-09-2022 18:17,59.9,2.2,2.4,3,SE,6672,6796,6790
03-09-2022 18:18,59.9,2.2,2.4,2.8,SE,6677,6793,6787
03-09-2022 18:18,59.9,2.2,2.4,2.8,SE,6658,6786,6775
03-09-2022 18:19,60,2.2,2.4,2.8,SE,6688,6789,6782
03-09-2022 18:20,60,2.2,2.4,2.8,SE,6677,6790,6782
03-09-2022 18:20,60,2.2,2.4,2.8,SE,6670,6801,6791
03-09-2022 18:21,60,2.2,2.4,2.8,SE,6674,6791,6785
03-09-2022 18:21,59.9,2.2,2.4,2.8,SE,6664,6779,6770
03-09-2022 18:22,60,2.2,2.4,2.8,SE,6664,6782,6774
03-09-2022 18:22,59.9,2.2,2.4,2.8,SE,6659,6773,6757
03-09-2022 18:23,59.9,2.2,2.2,2.8,SE,6661,6779,6765
03-09-2022 18:24,59.9,2.2,2.2,2.8,SE,6687,6799,6781
03-09-2022 18:24,59.9,2.2,2.2,2.8,SE,6687,6808,6799
03-09-2022 18:25,60,2.4,2.2,2.8,SE,6693,6808,6795
03-09-2022 18:25,60,2.4,2.2,2.8,SE,6690,6814,6799
03-09-2022 18:26,59.9,2.4,2.2,2.8,SE,6652,6790,6778
03-09-2022 18:26,59.9,2.4,2.4,2.8,SE,6664,6782,6768
03-09-2022 18:27,59.9,2.4,2.4,2.8,SE,6668,6789,6779
03-09-2022 18:27,60,2.2,2.2,2.8,SE,6665,6786,6776
03-09-2022 18:28,60,2.2,2.2,2.8,SE,6655,6766,6761
03-09-2022 18:28,60,2.2,2.2,2.8,SE,6659,6777,6770
03-09-2022 18:29,60,2.2,2.4,2.8,SE,6668,6787,6779
03-09-2022 18:29,59.9,2.2,2.4,2.8,SE,6651,6782,6765
03-09-2022 18:30,59.9,2.2,2.4,3,SE,6634,6780,6766
03-09-2022 18:30,59.9,2.2,2.4,2.8,SE,6649,6773,6759
03-09-2022 18:31,59.9,2.4,2.4,2.8,SE,6643,6775,6755
03-09-2022 18:32,59.9,2.4,2.4,2.8,SE,6649,6766,6752
03-09-2022 18:32,59.9,2.4,2.4,2.8,SE,6642,6768,6747
03-09-2022 18:33,59.9,2.4,2.4,2.8,SE,6622,6757,6729
03-09-2022 18:33,59.9,2.4,2.4,2.8,SE,6643,6789,6769
03-09-2022 18:34,59.9,2.2,2.4,2.8,SE,6611,6770,6746
03-09-2022 18:34,60,2.2,2.4,3,SE,6638,6775,6754
03-09-2022 18:35,59.9,2.2,2.4,3,SE,6657,6760,6746
03-09-2022 18:36,59.9,2.2,2.2,2.8,SE,6649,6775,6757
03-09-2022 18:36,59.9,2.2,2.2,2.8,SE,6648,6774,6759
03-09-2022 18:37,59.9,2.4,2.2,2.8,SE,6644,6776,6759
03-09-2022 18:37,59.9,2.4,2.2,2.8,SE,6638,6761,6749
03-09-2022 18:38,60,2.4,2.2,2.8,SE,6647,6775,6761
03-09-2022 18:38,60,2.4,2.2,2.8,SE,6656,6785,6770
03-09-2022 18:39,59.9,2.4,2.4,2.8,SE,6644,6765,6747
03-09-2022 18:39,59.9,2.2,2.2,2.8,SE,6661,6787,6769
03-09-2022 18:40,59.9,2.2,2.2,2.8,SE,6631,6767,6745
03-09-2022 18:40,60,2.4,2.2,2.8,SE,6635,6754,6732
03-09-2022 18:41,60,2.4,2.4,2.8,SE,6643,6762,6749
03-09-2022 18:41,59.9,2.2,2.4,2.8,SE,6641,6758,6744
03-09-2022 18:42,59.9,2.2,2.4,2.8,SE,6657,6803,6782
03-09-2022 18:42,60,2.2,2.4,2.8,SE,6679,6810,6794
03-09-2022 18:43,59.9,2.2,2.4,2.8,SE,6638,6766,6751
03-09-2022 18:44,59.9,2.4,2.4,2.8,SE,6653,6770,6758
03-09-2022 18:44,60,2.4,2.4,3,SE,6647,6764,6754
03-09-2022 18:45,59.9,2.4,2.4,3,SE,6649,6767,6754
03-09-2022 18:45,59.9,2.4,2.4,2.8,SE,6655,6767,6760
03-09-2022 18:46,60,2.4,2.4,2.8,SE,6642,6769,6759
03-09-2022 18:46,60,2.4,2.4,2.8,SE,6634,6782,6757
03-09-2022 18:47,60,2.4,2.4,3,SE,6614,6759,6731
03-09-2022 18:48,60,2.4,2.2,3,SE,6653,6772,6753
03-09-2022 18:48,59.9,2.4,2.2,2.8,SE,6652,6760,6745
03-09-2022 18:49,59.9,2.4,2.4,3,SE,6653,6767,6752
03-09-2022 18:49,59.9,2.4,2.4,3,SE,6642,6761,6743
03-09-2022 18:50,60,2.4,2.4,3,SE,6670,6807,6781
03-09-2022 18:50,59.9,2.4,2.4,3,SE,6664,6795,6771
03-09-2022 18:51,60,2.4,2.4,3,SE,6673,6802,6785
03-09-2022 18:51,60,2.4,2.4,3,SE,6683,6794,6776
03-09-2022 18:52,60,2.4,2.2,2.8,SE,6680,6806,6788
03-09-2022 18:52,60,2.4,2.2,2.8,SE,6680,6804,6786
03-09-2022 18:53,59.9,2.4,2.4,3,SE,6672,6788,6774
03-09-2022 18:53,59.9,2.4,2.4,3,SE,6677,6801,6786
03-09-2022 18:54,60,2.4,2.4,3,SE,6687,6811,6789
03-09-2022 18:54,60,2.2,2.4,3,SE,6684,6804,6782
03-09-2022 18:55,60,2.2,2.4,3,SE,6689,6802,6784
03-09-2022 18:56,60,2.2,2.4,3,SE,6691,6808,6791
03-09-2022 18:56,60,2.2,2.4,3,SE,6682,6799,6777
03-09-2022 18:57,60,2.2,2.4,2.8,SE,6669,6803,6782
03-09-2022 18:57,59.9,2.2,2.4,2.8,SE,6671,6803,6779
03-09-2022 18:58,59.8,2.2,2.4,2.8,SE,6660,6794,6771
03-09-2022 18:58,59.9,2.2,2.4,3,SE,6666,6800,6781
03-09-2022 18:59,59.9,2.4,2.4,2.8,SE,6686,6809,6795
03-09-2022 19:00,59.9,2.2,2.4,3,SE,6674,6804,6793
03-09-2022 19:00,60,2.2,2.2,3,SE,6668,6804,6795
03-09-2022 19:01,60,2.2,2.2,3,SE,6683,6806,6799
03-09-2022 19:01,59.9,2.2,2.2,3,SE,6680,6800,6786
03-09-2022 19:02,59.9,2.2,2.2,3,SE,6671,6780,6766
03-09-2022 19:02,60,2.2,2.2,3,SE,6662,6782,6766
03-09-2022 19:03,60,2.2,2.2,3,SE,6656,6784,6765
03-09-2022 19:03,59.9,2.2,2.2,3,SE,6670,6790,6780
03-09-2022 19:04,59.9,2.2,2.2,2.8,SE,6649,6774,6767
03-09-2022 19:04,60,2.2,2.2,2.8,SE,6658,6783,6773
03-09-2022 19:05,60,2.2,2.2,2.8,SE,6655,6782,6761
03-09-2022 19:05,59.9,2.2,2.4,3,SE,6671,6780,6764
03-09-2022 19:06,59.9,2.2,2.4,3,SE,6669,6779,6764
03-09-2022 19:06,60,2.2,2.4,3,SE,6652,6774,6760
03-09-2022 19:07,60,2.4,2.4,3,SE,6652,6775,6759
03-09-2022 19:08,59.9,2.4,2.4,3,SE,6661,6778,6763
03-09-2022 19:08,59.9,2.4,2.4,3,SE,6643,6773,6760
03-09-2022 19:09,59.9,2.4,2.4,3,SE,6666,6776,6765
03-09-2022 19:09,59.9,2.4,2.4,3,SE,6659,6775,6765
03-09-2022 19:10,59.9,2.4,2.4,3,SE,6663,6781,6771
03-09-2022 19:10,59.9,2.4,2.4,3,SE,6666,6792,6782
03-09-2022 19:11,60,2.2,2.4,2.8,SE,6650,6793,6782
03-09-2022 19:12,60,2.2,2.4,2.8,SE,6657,6798,6780
03-09-2022 19:12,60,2.2,2.2,2.8,SE,6648,6776,6759
03-09-2022 19:13,59.9,2.2,2.2,2.8,SE,6657,6778,6761
03-09-2022 19:13,59.9,2.4,2.2,2.8,SE,6663,6777,6760
03-09-2022 19:14,59.9,2.4,2.4,2.8,SE,6651,6768,6748
03-09-2022 19:14,59.8,2.2,2.2,2.8,SE,6655,6776,6754
03-09-2022 19:15,59.9,2.2,2.4,3,SE,6642,6788,6777
03-09-2022 19:15,60,2.2,2.4,3,SE,6680,6810,6791
03-09-2022 19:16,60,2.2,2.4,3,SE,6692,6816,6796
03-09-2022 19:16,60,2.2,2.4,3,SE,6666,6810,6784
03-09-2022 19:17,59.9,2.2,2.4,3,SE,6682,6813,6788
03-09-2022 19:17,60,2.2,2.4,3,SE,6679,6813,6792
03-09-2022 19:18,59.9,2.2,2.4,2.8,SE,6664,6789,6769
03-09-2022 19:18,59.9,2.4,2.4,2.8,SE,6665,6777,6755
03-09-2022 19:19,59.9,2.4,2.4,2.8,SE,6663,6789,6769
03-09-2022 19:20,59.9,2.4,2.4,2.8,SE,6676,6797,6779
03-09-2022 19:20,60,2.4,2.4,2.8,SE,6672,6791,6767
03-09-2022 19:21,60,2.4,2.4,2.8,SE,6665,6791,6769
03-09-2022 19:21,60,2.2,2.4,2.8,SE,6657,6773,6757
03-09-2022 19:22,60,2.2,2.4,2.8,SE,6649,6769,6750
03-09-2022 19:22,59.9,2.4,2.4,2.8,SE,6666,6789,6774
03-09-2022 19:23,60,2.4,2.4,2.8,SE,6680,6794,6769
03-09-2022 19:24,59.9,2.4,2.4,2.8,SE,6675,6797,6777
03-09-2022 19:24,59.9,2.4,2.2,2.8,SE,6661,6784,6764
03-09-2022 19:25,59.9,2.4,2.2,2.8,SE,6667,6785,6766
03-09-2022 19:25,60,2.4,2.4,3,SE,6664,6784,6765
03-09-2022 19:26,59.9,2.4,2.2,3,SE,6651,6770,6749
03-09-2022 19:26,59.9,2.2,2.2,2.8,SE,6649,6784,6762
03-09-2022 19:27,59.9,2.2,2.2,2.8,SE,6670,6790,6772
03-09-2022 19:27,60,2.2,2.2,2.8,SE,6669,6790,6773
03-09-2022 19:28,59.9,2.2,2.2,2.8,SE,6665,6777,6763
03-09-2022 19:28,59.9,2.4,2.2,2.8,SE,6678,6790,6774
03-09-2022 19:29,60,2.4,2.2,2.8,SE,6663,6788,6777
03-09-2022 19:29,59.9,2.4,2.2,2.8,SE,6648,6772,6762
03-09-2022 19:30,60,2.4,2.4,3,SE,6689,6816,6801
03-09-2022 19:30,60,2.4,2.4,3,SE,6687,6809,6796
03-09-2022 19:31,59.9,2.2,2.4,2.8,SE,6680,6806,6792
03-09-2022 19:32,59.9,2.2,2.4,2.8,SE,6685,6816,6801
03-09-2022 19:32,59.9,2.4,2.4,3,SE,6679,6811,6791
03-09-2022 19:33,59.9,2.2,2.4,2.8,SE,6679,6818,6796
03-09-2022 19:33,59.9,2.4,2.4,2.8,SE,6644,6788,6774
03-09-2022 19:34,59.9,2.4,2.4,2.8,SE,6646,6778,6772
03-09-2022 19:35,60,2.4,2.4,3,SE,6662,6791,6777
03-09-2022 19:35,60,2.4,2.4,3,SE,6672,6793,6779
03-09-2022 19:36,59.9,2.4,2.4,2.8,SE,6676,6777,6763
03-09-2022 19:36,60,2.4,2.4,2.8,SE,6668,6778,6766
03-09-2022 19:37,59.9,2.2,2.2,2.8,SE,6667,6789,6778
03-09-2022 19:37,59.9,2.2,2.2,2.8,SE,6649,6786,6777
03-09-2022 19:38,59.9,2.2,2.2,2.8,SE,6651,6788,6777
03-09-2022 19:38,59.9,2.2,2.2,2.8,SE,6670,6792,6780
03-09-2022 19:39,60,2.4,2.2,2.8,SE,6671,6789,6780
03-09-2022 19:39,59.9,2.2,2.2,2.8,SE,6669,6784,6774
03-09-2022 19:40,59.9,2.2,2.2,2.8,SE,6673,6786,6776
03-09-2022 19:40,60,2.4,2.2,2.8,SE,6660,6784,6774
03-09-2022 19:41,59.9,2.2,2.2,2.8,SE,6650,6771,6758
03-09-2022 19:41,60,2.2,2.2,2.8,SE,6656,6786,6776
03-09-2022 19:42,59.9,2.2,2.4,2.8,SE,6668,6786,6779
03-09-2022 19:42,59.9,2.2,2.4,2.8,SE,6668,6785,6776
03-09-2022 19:43,59.9,2.2,2.4,2.8,SE,6655,6786,6770
03-09-2022 19:44,59.9,2.2,2.4,2.8,SE,6668,6787,6775
03-09-2022 19:44,59.9,2.2,2.4,2.8,SE,6696,6804,6790
03-09-2022 19:45,59.9,2.2,2.4,2.8,SE,6691,6804,6793
03-09-2022 19:45,60,2.2,2.4,2.8,SE,6693,6809,6795
03-09-2022 19:46,60,2.2,2.4,2.8,SE,6704,6804,6794
03-09-2022 19:47,60,2.2,2.4,2.8,SE,6669,6816,6802
03-09-2022 19:47,60,2.4,2.4,2.8,SE,6657,6794,6779
03-09-2022 19:48,59.9,2.2,2.4,2.8,SE,6653,6783,6767
03-09-2022 19:48,59.8,2.2,2.2,2.8,SE,6643,6781,6770
03-09-2022 19:49,59.9,2.2,2.2,2.8,SE,6660,6783,6766
03-09-2022 19:49,59.9,2.4,2.4,3,SE,6657,6781,6767
03-09-2022 19:50,60,2.4,2.4,2.8,SE,6667,6792,6778
03-09-2022 19:50,59.9,2.4,2.4,2.8,SE,6662,6789,6776
03-09-2022 19:51,60,2.4,2.4,3,SE,6673,6784,6774
03-09-2022 19:51,59.9,2.4,2.4,3,SE,6651,6778,6770
03-09-2022 19:52,60,2.2,2.2,2.8,SE,6646,6782,6772
03-09-2022 19:52,60,2.2,2.2,2.8,SE,6667,6796,6781
03-09-2022 19:53,59.9,2.2,2.2,2.8,SE,6655,6784,6767
03-09-2022 19:53,59.9,2.2,2.2,2.8,SE,6653,6776,6757
03-09-2022 19:54,59.9,2.2,2.2,2.8,SE,6640,6778,6760
03-09-2022 19:54,60,2.2,2.4,2.8,SE,6658,6777,6761
03-09-2022 19:55,60,2.2,2.4,2.8,SE,6672,6790,6776
03-09-2022 19:56,60,2.2,2.4,2.8,SE,6671,6788,6777
03-09-2022 19:56,60,2.2,2.4,2.8,SE,6664,6787,6779
03-09-2022 19:57,60,2.2,2.2,2.8,SE,6660,6792,6782
03-09-2022 19:57,60,2.2,2.2,2.8,SE,6662,6786,6776
03-09-2022 19:58,60,2.2,2.4,3,SE,6664,6782,6773
03-09-2022 19:59,60,2.2,2.4,2.8,SE,6655,6788,6771
03-09-2022 19:59,60,2.2,2.4,2.8,SE,6657,6783,6767
03-09-2022 20:00,59.9,2.2,2.2,2.8,SE,6667,6794,6783
03-09-2022 20:00,59.9,2.2,2.2,2.8,SE,6668,6789,6777
03-09-2022 20:01,59.9,2.2,2.2,2.8,SE,6680,6798,6790
03-09-2022 20:01,59.9,2.2,2.2,2.8,SE,6689,6815,6808
03-09-2022 20:02,59.9,2.4,2.2,3,SE,6667,6782,6772
03-09-2022 20:02,59.9,2.4,2.2,3,SE,6685,6809,6796
03-09-2022 20:03,59.9,2.4,2.2,3,SE,6671,6796,6787
03-09-2022 20:03,60,2.4,2.4,3,SE,6650,6789,6784
03-09-2022 20:04,59.9,2.4,2.2,3,SE,6649,6784,6780
03-09-2022 20:04,60,2.4,2.2,3,SE,6667,6790,6781
03-09-2022 20:05,60,2.2,2.2,3,SE,6671,6782,6772
03-09-2022 20:05,60,2.4,2.4,3,SE,6658,6778,6765
03-09-2022 20:06,60,2.4,2.4,3,SE,6652,6790,6775
03-09-2022 20:07,60,2.4,2.4,3,SE,6691,6813,6801
03-09-2022 20:07,60,2.4,2.6,3,SE,6658,6785,6780
03-09-2022 20:08,59.9,2.4,2.4,3,SE,6666,6782,6771
03-09-2022 20:08,59.9,2.4,2.4,2.8,SE,6656,6782,6768
03-09-2022 20:09,59.9,2.4,2.4,2.8,SE,6664,6769,6751
03-09-2022 20:09,59.9,2.4,2.4,2.8,SE,6667,6792,6774
03-09-2022 20:10,59.9,2.2,2.4,2.8,SE,6654,6790,6770
03-09-2022 20:11,59.9,2.2,2.4,2.8,SE,6680,6809,6793
03-09-2022 20:11,60,2.2,2.4,2.8,SE,6696,6815,6802
03-09-2022 20:12,59.9,2.2,2.4,2.8,SE,6678,6811,6800
03-09-2022 20:12,59.9,2.2,2.4,2.8,SE,6668,6819,6806
03-09-2022 20:13,59.9,2.2,2.2,2.8,SE,6686,6814,6799
03-09-2022 20:13,59.9,2.2,2.2,2.8,SE,6699,6810,6799
03-09-2022 20:14,60,2.4,2.2,2.8,SE,6674,6811,6798
03-09-2022 20:14,60,2.2,2.2,2.8,SE,6666,6815,6797
03-09-2022 20:15,59.9,2.2,2.4,2.8,SE,6685,6822,6807
03-09-2022 20:15,60,2.2,2.4,3,SE,6696,6823,6813
03-09-2022 20:16,60,2.2,2.4,3,SE,6684,6826,6814
03-09-2022 20:17,59.9,2.2,2.2,2.8,SE,6664,6797,6788
03-09-2022 20:17,59.9,2.2,2.2,2.8,SE,6669,6796,6788
03-09-2022 20:18,60,2.2,2.4,2.8,SE,6646,6766,6743
03-09-2022 20:19,60,2.2,2.4,3,SE,6639,6776,6751
03-09-2022 20:19,59.9,2.4,2.4,2.8,SE,6625,6747,6746
03-09-2022 20:20,59.9,2.4,2.4,2.8,SE,6640,6756,6748
03-09-2022 20:20,59.9,2.4,2.4,2.8,SE,6634,6760,6748
03-09-2022 20:21,59.9,2.4,2.4,3,SE,6641,6776,6765
03-09-2022 20:21,59.9,2.4,2.4,3,SE,6651,6758,6747
03-09-2022 20:22,59.9,2.4,2.4,3,SE,6641,6762,6752
03-09-2022 20:23,59.9,2.2,2.4,3,SE,6651,6754,6740
03-09-2022 20:23,60,2.2,2.4,3,SE,6644,6756,6747
03-09-2022 20:24,60,2.2,2.4,3,SE,6629,6756,6737
03-09-2022 20:24,60,2.2,2.2,3,SE,6640,6785,6767
03-09-2022 20:25,59.9,2.2,2.4,2.8,SE,6638,6760,6743
03-09-2022 20:25,59.9,2.2,2.4,3,SE,6612,6765,6741
03-09-2022 20:26,60,2.2,2.4,3,SE,6640,6766,6754
03-09-2022 20:26,59.9,2.4,2.4,2.8,SE,6644,6768,6758
03-09-2022 20:27,60,2.4,2.4,2.8,SE,6649,6772,6765
03-09-2022 20:27,60,2.4,2.4,3,SE,6638,6765,6756
03-09-2022 20:28,60,2.4,2.4,3,SE,6642,6767,6763
03-09-2022 20:28,60,2.4,2.4,2.8,SE,6663,6778,6777
03-09-2022 20:29,59.9,2.2,2.4,2.8,SE,6648,6759,6755
03-09-2022 20:29,59.9,2.2,2.4,2.8,SE,6650,6753,6751
03-09-2022 20:30,60,2.2,2.4,3,SE,6628,6754,6754
03-09-2022 20:31,60,2.2,2.4,3,SE,6656,6777,6779
03-09-2022 20:31,59.9,2.2,2.4,3,SE,6653,6766,6765
03-09-2022 20:32,59.9,2.4,2.6,3,SE,6663,6781,6778
03-09-2022 20:33,60,2.4,2.6,3,SE,6673,6794,6791
03-09-2022 20:34,59.9,2.4,2.6,3,SE,6663,6761,6766
03-09-2022 20:35,59.9,2.4,2.2,2.8,SE,6662,6789,6783
03-09-2022 20:35,60,2.4,2.2,2.8,SE,6669,6791,6787
03-09-2022 20:36,60,2.4,2.2,2.8,SE,6666,6780,6779
03-09-2022 20:36,60,2.4,2.2,2.8,SE,6664,6782,6778
03-09-2022 20:37,59.9,2.2,2.2,2.8,SE,6651,6767,6761
03-09-2022 20:37,59.9,2.4,2.2,3.2,SE,6646,6764,6759
03-09-2022 20:38,59.9,2.4,2.2,3.2,SE,6636,6759,6759
03-09-2022 20:38,59.9,2.4,2.2,3.2,SE,6642,6769,6767
03-09-2022 20:39,59.9,2.6,2.2,3.2,SE,6652,6777,6771
03-09-2022 20:39,59.9,2.6,2.2,3.2,SE,6644,6763,6759
03-09-2022 20:40,60,2.6,2.2,3.2,SE,6645,6755,6754
03-09-2022 20:40,60,2.6,2.2,3.2,SE,6667,6772,6771
03-09-2022 20:41,60,2.6,2.2,3.2,SE,6654,6774,6779
03-09-2022 20:41,60,2.6,2.2,3.2,SE,6639,6758,6761
03-09-2022 20:42,60,2.4,2.2,3.2,SE,6652,6767,6760
03-09-2022 20:43,60,2.4,2.2,3.2,SE,6659,6776,6767
03-09-2022 20:43,59.9,2.4,2.2,2.8,SE,6649,6759,6761
03-09-2022 20:44,59.9,2.4,2.4,2.8,SE,6662,6762,6757
03-09-2022 20:44,60,2.4,2.4,2.8,SE,6658,6775,6774
03-09-2022 20:45,60,2.4,2.4,2.8,SE,6659,6765,6762
03-09-2022 20:45,59.9,2.4,2.4,2.8,SE,6639,6754,6748
03-09-2022 20:46,59.9,2.4,2.4,2.8,SE,6647,6746,6740
03-09-2022 20:47,59.9,2.4,2.4,2.8,SE,6649,6765,6756
03-09-2022 20:47,60,2.4,2.4,2.8,SE,6651,6772,6763
03-09-2022 20:48,60,2.4,2.4,2.8,SE,6654,6766,6757
03-09-2022 20:48,60,2.4,2.4,2.8,SE,6649,6765,6751
03-09-2022 20:49,60,2.4,2.4,2.8,SE,6673,6800,6788
03-09-2022 20:49,59.9,2.4,2.4,2.8,SE,6676,6801,6783
03-09-2022 20:50,59.9,2.4,2.4,2.8,SE,6677,6773,6768
03-09-2022 20:50,59.9,2.4,2.2,2.8,SE,6681,6790,6782
03-09-2022 20:51,60,2.4,2.2,2.8,SE,6680,6795,6785
03-09-2022 20:51,59.9,2.4,2.2,2.8,SE,6690,6795,6786
03-09-2022 20:52,60,2.4,2.2,2.8,SE,6659,6759,6748
03-09-2022 20:52,60,2.4,2.2,2.8,SE,6659,6769,6765
03-09-2022 20:53,59.9,2.4,2.2,2.8,SE,6657,6769,6758
03-09-2022 20:53,59.9,2.4,2.2,2.8,SE,6645,6774,6761
03-09-2022 20:54,60,2.4,2.2,2.8,SE,6672,6787,6771
03-09-2022 20:55,60,2.4,2.4,2.8,SE,6663,6781,6769
03-09-2022 20:55,59.9,2.4,2.4,2.8,SE,6657,6773,6765
03-09-2022 20:56,60,2.4,2.4,2.8,SE,6662,6779,6762
03-09-2022 20:56,59.9,2.4,2.4,2.8,SE,6635,6770,6758
03-09-2022 20:57,59.9,2.4,2.4,2.8,SE,6612,6755,6742
03-09-2022 20:57,60,2.4,2.4,3,SE,6649,6786,6777
03-09-2022 20:58,60,2.4,2.4,3,SE,6662,6763,6754
03-09-2022 20:59,60,2.4,2.2,3,SE,6673,6773,6763
03-09-2022 20:59,59.9,2.4,2.2,3,SE,6664,6774,6771
03-09-2022 21:00,59.9,2.8,2.6,3.4,SE,6663,6765,6765
03-09-2022 21:00,60,2.4,2.4,2.8,SE,6668,6764,6759
03-09-2022 21:01,60.1,2.4,2.2,2.8,SE,6678,6810,6799
03-09-2022 21:01,60.1,2.4,2.2,2.8,SE,6683,6808,6806
03-09-2022 21:02,60,2.4,2.2,2.8,SE,6664,6799,6800
03-09-2022 21:02,60,2.4,2.2,2.8,SE,6682,6805,6806
03-09-2022 21:03,60.1,2.2,2.2,2.8,SE,6700,6797,6811
03-09-2022 21:03,60.1,2.2,2.2,2.8,SE,6688,6795,6806
03-09-2022 21:04,60,2.2,2.2,2.8,SE,6668,6784,6780
03-09-2022 21:04,60,2.2,2.2,2.8,SE,6672,6785,6780
03-09-2022 21:05,60,2.2,2.4,3,SE,6655,6778,6771
03-09-2022 21:05,59.9,2.2,2.2,2.8,SE,6639,6776,6768
03-09-2022 21:06,59.9,2.2,2.4,2.8,SE,6653,6778,6772
03-09-2022 21:07,59.9,2.4,2.2,2.8,SE,6680,6805,6798
03-09-2022 21:07,59.9,2.4,2.2,2.8,SE,6677,6786,6779
03-09-2022 21:08,59.9,2.4,2.2,2.8,SE,6661,6772,6768
03-09-2022 21:08,59.9,2.4,2.2,2.8,SE,6665,6771,6767
03-09-2022 21:09,60,2.4,2.2,2.8,SE,6663,6764,6759
03-09-2022 21:09,60,2.4,2.2,2.8,SE,6667,6778,6765
03-09-2022 21:11,59.9,2.4,2.2,2.8,SE,6658,6781,6771
03-09-2022 21:11,59.9,2.4,2.2,2.8,SE,6660,6777,6765
03-09-2022 21:12,60,2.4,2.2,2.8,SE,6651,6782,6771
03-09-2022 21:13,59.9,2.2,2.2,2.8,SE,6628,6781,6764
03-09-2022 21:13,60,2.2,2.2,2.8,SE,6657,6771,6756
03-09-2022 21:14,59.9,2.2,2.2,2.8,SE,6661,6781,6765
03-09-2022 21:14,59.9,2.2,2.2,2.8,SE,6661,6787,6765
03-09-2022 21:15,59.9,2.4,2.2,2.8,SE,6649,6785,6770
03-09-2022 21:15,59.9,2.4,2.4,2.8,SE,6647,6785,6771
03-09-2022 21:16,59.9,2.4,2.4,3,SE,6650,6785,6769
03-09-2022 21:16,59.9,2.4,2.2,2.8,SE,6643,6783,6768
03-09-2022 21:17,60,2.4,2.2,2.8,SE,6624,6787,6765
03-09-2022 21:17,60,2.2,2.2,2.8,SE,6627,6787,6770
03-09-2022 21:18,60,2.2,2.2,2.8,SE,6662,6787,6777
03-09-2022 21:19,60,2.4,2.2,2.8,SE,6659,6787,6772
03-09-2022 21:19,60,2.4,2.2,2.8,SE,6651,6781,6766
03-09-2022 21:20,60,2.4,2.2,2.8,SE,6640,6788,6770
03-09-2022 21:20,60,2.4,2.2,2.8,SE,6664,6813,6794
03-09-2022 21:21,59.9,2.4,2.4,2.8,SE,6661,6807,6787
03-09-2022 21:21,59.9,2.4,2.4,2.8,SE,6680,6813,6802
03-09-2022 21:22,59.9,2.4,2.2,2.8,SE,6671,6801,6792
03-09-2022 21:23,60,2.2,2.2,2.8,SE,6656,6793,6783
03-09-2022 21:23,60,2.2,2.2,2.8,SE,6668,6795,6782
03-09-2022 21:24,59.9,2.4,2.2,2.8,SE,6649,6794,6782
03-09-2022 21:24,59.9,2.4,2.2,2.8,SE,6642,6787,6775
03-09-2022 21:25,59.9,2.4,2.2,2.8,SE,6680,6811,6801
03-09-2022 21:26,60,2.4,2.2,2.8,SE,6654,6790,6782
03-09-2022 21:26,59.9,2.4,2.2,2.8,SE,6647,6777,6772
03-09-2022 21:27,59.9,2.2,2.2,2.8,SE,6652,6793,6787
03-09-2022 21:27,59.9,2.2,2.2,2.8,SE,6659,6788,6782
03-09-2022 21:28,59.9,2.2,2.2,2.8,SE,6656,6789,6786
03-09-2022 21:28,59.9,2.2,2.2,2.8,SE,6664,6791,6784
03-09-2022 21:29,60,2.2,2.2,2.8,SE,6696,6820,6817
03-09-2022 21:29,60,2.2,2.2,2.8,SE,6668,6779,6783
03-09-2022 21:30,59.9,2.2,2.2,2.8,SE,6666,6773,6779
03-09-2022 21:31,59.9,2.2,2.2,2.8,SE,6652,6769,6774
03-09-2022 21:31,60,2.2,2.2,2.8,SE,6667,6799,6795
03-09-2022 21:32,60,2.2,2.2,2.8,SE,6695,6820,6812
03-09-2022 21:33,60,2.2,2.2,2.8,SE,6702,6817,6804
03-09-2022 21:34,59.9,2.2,2.2,2.8,SE,6689,6819,6815
03-09-2022 21:34,59.9,2.2,2.2,2.8,SE,6694,6810,6812
03-09-2022 21:35,59.9,2.2,2.2,2.8,SE,6693,6808,6803
03-09-2022 21:35,60,2.2,2.2,2.8,SE,6698,6809,6799
03-09-2022 21:36,60,2.2,2.2,2.8,SE,6703,6814,6808
03-09-2022 21:36,60,2.2,2.2,2.8,SE,6682,6819,6813
03-09-2022 21:37,59.9,2.2,2.2,2.8,SE,6699,6804,6807
03-09-2022 21:37,59.9,2.2,2.2,2.8,SE,6680,6806,6806
03-09-2022 21:38,59.9,2.2,2.2,2.8,SE,6695,6805,6800
03-09-2022 21:38,59.9,2.2,2.2,2.8,SE,6704,6796,6792
03-09-2022 21:39,60,2.2,2.2,2.8,SE,6688,6814,6818
03-09-2022 21:39,60,2.2,2.2,2.8,SE,6691,6811,6816
03-09-2022 21:40,59.9,2.2,2.2,2.8,SE,6700,6817,6821
03-09-2022 21:40,59.9,2.2,2.2,2.8,SE,6711,6814,6818
03-09-2022 21:41,59.9,2.2,2.2,2.8,SE,6708,6797,6800
03-09-2022 21:41,60,2.2,2.2,2.8,SE,6709,6814,6814
03-09-2022 21:42,60,2.2,2.2,2.8,SE,6691,6827,6822
03-09-2022 21:43,59.9,2.2,2.2,2.8,SE,6689,6832,6820
03-09-2022 21:43,59.9,2.2,2.2,2.8,SE,6696,6825,6823
03-09-2022 21:44,59.9,2.2,2.2,2.8,SE,6721,6830,6821
03-09-2022 21:44,59.9,2.2,2.4,2.8,SE,6709,6820,6816
03-09-2022 21:45,59.9,2.2,2.4,2.8,SE,6703,6832,6828
03-09-2022 21:46,59.9,2.2,2.4,2.8,SE,6707,6829,6815
03-09-2022 21:46,60,2.2,2.4,2.8,SE,6700,6835,6821
03-09-2022 21:47,60,2.2,2.4,2.8,SE,6689,6828,6816
03-09-2022 21:47,60,2.2,2.2,2.8,SE,6710,6833,6826
03-09-2022 21:48,59.9,2.2,2.2,2.8,SE,6704,6821,6811
03-09-2022 21:48,59.9,2.2,2.2,2.8,SE,6709,6830,6819
03-09-2022 21:49,59.9,2.2,2.2,2.8,SE,6704,6822,6813
03-09-2022 21:49,59.9,2.2,2.2,2.8,SE,6697,6822,6803
03-09-2022 21:50,60,2.2,2.2,2.8,SE,6706,6812,6802
03-09-2022 21:51,60,2.2,2.2,2.8,SE,6695,6824,6806
03-09-2022 21:51,60,2.4,2.2,3,SE,6693,6819,6811
03-09-2022 21:52,60,2.4,2.2,3,SE,6681,6822,6806
03-09-2022 21:52,60,2.4,2.2,3,SE,6684,6819,6805
03-09-2022 21:53,59.9,2.4,2.2,3,SE,6688,6806,6790
03-09-2022 21:53,59.9,2.4,2.2,3,SE,6686,6817,6799
03-09-2022 21:54,59.9,2.2,2.2,2.8,SE,6691,6809,6801
03-09-2022 21:55,59.9,2.2,2.2,2.8,SE,6692,6814,6808
03-09-2022 21:55,60,2.2,2.2,2.8,SE,6696,6819,6810
03-09-2022 21:56,59.9,2.2,2.2,2.8,SE,6700,6817,6811
03-09-2022 21:56,59.9,2.2,2.2,2.8,SE,6704,6820,6807
03-09-2022 21:57,59.9,2.2,2.2,2.8,SE,6698,6809,6803
03-09-2022 21:58,60,2.2,2.2,2.8,SE,6695,6793,6789
03-09-2022 21:58,59.9,2.2,2.2,2.8,SE,6700,6791,6789
03-09-2022 21:59,59.9,2.2,2.2,2.8,SE,6678,6809,6804
03-09-2022 21:59,59.9,2.2,2.2,2.8,SE,6664,6814,6803
03-09-2022 22:00,59.9,2.2,2.2,2.8,SE,6702,6818,6812
03-09-2022 22:00,60,2.2,2.2,2.8,SE,6707,6802,6795
03-09-2022 22:01,60,2.2,2.2,2.8,SE,6702,6806,6803
03-09-2022 22:01,59.9,2.2,2.2,2.8,SE,6702,6819,6813
03-09-2022 22:02,59.9,2.2,2.4,2.8,SE,6697,6816,6807
03-09-2022 22:03,59.9,2.2,2.4,2.8,SE,6692,6817,6810
03-09-2022 22:03,59.9,2.4,2.2,2.8,SE,6693,6798,6792
03-09-2022 22:04,59.9,2.4,2.2,2.8,SE,6692,6826,6815
03-09-2022 22:04,59.9,2.4,2.2,2.8,SE,6697,6818,6810
03-09-2022 22:05,60,2.4,2.2,2.8,SE,6696,6811,6804
03-09-2022 22:05,59.9,2.4,2.2,2.8,SE,6708,6812,6802
03-09-2022 22:06,59.9,2.4,2.2,2.8,SE,6699,6804,6797
03-09-2022 22:07,59.9,2.4,2.2,2.8,SE,6686,6818,6814
03-09-2022 22:07,60,2.4,2.2,2.8,SE,6669,6797,6787
03-09-2022 22:08,60,2.4,2.2,2.8,SE,6674,6787,6786
03-09-2022 22:08,59.9,2.4,2.2,2.8,SE,6680,6793,6790
03-09-2022 22:09,59.9,2.4,2.2,2.8,SE,6689,6799,6798
03-09-2022 22:10,60,2.2,2.2,2.8,SE,6666,6789,6781
03-09-2022 22:10,60,2.2,2.2,2.8,SE,6674,6795,6786
03-09-2022 22:11,59.9,2.2,2.2,2.8,SE,6671,6789,6792
03-09-2022 22:11,59.9,2.2,2.2,2.8,SE,6668,6789,6788
03-09-2022 22:12,59.9,2.2,2.2,2.8,SE,6671,6790,6787
03-09-2022 22:13,60,2.2,2.2,2.8,SE,6674,6787,6782
03-09-2022 22:13,59.9,2.2,2.2,2.8,SE,6673,6794,6789
03-09-2022 22:14,59.9,2.2,2.4,2.8,SE,6667,6800,6791
03-09-2022 22:14,60,2.2,2.4,2.8,SE,6673,6799,6791
03-09-2022 22:15,59.9,2.2,2.4,2.8,SE,6672,6798,6791
03-09-2022 22:15,59.9,2.2,2.4,2.8,SE,6671,6796,6792
03-09-2022 22:16,59.9,2.2,2.2,2.8,SE,6684,6797,6789
03-09-2022 22:16,60,2.2,2.2,2.8,SE,6685,6793,6792
03-09-2022 22:17,60,2.2,2.2,2.8,SE,6676,6806,6799
03-09-2022 22:18,59.9,2.2,2.2,2.8,SE,6673,6794,6787
03-09-2022 22:19,59.9,2.2,2.2,2.8,SE,6677,6798,6791
03-09-2022 22:19,59.9,2.4,2.2,2.8,SE,6680,6797,6783
03-09-2022 22:20,59.9,2.4,2.2,2.8,SE,6668,6784,6773
03-09-2022 22:20,59.9,2.4,2.2,2.8,SE,6658,6798,6788
03-09-2022 22:21,59.9,2.4,2.2,2.8,SE,6654,6796,6789
03-09-2022 22:22,60,2.6,2.2,2.8,SE,6681,6801,6797
03-09-2022 22:22,59.9,2.6,2.2,2.8,SE,6676,6795,6794
03-09-2022 22:23,59.9,2.4,2.2,2.8,SE,6680,6803,6799
03-09-2022 22:23,60,2.4,2.2,2.8,SE,6679,6797,6792
03-09-2022 22:24,59.9,2.6,2.2,2.8,SE,6680,6801,6789
03-09-2022 22:24,60,2.4,2.2,2.8,SE,6692,6810,6800
03-09-2022 22:25,60,2.4,2.2,2.8,SE,6679,6805,6796
03-09-2022 22:25,60,2.4,2.2,2.8,SE,6676,6808,6797
03-09-2022 22:26,59.9,2.4,2.2,2.8,SE,6681,6808,6801
03-09-2022 22:26,59.9,2.4,2.2,2.8,SE,6677,6805,6800
03-09-2022 22:27,60,2.2,2.2,2.8,SE,6682,6801,6792
03-09-2022 22:27,59.9,2.2,2.2,2.8,SE,6683,6799,6791
03-09-2022 22:28,59.9,2.2,2,2.8,SE,6686,6791,6785
03-09-2022 22:28,60,2.2,2,2.8,SE,6693,6802,6794
03-09-2022 22:29,59.9,2.2,2,2.8,SE,6685,6791,6787
03-09-2022 22:30,60,2.2,2,2.8,SE,6665,6800,6792
03-09-2022 22:30,60,2.2,2,2.8,SE,6683,6808,6805
03-09-2022 22:31,60,2.2,2,2.8,SE,6676,6812,6806
03-09-2022 22:31,59.9,2.2,2,2.8,SE,6668,6798,6798
03-09-2022 22:32,59.9,2.2,2,2.8,SE,6679,6798,6790
03-09-2022 22:32,59.9,2.2,2,2.8,SE,6682,6803,6795
03-09-2022 22:33,60,2.2,2,2.8,SE,6679,6803,6799
03-09-2022 22:34,60,2.2,2.2,2.8,SE,6671,6793,6789
03-09-2022 22:34,59.9,2.2,2.2,2.8,SE,6682,6804,6800
03-09-2022 22:35,60,2.2,2.2,2.8,SE,6678,6799,6793
03-09-2022 22:35,59.9,2.2,2.2,2.8,SE,6680,6798,6793
03-09-2022 22:36,59.9,2.2,2.2,2.8,SE,6684,6796,6795
03-09-2022 22:36,59.9,2.2,2.2,2.8,SE,6682,6797,6795
03-09-2022 22:37,60,2.2,2.2,2.8,SE,6684,6802,6796
03-09-2022 22:37,59.9,2.2,2.2,2.8,SE,6660,6779,6780
03-09-2022 22:38,59.9,2.2,2.2,2.8,SE,6669,6768,6776
03-09-2022 22:38,59.9,2.2,2.2,2.8,SE,6665,6776,6779
03-09-2022 22:39,59.9,2.2,2.2,2.8,SE,6670,6786,6781
03-09-2022 22:39,59.9,2.2,2.2,2.8,SE,6661,6776,6771
03-09-2022 22:40,59.9,2.2,2,2.8,SE,6649,6764,6764
03-09-2022 22:40,59.9,2.2,2,2.8,SE,6656,6778,6779
03-09-2022 22:41,60,2.2,2,2.8,SE,6667,6775,6772
03-09-2022 22:42,60,2.2,2,2.8,SE,6674,6762,6763
03-09-2022 22:42,60,2.2,2.2,2.8,SE,6676,6795,6798
03-09-2022 22:43,59.9,2.2,2.2,2.8,SE,6656,6781,6782
03-09-2022 22:43,60,2.2,2.2,2.8,SE,6671,6778,6777
03-09-2022 22:44,60,2.2,2.2,2.8,SE,6698,6800,6808
03-09-2022 22:45,60,2.2,2.2,2.8,SE,6695,6803,6803
03-09-2022 22:46,60,2.2,2.2,2.8,SE,6704,6809,6809
03-09-2022 22:46,59.9,2.2,2.2,3,SE,6691,6802,6805
03-09-2022 22:47,59.9,2.4,2.2,3,SE,6689,6812,6812
03-09-2022 22:47,60,2.2,2.2,3,SE,6678,6811,6810
03-09-2022 22:48,60,2.2,2.2,3,SE,6677,6788,6791
03-09-2022 22:48,59.9,2.2,2.2,3,SE,6675,6784,6783
03-09-2022 22:49,59.9,2.2,2.2,2.8,SE,6679,6782,6788
03-09-2022 22:49,59.9,2.4,2.2,2.8,SE,6669,6781,6783
03-09-2022 22:50,59.9,2.4,2.2,2.8,SE,6666,6780,6781
03-09-2022 22:50,60,2.4,2.2,2.8,SE,6664,6772,6771
03-09-2022 22:51,60,2.4,2.2,2.8,SE,6671,6786,6787
03-09-2022 22:52,59.9,2.2,2.2,2.8,SE,6661,6777,6777
03-09-2022 22:52,59.9,2.2,2,2.8,SE,6665,6788,6794
03-09-2022 22:53,60,2.2,2.2,2.8,SE,6664,6794,6794
03-09-2022 22:54,60,2.2,2.2,2.8,SE,6667,6786,6787
03-09-2022 22:54,60,2.2,2.2,2.8,SE,6671,6779,6778
03-09-2022 22:55,60,2.2,2.2,2.8,SE,6691,6800,6797
03-09-2022 22:55,60,2.2,2.2,2.8,SE,6672,6794,6792
03-09-2022 22:56,59.9,2.2,2,2.8,SE,6678,6798,6798
03-09-2022 22:56,59.9,2.2,2.2,2.8,SE,6648,6791,6789
03-09-2022 22:58,59.9,2.2,2.2,2.8,SE,6670,6778,6783
03-09-2022 22:58,60,2.2,2.2,2.8,SE,6682,6787,6787
03-09-2022 22:59,60,2.2,2.2,2.8,SE,6675,6785,6784
03-09-2022 23:00,59.9,2.2,2.2,2.8,SE,6682,6795,6791
03-09-2022 23:00,59.9,2.2,2.2,2.8,SE,6672,6789,6785
03-09-2022 23:01,59.9,2.2,2.2,2.8,SE,6656,6791,6785
03-09-2022 23:01,60,2.2,2.2,2.8,SE,6679,6814,6806
03-09-2022 23:02,59.9,2.2,2.2,2.8,SE,6682,6782,6795
03-09-2022 23:02,59.9,2.2,2.2,2.8,SE,6705,6810,6810
03-09-2022 23:03,60,2.4,2.2,2.8,SE,6705,6815,6811
03-09-2022 23:03,60,2.4,2.2,2.8,SE,6706,6823,6820
03-09-2022 23:04,60,2.2,2.2,2.8,SE,6696,6827,6825
03-09-2022 23:04,60,2.4,2.2,2.8,SE,6695,6818,6812
03-09-2022 23:05,60,2.4,2.2,2.8,SE,6668,6805,6803
03-09-2022 23:06,60,2.4,2.2,2.8,SE,6697,6801,6811
03-09-2022 23:06,60,2.4,2.2,2.8,SE,6690,6812,6806
03-09-2022 23:07,60,2.4,2.2,2.8,SE,6693,6811,6805
03-09-2022 23:07,60,2.2,2.2,2.8,SE,6683,6801,6794
03-09-2022 23:08,59.9,2.2,2.2,2.8,SE,6674,6794,6787
03-09-2022 23:08,60,2.2,2.2,2.8,SE,6695,6811,6799
03-09-2022 23:09,59.9,2.4,2.2,2.8,SE,6670,6798,6789
03-09-2022 23:10,59.9,2.4,2.2,2.8,SE,6681,6805,6794
03-09-2022 23:10,59.9,2.4,2.2,2.8,SE,6673,6787,6781
03-09-2022 23:11,59.9,2.2,2.2,2.8,SE,6679,6802,6796
03-09-2022 23:11,59.9,2.2,2.2,2.8,SE,6675,6794,6788
03-09-2022 23:12,60,2.2,2.2,2.8,SE,6690,6815,6807
03-09-2022 23:12,59.9,2.2,2.2,2.8,SE,6691,6816,6803
03-09-2022 23:13,59.9,2.2,2.2,2.8,SE,6677,6804,6794
03-09-2022 23:13,59.9,2.2,2.4,2.8,SE,6687,6819,6807
03-09-2022 23:14,59.9,2.2,2.2,2.8,SE,6677,6806,6801
03-09-2022 23:14,60,2.4,2.2,2.8,SE,6684,6806,6803
03-09-2022 23:15,60,2.2,2.2,2.8,SE,6685,6818,6812
03-09-2022 23:15,60,2.4,2.2,2.8,SE,6683,6815,6809
03-09-2022 23:16,59.9,2.2,2,2.8,SE,6682,6813,6807
03-09-2022 23:16,59.9,2.2,2,2.8,SE,6699,6805,6817
03-09-2022 23:17,60,2.2,2,2.8,SE,6714,6833,6827
03-09-2022 23:18,60.1,2.4,2,2.8,SE,6721,6845,6838
03-09-2022 23:19,60,2.6,2.2,2.8,SE,6712,6839,6835
03-09-2022 23:19,60,2.6,2.2,2.8,SE,6671,6814,6811
03-09-2022 23:20,60,2.6,2.2,2.8,SE,6694,6804,6801
03-09-2022 23:21,60,2.6,2.2,2.8,SE,6700,6819,6816
03-09-2022 23:22,59.9,2.4,2.2,2.8,SE,6689,6809,6807
03-09-2022 23:22,60,2.4,2.2,2.8,SE,6697,6828,6821
03-09-2022 23:23,60,2.4,2.2,2.8,SE,6682,6826,6819
03-09-2022 23:23,59.9,2.4,2.2,2.8,SE,6687,6815,6810
03-09-2022 23:24,59.9,2.4,2.2,2.8,SE,6683,6808,6804
03-09-2022 23:25,59.9,2.4,2.2,2.8,SE,6685,6803,6803
03-09-2022 23:25,59.9,2.4,2.2,2.8,SE,6688,6808,6807
03-09-2022 23:26,59.9,2.2,2.2,2.8,SE,6674,6792,6791
03-09-2022 23:26,59.9,2.2,2.2,2.8,SE,6677,6806,6805
03-09-2022 23:27,59.9,2.4,2.2,2.8,SE,6689,6807,6811
03-09-2022 23:27,60,2.4,2.2,2.8,SE,6686,6805,6804
03-09-2022 23:28,59.9,2.2,2,2.8,SE,6702,6812,6808
03-09-2022 23:28,59.9,2.4,2,2.8,SE,6694,6805,6805
03-09-2022 23:29,60,2.2,2,2.8,SE,6692,6799,6796
03-09-2022 23:30,59.9,2.2,2,2.8,SE,6720,6827,6826
03-09-2022 23:30,59.9,2.2,2,2.8,SE,6700,6834,6835
03-09-2022 23:31,59.9,2.2,2,2.8,SE,6709,6836,6837
03-09-2022 23:31,59.9,2.2,2,2.8,SE,6691,6813,6816
03-09-2022 23:32,59.9,2.4,2,2.8,SE,6679,6790,6794
03-09-2022 23:32,60,2.4,2,2.8,SE,6671,6781,6781
03-09-2022 23:33,60,2.4,2,2.8,SE,6680,6798,6798
03-09-2022 23:34,60,2.4,2.2,2.8,SE,6667,6784,6785
03-09-2022 23:34,59.9,2.4,2.2,2.8,SE,6672,6786,6788
03-09-2022 23:35,59.9,2.4,2.2,2.8,SE,6660,6778,6781
03-09-2022 23:35,59.9,2.4,2.2,2.8,SE,6665,6791,6795
03-09-2022 23:36,60,2.4,2.2,2.8,SE,6680,6799,6802
03-09-2022 23:36,59.9,2.4,2.2,2.8,SE,6682,6792,6794
03-09-2022 23:37,60,2.2,2.2,2.8,SE,6680,6794,6796
03-09-2022 23:37,60,2.2,2.2,2.8,SE,6676,6790,6794
03-09-2022 23:38,59.9,2.2,2.2,2.8,SE,6681,6794,6798
03-09-2022 23:38,59.9,2.2,2.2,2.8,SE,6682,6799,6804
03-09-2022 23:39,59.9,2.2,2.2,2.8,SE,6671,6788,6795
03-09-2022 23:39,59.9,2.2,2.2,2.8,SE,6676,6795,6801
03-09-2022 23:40,59.9,2.2,2.2,2.8,SE,6685,6807,6808
03-09-2022 23:40,59.9,2.2,2.2,3,SE,6651,6777,6778
03-09-2022 23:41,59.9,2.4,2.2,3,SE,6680,6800,6799
03-09-2022 23:42,59.9,2.4,2.2,3,SE,6673,6790,6792
03-09-2022 23:42,60,2.4,2.2,3,SE,6681,6788,6793
03-09-2022 23:43,60,2.4,2.2,3,SE,6684,6787,6793
03-09-2022 23:43,60,2.2,2,2.8,SE,6683,6796,6802
03-09-2022 23:44,60,2.2,2,2.8,SE,6681,6803,6807
03-09-2022 23:45,60,2.2,2.2,2.8,SE,6680,6805,6807
03-09-2022 23:45,60,2.2,2.2,2.8,SE,6683,6799,6802
03-09-2022 23:46,59.9,2.2,2,2.8,SE,6675,6796,6801
03-09-2022 23:46,59.9,2.2,2.2,2.8,SE,6680,6797,6801
03-09-2022 23:47,60,2.2,2.2,2.8,SE,6677,6792,6795
03-09-2022 23:47,59.9,2.2,2.2,2.8,SE,6674,6799,6803
03-09-2022 23:48,59.9,2.2,2.2,2.8,SE,6680,6798,6802
03-09-2022 23:48,59.9,2.2,2.2,2.8,SE,6679,6795,6799
03-09-2022 23:49,60,2.2,2.2,2.8,SE,6716,6827,6828
03-09-2022 23:49,59.9,2.2,2.2,2.8,SE,6708,6838,6834
03-09-2022 23:50,60,2.2,2.2,2.8,SE,6671,6796,6800
03-09-2022 23:50,60,2.2,2.2,2.8,SE,6681,6811,6813
03-09-2022 23:51,59.9,2.2,2.2,2.8,SE,6659,6794,6797
03-09-2022 23:51,59.9,2.2,2.2,2.8,SE,6673,6796,6802
03-09-2022 23:52,59.9,2.2,2.2,2.8,SE,6683,6791,6792
03-09-2022 23:52,60,2.2,2.2,2.8,SE,6676,6798,6799
03-09-2022 23:53,59.9,2.2,2.2,2.8,SE,6708,6830,6832
03-09-2022 23:54,59.9,2.2,2.2,2.8,SE,6686,6797,6798
03-09-2022 23:54,60,2.2,2.2,2.8,SE,6683,6815,6815
03-09-2022 23:55,60,2.2,2.2,2.8,SE,6660,6803,6803
03-09-2022 23:55,60,2.2,2.2,2.8,SE,6675,6802,6809
03-09-2022 23:56,60,2.2,2.2,2.8,SE,6678,6807,6811
03-09-2022 23:57,60,2.2,2.2,2.8,SE,6724,6847,6848
03-09-2022 23:57,60,2.2,2.2,2.8,SE,6721,6838,6838
03-09-2022 23:58,59.9,2.2,2.2,2.8,SE,6713,6833,6835
03-09-2022 23:58,59.9,2.2,2.2,2.8,SE,6714,6833,6833
03-09-2022 23:59,59.9,2.2,2.4,2.8,SE,6701,6831,6834
03-09-2022 23:59,59.9,2.2,2.2,2.8,SE,6711,6835,6836
04-09-2022 00:00,59.9,2.2,2.2,2.8,SE,6723,6843,6844
04-09-2022 00:00,60,2.2,2.2,2.8,SE,6732,6848,6850
04-09-2022 00:01,59.9,2.4,2.2,2.8,SE,6723,6841,6839
04-09-2022 00:01,59.9,2.4,2.2,2.8,SE,6718,6842,6835
04-09-2022 00:02,59.9,2.2,2.2,2.8,SE,6703,6845,6845
04-09-2022 00:02,59.9,2.2,2.2,2.8,SE,6707,6848,6848
04-09-2022 00:03,60,2.4,2.2,2.8,SE,6723,6846,6849
04-09-2022 00:04,60,2.2,2.2,2.8,SE,6721,6845,6848
04-09-2022 00:04,60,2.2,2.2,2.8,SE,6724,6842,6845
04-09-2022 00:04,59.9,2.2,2.2,2.8,SE,6715,6834,6834
04-09-2022 00:05,59.9,2.4,2.2,2.8,SE,6723,6841,6844
04-09-2022 00:06,60,2.4,2.2,2.8,SE,6719,6837,6841
04-09-2022 00:06,60,2.4,2.2,2.8,SE,6715,6833,6838
04-09-2022 00:07,59.9,2.4,2.2,2.8,SE,6706,6828,6835
04-09-2022 00:07,59.9,2.4,2.2,2.8,SE,6689,6825,6830
04-09-2022 00:08,59.9,2.4,2.2,2.8,SE,6698,6834,6837
04-09-2022 00:09,60,2.4,2.2,2.8,SE,6711,6832,6839
04-09-2022 00:09,60,2.4,2.2,2.8,SE,6709,6827,6834
04-09-2022 00:10,59.9,2.4,2.2,2.8,SE,6708,6829,6830
04-09-2022 00:10,59.9,2.2,2.2,2.8,SE,6718,6829,6832
04-09-2022 00:11,59.9,2.4,2.2,2.8,SE,6685,6802,6810
04-09-2022 00:11,60,2.2,2.2,2.8,SE,6716,6837,6838
04-09-2022 00:12,59.9,2.2,2.2,2.8,SE,6712,6831,6832
04-09-2022 00:12,60,2.2,2.2,2.8,SE,6729,6852,6852
04-09-2022 00:13,59.9,2.4,2.4,2.8,SE,6693,6812,6816
04-09-2022 00:13,59.9,2.4,2.4,2.8,SE,6695,6814,6819
04-09-2022 00:14,59.9,2.4,2.4,2.8,SE,6696,6811,6814
04-09-2022 00:15,59.9,2.4,2.4,2.8,SE,6698,6819,6817
04-09-2022 00:15,59.9,2.4,2.2,2.8,SE,6692,6810,6813
04-09-2022 00:16,60,2.6,2.2,2.8,SE,6699,6819,6821
04-09-2022 00:16,59.9,2.6,2.2,2.8,SE,6699,6816,6820
04-09-2022 00:17,59.9,2.4,2.2,2.8,SE,6695,6813,6818
04-09-2022 00:18,59.9,2.4,2.2,2.8,SE,6708,6826,6830
04-09-2022 00:18,60,2.4,2.2,2.8,SE,6704,6822,6826
04-09-2022 00:19,60,2.4,2.2,2.8,SE,6698,6817,6823
04-09-2022 00:19,60,2.4,2.2,2.8,SE,6694,6810,6814
04-09-2022 00:20,60,2.4,2.2,2.8,SE,6705,6821,6824
04-09-2022 00:21,60,2.4,2.2,2.8,SE,6711,6826,6831
04-09-2022 00:21,60,2.4,2.4,2.8,SE,6719,6833,6841
04-09-2022 00:22,59.9,2.2,2.2,2.8,SE,6695,6811,6817
04-09-2022 00:22,59.9,2.2,2.2,2.8,SE,6699,6814,6820
04-09-2022 00:23,60,2.2,2.2,2.8,SE,6700,6817,6820
04-09-2022 00:23,60,2.2,2.2,2.8,SE,6690,6806,6809
04-09-2022 00:24,60,2.2,2.2,2.8,SE,6691,6809,6811
04-09-2022 00:24,59.9,2.2,2.2,2.8,SE,6710,6828,6833
04-09-2022 00:25,59.9,2.2,2.2,2.8,SE,6706,6822,6825
04-09-2022 00:25,59.9,2.2,2.2,2.8,SE,6688,6803,6804
04-09-2022 00:26,59.9,2.2,2.2,2.8,SE,6704,6819,6825
04-09-2022 00:26,59.9,2.2,2.4,2.8,SE,6689,6804,6809
04-09-2022 00:27,60,2.2,2.4,2.8,SE,6717,6835,6838
04-09-2022 00:27,60,2.2,2.4,2.8,SE,6690,6804,6813
04-09-2022 00:28,60,2.2,2.4,2.8,SE,6700,6813,6822
04-09-2022 00:29,60,2.2,2.4,2.8,SE,6711,6827,6835
04-09-2022 00:29,60,2.2,2.2,2.8,SE,6702,6816,6826
04-09-2022 00:30,59.9,2.2,2.2,2.8,SE,6693,6806,6816
04-09-2022 00:30,59.9,2.2,2.2,2.8,SE,6692,6805,6813
04-09-2022 00:31,60,2.2,2.2,2.8,SE,6734,6851,6856
04-09-2022 00:31,60,2.2,2.2,2.8,SE,6727,6844,6850
04-09-2022 00:32,60,2.2,2.2,2.8,SE,6729,6847,6850
04-09-2022 00:33,60,2.2,2.2,2.8,SE,6737,6856,6860
04-09-2022 00:33,60,2.2,2.2,2.8,SE,6731,6853,6856
04-09-2022 00:34,60,2.2,2.2,2.8,SE,6707,6827,6832
04-09-2022 00:34,60,2.2,2.2,2.8,SE,6700,6820,6825
04-09-2022 00:35,60,2.2,2.2,2.8,SE,6720,6837,6843
04-09-2022 00:35,60,2.2,2.4,3,SE,6715,6832,6837
04-09-2022 00:36,60,2.2,2.2,3,SE,6702,6816,6828
04-09-2022 00:36,60,2.2,2.4,3,SE,6701,6817,6821
04-09-2022 00:37,60,2.2,2.4,3,SE,6712,6828,6834
04-09-2022 00:38,60,2.2,2.4,2.8,SE,6694,6811,6813
04-09-2022 00:38,60,2.2,2.4,2.8,SE,6713,6829,6830
04-09-2022 00:39,60,2.2,2.4,2.8,SE,6720,6838,6838
04-09-2022 00:39,60.1,2.2,2.4,2.8,SE,6711,6832,6831
04-09-2022 00:40,60,2.2,2.4,2.8,SE,6710,6830,6826
04-09-2022 00:41,60,2.2,2.4,2.8,SE,6729,6849,6845
04-09-2022 00:41,60,2.2,2.4,2.8,SE,6710,6830,6835
04-09-2022 00:42,60,2.2,2.2,2.8,SE,6713,6833,6842
04-09-2022 00:42,60,2.2,2.4,2.8,SE,6713,6832,6832
04-09-2022 00:43,60,2.2,2.2,2.8,SE,6712,6832,6831
04-09-2022 00:43,60.1,2.2,2.4,2.8,SE,6725,6843,6843
04-09-2022 00:44,60.1,2.2,2.2,2.8,SE,6718,6835,6837
04-09-2022 00:45,60,2.2,2.2,2.8,SE,6717,6836,6840
04-09-2022 00:45,60,2.2,2.2,2.8,SE,6716,6833,6838
04-09-2022 00:46,60,2.2,2.2,2.8,SE,6713,6832,6835
04-09-2022 00:47,60,2.2,2.2,2.8,SE,6740,6855,6858
04-09-2022 00:47,60,2.2,2.2,2.8,SE,6738,6853,6853
04-09-2022 00:48,60,2.2,2.4,2.8,SE,6667,6782,6781
04-09-2022 00:48,60,2.2,2.4,2.8,SE,6674,6788,6789
04-09-2022 00:49,60,2.2,2.4,2.8,SE,6677,6787,6787
04-09-2022 00:49,60,2.2,2.4,2.8,SE,6651,6765,6768
04-09-2022 00:50,60,2.2,2.4,2.8,SE,6635,6748,6750
04-09-2022 00:50,60,2.2,2.4,2.8,SE,6630,6743,6746
04-09-2022 00:51,60,2.2,2.4,2.8,SE,6639,6752,6753
04-09-2022 00:51,60,2.2,2.4,2.8,SE,6644,6759,6758
04-09-2022 00:52,60,2.2,2.4,2.8,SE,6639,6754,6753
04-09-2022 00:53,60,2.2,2.4,2.8,SE,6645,6762,6760
04-09-2022 00:53,60,2.2,2.4,2.8,SE,6640,6757,6745
04-09-2022 00:54,60,2.2,2.4,2.8,SE,6649,6765,6765
04-09-2022 00:54,60,2.2,2.4,2.8,SE,6637,6753,6754
04-09-2022 00:55,60,2.2,2.4,2.8,SE,6650,6766,6756
04-09-2022 00:55,60,2.2,2.2,2.8,SE,6634,6756,6751
04-09-2022 00:56,60,2.2,2.2,2.8,SE,6638,6754,6754
04-09-2022 00:57,60.1,2.2,2.2,2.8,SE,6657,6771,6772
04-09-2022 00:57,60,2.2,2.2,2.8,SE,6641,6755,6759
04-09-2022 00:58,60,2.2,2.2,2.8,SE,6645,6761,6764
04-09-2022 00:58,60,2.2,2.4,2.8,SE,6652,6767,6770
04-09-2022 00:59,60,2.2,2.4,2.8,SE,6635,6751,6754
04-09-2022 00:59,60,2.2,2.4,2.8,SE,6640,6756,6758
04-09-2022 01:00,60,2.2,2.2,2.8,SE,6662,6782,6780
04-09-2022 01:00,60,2.2,2.4,2.8,SE,6671,6787,6773
04-09-2022 01:01,60.1,2.2,2.4,2.8,SE,6676,6789,6792
04-09-2022 01:01,60.1,2.2,2.4,2.8,SE,6677,6792,6795
04-09-2022 01:02,60.1,2.2,2.4,2.8,SE,6655,6769,6774
04-09-2022 01:02,60.1,2.2,2.4,2.8,SE,6649,6761,6766
04-09-2022 01:03,60,2.2,2.4,2.8,SE,6640,6753,6758
04-09-2022 01:03,60,2.2,2.2,2.8,SE,6640,6752,6757
04-09-2022 01:04,60,2.2,2.4,2.8,SE,6649,6763,6764
04-09-2022 01:05,60,2.2,2.4,2.8,SE,6642,6756,6758
04-09-2022 01:05,60,2.2,2.2,2.8,SE,6642,6755,6762
04-09-2022 01:06,60,2.2,2.2,2.8,SE,6636,6754,6766
04-09-2022 01:06,60,2.2,2.2,2.8,SE,6640,6757,6763
04-09-2022 01:07,60,2.2,2.2,2.8,SE,6638,6755,6759
04-09-2022 01:07,60,2.2,2.2,2.8,SE,6637,6752,6755
04-09-2022 01:08,60,2.2,2.2,2.8,SE,6639,6755,6758
04-09-2022 01:09,60,2.2,2.2,2.6,SE,6640,6757,6760
04-09-2022 01:09,60,2.2,2.2,2.6,SE,6649,6766,6769
04-09-2022 01:10,59.9,2.2,2.2,2.6,SE,6630,6749,6751
04-09-2022 01:10,60,2.2,2.2,2.6,SE,6630,6750,6751
04-09-2022 01:11,59.9,2.2,2.2,2.8,SE,6633,6752,6756
04-09-2022 01:11,59.9,2.2,2.2,2.8,SE,6636,6756,6757
04-09-2022 01:12,59.9,2.2,2.4,2.8,SE,6630,6752,6753
04-09-2022 01:12,60,2.2,2.4,2.8,SE,6638,6759,6761
04-09-2022 01:13,60,2.4,2.4,2.8,SE,6641,6762,6761
04-09-2022 01:13,60,2.4,2.4,2.8,SE,6644,6765,6765
04-09-2022 01:14,60,2.2,2.2,2.8,SE,6639,6760,6761
04-09-2022 01:14,60,2.2,2.2,2.8,SE,6646,6767,6769
04-09-2022 01:15,59.9,2.2,2.2,2.8,SE,6641,6763,6760
04-09-2022 01:15,59.9,2.2,2.2,2.8,SE,6637,6758,6759
04-09-2022 01:16,59.9,2.2,2.2,2.8,SE,6637,6756,6753
04-09-2022 01:17,59.9,2.2,2.2,2.8,SE,6632,6751,6754
04-09-2022 01:17,59.9,2.2,2.2,2.8,SE,6635,6754,6754
04-09-2022 01:18,59.9,2.2,2.2,2.8,SE,6637,6756,6757
04-09-2022 01:18,59.9,2.2,2.2,2.8,SE,6629,6748,6747
04-09-2022 01:19,59.9,2.2,2.2,2.8,SE,6632,6752,6753
04-09-2022 01:19,59.9,2.2,2.2,2.8,SE,6634,6754,6753
04-09-2022 01:20,59.9,2.4,2.2,2.8,SE,6630,6749,6749
04-09-2022 01:21,59.9,2.2,2.2,2.8,SE,6642,6760,6761
04-09-2022 01:21,59.9,2.2,2.2,2.8,SE,6631,6750,6751
04-09-2022 01:22,59.9,2.2,2.2,2.8,SE,6637,6756,6755
04-09-2022 01:22,59.9,2.2,2.2,2.8,SE,6641,6760,6757
04-09-2022 01:23,60,2.2,2.2,2.8,SE,6672,6795,6793
04-09-2022 01:23,60,2.2,2.2,2.8,SE,6672,6794,6793
04-09-2022 01:24,60,2.2,2.2,2.8,SE,6674,6796,6791
04-09-2022 01:24,60,2.2,2.2,2.8,SE,6671,6795,6788
04-09-2022 01:25,59.9,2.2,2.2,2.8,SE,6664,6788,6782
04-09-2022 01:25,59.9,2.2,2.2,2.8,SE,6667,6791,6787
04-09-2022 01:26,60,2.2,2.2,2.8,SE,6675,6795,6792
04-09-2022 01:26,60,2.2,2.2,2.8,SE,6674,6794,6792
04-09-2022 01:27,60,2.2,2.2,2.8,SE,6677,6799,6797
04-09-2022 01:27,60,2.2,2.2,2.8,SE,6673,6796,6793
04-09-2022 01:28,60,2.2,2.2,2.8,SE,6673,6796,6793
04-09-2022 01:29,60,2.2,2.2,2.8,SE,6670,6790,6788
04-09-2022 01:29,59.9,2.2,2.2,2.8,SE,6674,6793,6793
04-09-2022 01:30,59.9,2.2,2.2,2.8,SE,6659,6780,6779
04-09-2022 01:30,60,2.2,2.2,2.8,SE,6677,6796,6795
04-09-2022 01:31,60,2.2,2.2,2.8,SE,6674,6795,6795
04-09-2022 01:31,59.9,2.2,2.2,2.8,SE,6640,6757,6759
04-09-2022 01:32,59.9,2.2,2.2,2.8,SE,6642,6759,6760
04-09-2022 01:33,59.9,2.2,2.2,2.8,SE,6633,6755,6752
04-09-2022 01:34,60,2.2,2.2,2.8,SE,6637,6756,6756
04-09-2022 01:34,60,2.2,2.2,2.8,SE,6632,6749,6748
04-09-2022 01:35,59.9,2.2,2.4,2.8,SE,6637,6753,6753
04-09-2022 01:35,59.9,2.2,2.4,2.8,SE,6632,6750,6749
04-09-2022 01:36,60,2.2,2.4,2.8,SE,6645,6762,6760
04-09-2022 01:36,60,2.2,2.4,2.8,SE,6654,6772,6772
04-09-2022 01:37,60,2.2,2.6,2.8,SE,6646,6766,6761
04-09-2022 01:37,60,2.2,2.4,2.8,SE,6646,6766,6764
04-09-2022 01:38,60,2.2,2.4,2.8,SE,6643,6761,6761
04-09-2022 01:38,60,2.2,2.4,2.8,SE,6632,6752,6751
04-09-2022 01:39,59.9,2.2,2.4,2.8,SE,6636,6759,6755
04-09-2022 01:39,60,2.2,2.4,2.8,SE,6633,6756,6753
04-09-2022 01:40,59.9,2.2,2.4,2.8,SE,6648,6766,6768
04-09-2022 01:41,59.8,2.2,2.2,2.8,SE,6637,6758,6757
04-09-2022 01:41,60,2.2,2.2,2.8,SE,6635,6753,6753
04-09-2022 01:42,59.9,2.2,2.2,2.8,SE,6641,6755,6757
04-09-2022 01:42,60,2.2,2.2,2.8,SE,6652,6767,6766
04-09-2022 01:43,60,2.2,2.2,2.8,SE,6649,6767,6769
04-09-2022 01:43,59.9,2.2,2.2,2.6,SE,6648,6765,6767
04-09-2022 01:44,60,2.2,2.2,2.8,SE,6648,6757,6762
04-09-2022 01:45,60,2.2,2.2,2.8,SE,6678,6790,6795
04-09-2022 01:45,60,2.2,2.2,2.8,SE,6682,6798,6799
04-09-2022 01:46,60,2.2,2.2,2.8,SE,6682,6801,6800
04-09-2022 01:46,60,2.2,2.2,2.8,SE,6680,6799,6797
04-09-2022 01:47,60,2.2,2.4,2.8,SE,6673,6795,6794
04-09-2022 01:47,59.9,2.2,2.4,2.8,SE,6647,6766,6767
04-09-2022 01:48,59.9,2.2,2.2,2.8,SE,6646,6763,6767
04-09-2022 01:48,59.9,2.2,2.2,2.8,SE,6623,6744,6746
04-09-2022 01:49,59.9,2.4,2.2,2.8,SE,6640,6761,6764
04-09-2022 01:49,59.9,2.4,2.4,2.8,SE,6625,6745,6748
04-09-2022 01:50,59.9,2.4,2.4,2.8,SE,6651,6764,6776
04-09-2022 01:50,59.9,2.4,2.4,2.8,SE,6649,6768,6771
04-09-2022 01:51,60,2.4,2.2,2.8,SE,6657,6774,6776
04-09-2022 01:51,60,2.4,2.2,2.8,SE,6650,6768,6769
04-09-2022 01:52,59.9,2.2,2.2,2.8,SE,6639,6756,6760
04-09-2022 01:53,59.9,2.2,2.4,2.8,SE,6638,6757,6760
04-09-2022 01:53,60,2.2,2.4,2.8,SE,6661,6778,6781
04-09-2022 01:54,60,2.2,2.4,2.8,SE,6666,6783,6784
04-09-2022 01:54,60,2.2,2.4,2.8,SE,6650,6768,6779
04-09-2022 01:55,60,2.2,2.2,2.8,SE,6654,6773,6766
04-09-2022 01:55,59.9,2.2,2.2,3.2,SE,6643,6761,6764
04-09-2022 01:56,60,2.2,2.4,3.2,SE,6646,6765,6766
04-09-2022 01:57,60,2.6,2.2,3,SE,6648,6770,6771
04-09-2022 01:57,60,2.6,2.2,3,SE,6655,6776,6787
04-09-2022 01:58,60,2.6,2.2,3,SE,6652,6772,6773
04-09-2022 01:58,60,2.6,2.2,3,SE,6665,6783,6784
04-09-2022 01:59,60,2.6,2.2,3,SE,6649,6767,6768
04-09-2022 01:59,60,2.4,2.2,3,SE,6656,6773,6776
04-09-2022 02:00,60,2.4,2.2,3,SE,6686,6804,6804
04-09-2022 02:00,60,2.4,2.2,3.2,SE,6683,6801,6798
04-09-2022 02:01,60,2.2,2.4,3.2,SE,6672,6790,6790
04-09-2022 02:01,60,2.2,2.4,2.8,SE,6680,6796,6797
04-09-2022 02:02,60,2.2,2.4,2.8,SE,6665,6780,6783
04-09-2022 02:02,60,2.2,2.2,2.8,SE,6666,6782,6785
04-09-2022 02:03,59.9,2.2,2.2,2.8,SE,6649,6765,6767
04-09-2022 02:03,60,2.2,2.2,2.8,SE,6659,6775,6779
04-09-2022 02:04,60,2.2,2.2,2.8,SE,6660,6776,6779
04-09-2022 02:05,60,2.2,2.2,2.8,SE,6657,6806,6776
04-09-2022 02:05,60.1,2.2,2.2,2.8,SE,6661,6779,6778
04-09-2022 02:06,60,2.2,2.2,2.8,SE,6666,6784,6783
04-09-2022 02:06,60,2.2,2.2,2.8,SE,6656,6772,6772
04-09-2022 02:07,60,2.2,2.2,2.8,SE,6660,6778,6776
04-09-2022 02:08,59.9,2.2,2.2,2.8,SE,6647,6762,6764
04-09-2022 02:08,59.9,2.2,2.2,2.8,SE,6640,6759,6759
04-09-2022 02:09,59.9,2.4,2.2,2.8,SE,6643,6762,6761
04-09-2022 02:09,59.9,2.4,2.2,2.8,SE,6643,6760,6762
04-09-2022 02:10,59.9,2.4,2.2,2.8,SE,6643,6759,6763
04-09-2022 02:10,59.8,2.4,2.2,2.8,SE,6649,6765,6772
04-09-2022 02:11,59.9,2.4,2.4,2.8,SE,6645,6762,6768
04-09-2022 02:11,60,2.4,2.4,2.8,SE,6677,6793,6799
04-09-2022 02:12,60,2.2,2.4,2.8,SE,6677,6797,6803
04-09-2022 02:12,60,2.2,2.4,2.8,SE,6678,6795,6802
04-09-2022 02:13,59.9,2,2.2,2.8,SE,6677,6794,6799
04-09-2022 02:13,59.9,2,2.2,2.8,SE,6670,6789,6794
04-09-2022 02:14,59.9,2,2.2,2.8,SE,6656,6773,6777
04-09-2022 02:14,59.9,2,2.2,2.8,SE,6646,6764,6767
04-09-2022 02:15,59.9,2,2.2,2.8,SE,6645,6763,6766
04-09-2022 02:15,59.9,2,2.2,2.8,SE,6656,6777,6777
04-09-2022 02:16,59.9,2,2.2,2.8,SE,6640,6761,6765
04-09-2022 02:17,59.9,2,2.2,2.8,SE,6637,6755,6761
04-09-2022 02:17,59.9,2.2,2.2,2.8,SE,6643,6757,6766
04-09-2022 02:18,59.9,2.2,2.2,2.8,SE,6647,6763,6770
04-09-2022 02:18,59.9,2.2,2.2,2.8,SE,6654,6768,6779
04-09-2022 02:19,59.9,2.2,2.2,2.8,SE,6659,6772,6782
04-09-2022 02:20,60,2.2,2.2,2.8,SE,6647,6760,6769
04-09-2022 02:20,59.9,2.2,2.2,2.8,SE,6645,6760,6769
04-09-2022 02:21,59.9,2.2,2.2,2.8,SE,6647,6762,6770
04-09-2022 02:21,59.9,2.2,2.2,2.8,SE,6645,6760,6768
04-09-2022 02:22,59.9,2.2,2.2,2.8,SE,6647,6763,6770
04-09-2022 02:22,59.9,2.2,2.2,2.8,SE,6645,6763,6770
04-09-2022 02:23,60,2.2,2.2,2.8,SE,6651,6770,6778
04-09-2022 02:23,60,2.2,2.2,2.8,SE,6651,6768,6778
04-09-2022 02:24,59.9,2.2,2.2,2.8,SE,6646,6763,6773
04-09-2022 02:24,60,2.2,2.2,2.8,SE,6649,6767,6775
04-09-2022 02:25,60,2.2,2.2,2.8,SE,6652,6768,6778
04-09-2022 02:25,60,2,2.2,2.8,SE,6653,6769,6780
04-09-2022 02:26,59.9,2,2.2,2.8,SE,6641,6758,6766
04-09-2022 02:27,59.9,2,2.2,2.8,SE,6655,6768,6778
04-09-2022 02:27,59.9,2,2.2,2.8,SE,6651,6765,6776
04-09-2022 02:28,60,2,2.2,2.8,SE,6653,6768,6777
04-09-2022 02:29,60,2,2.2,2.8,SE,6646,6762,6774
04-09-2022 02:29,60,2,2.2,2.8,SE,6684,6800,6810
04-09-2022 02:30,60,2,2.2,2.8,SE,6683,6804,6812
04-09-2022 02:30,59.9,2,2.2,2.8,SE,6651,6773,6780
04-09-2022 02:31,59.9,2,2.2,2.8,SE,6645,6763,6770
04-09-2022 02:32,59.9,2,2.2,2.8,SE,6651,6770,6779
04-09-2022 02:32,60,2,2.2,2.8,SE,6651,6769,6776
04-09-2022 02:33,59.9,2,2.2,2.8,SE,6651,6767,6777
04-09-2022 02:33,59.9,2,2.2,2.8,SE,6651,6767,6779
04-09-2022 02:34,59.8,2.2,2.4,2.8,SE,6641,6756,6767
04-09-2022 02:34,59.9,2.2,2.4,2.8,SE,6646,6762,6775
04-09-2022 02:35,60,2.2,2.4,2.8,SE,6651,6767,6778
04-09-2022 02:35,59.9,2.2,2.4,2.8,SE,6651,6766,6778
04-09-2022 02:36,59.9,2.2,2.4,2.8,SE,6652,6766,6778
04-09-2022 02:36,59.9,2,2.4,2.8,SE,6652,6767,6780
04-09-2022 02:37,59.9,2,2.2,2.8,SE,6675,6791,6802
04-09-2022 02:37,59.9,2,2.2,2.8,SE,6681,6797,6809
04-09-2022 02:38,59.9,2,2.2,2.8,SE,6681,6797,6807
04-09-2022 02:38,59.9,2,2.2,2.8,SE,6684,6799,6811
04-09-2022 02:39,60,2,2.2,2.8,SE,6684,6800,6810
04-09-2022 02:40,60,2,2.2,2.8,SE,6686,6801,6812
04-09-2022 02:40,59.9,2,2.2,2.8,SE,6682,6795,6805
04-09-2022 02:41,59.9,2,2.2,2.8,SE,6684,6797,6808
04-09-2022 02:41,59.9,2,2.2,2.8,SE,6681,6796,6806
04-09-2022 02:42,59.9,2,2.2,2.8,SE,6683,6797,6806
04-09-2022 02:42,59.9,2,2.2,2.8,SE,6681,6798,6807
04-09-2022 02:43,59.9,2,2.2,2.8,SE,6680,6797,6805
04-09-2022 02:44,60,2,2.2,2.8,SE,6689,6806,6815
04-09-2022 02:44,60,2,2.2,2.8,SE,6688,6804,6811
04-09-2022 02:45,59.9,2,2.2,2.8,SE,6664,6773,6785
04-09-2022 02:45,59.9,2,2.2,2.8,SE,6646,6760,6768
04-09-2022 02:46,59.9,2.2,2.4,2.8,SE,6655,6771,6779
04-09-2022 02:46,60,2.2,2.4,2.8,SE,6651,6764,6773
04-09-2022 02:47,60,2.2,2.4,2.8,SE,6654,6768,6776
04-09-2022 02:47,60,2.2,2.4,2.8,SE,6651,6763,6776
04-09-2022 02:48,59.9,2.2,2.4,2.8,SE,6640,6752,6763
04-09-2022 02:48,59.9,2,2.2,2.8,SE,6649,6763,6772
04-09-2022 02:49,59.9,2,2.2,2.8,SE,6659,6773,6784
04-09-2022 02:49,60,2,2.2,2.8,SE,6655,6766,6791
04-09-2022 02:50,60,2,2.2,2.8,SE,6670,6783,6793
04-09-2022 02:50,60,2,2.2,2.8,SE,6672,6787,6799
04-09-2022 02:51,59.9,2,2.2,2.8,SE,6669,6783,6794
04-09-2022 02:52,59.9,2,2.2,2.8,SE,6668,6781,6793
04-09-2022 02:53,59.9,2,2.2,2.8,SE,6657,6770,6784
04-09-2022 02:53,59.9,2,2.2,2.8,SE,6647,6761,6772
04-09-2022 02:54,59.9,2,2.2,2.8,SE,6644,6757,6778
04-09-2022 02:54,60,2.2,2.2,2.8,SE,6653,6764,6778
04-09-2022 02:55,59.9,2.2,2.2,2.8,SE,6648,6765,6775
04-09-2022 02:56,59.9,2.2,2.2,2.8,SE,6656,6772,6784
04-09-2022 02:56,60,2.2,2.2,2.8,SE,6686,6805,6817
04-09-2022 02:57,59.9,2.2,2.2,2.8,SE,6684,6799,6807
04-09-2022 02:57,60,2.2,2.2,2.8,SE,6686,6802,6811
04-09-2022 02:58,59.9,2,2.2,2.8,SE,6678,6796,6804
04-09-2022 02:58,59.9,2,2.2,2.8,SE,6680,6798,6802
04-09-2022 02:59,59.9,2,2.2,2.8,SE,6657,6772,6780
04-09-2022 02:59,59.9,2,2.2,2.8,SE,6661,6777,6785
04-09-2022 03:00,59.9,2,2.2,2.8,SE,6651,6768,6774
04-09-2022 03:00,60,2,2.2,2.8,SE,6662,6777,6786
04-09-2022 03:01,60,2,2.2,2.8,SE,6669,6782,6790
04-09-2022 03:01,60,2,2.2,2.8,SE,6657,6771,6780
04-09-2022 03:02,60,2,2.2,2.8,SE,6658,6760,6784
04-09-2022 03:02,59.9,2,2.2,2.8,SE,6649,6759,6770
04-09-2022 03:03,60,2,2.2,2.8,SE,6655,6768,6778
04-09-2022 03:04,59.9,2,2.2,2.8,SE,6657,6770,6781
04-09-2022 03:04,59.9,2,2.2,2.8,SE,6651,6765,6775
04-09-2022 03:05,60,2,2.2,2.8,SE,6670,6782,6794
04-09-2022 03:05,59.9,2,2.2,2.8,SE,6647,6759,6773
04-09-2022 03:06,59.9,2,2.2,2.8,SE,6651,6766,6776
04-09-2022 03:06,60,2.4,2.2,2.8,SE,6649,6760,6771
04-09-2022 03:08,59.9,2.4,2.2,2.8,SE,6650,6761,6773
04-09-2022 03:08,60,2.4,2.2,2.8,SE,6653,6765,6777
04-09-2022 03:09,60,2.4,2.2,2.8,SE,6641,6753,6765
04-09-2022 03:09,59.9,2.4,2.2,2.8,SE,6646,6758,6769
04-09-2022 03:10,59.9,2.2,2.4,2.8,SE,6649,6761,6773
04-09-2022 03:10,60,2.2,2.4,2.8,SE,6658,6769,6781
04-09-2022 03:11,59.9,2.2,2.4,2.8,SE,6659,6773,6783
04-09-2022 03:11,59.9,2,2.4,2.8,SE,6680,6794,6804
04-09-2022 03:12,59.9,2,2.2,2.8,SE,6679,6792,6804
04-09-2022 03:12,59.9,2.2,2.2,2.8,SE,6679,6789,6802
04-09-2022 03:13,59.9,2.2,2.2,2.8,SE,6676,6789,6801
04-09-2022 03:13,59.9,2.2,2.2,2.8,SE,6653,6769,6781
04-09-2022 03:14,60,2.2,2.2,2.8,SE,6653,6767,6769
04-09-2022 03:14,59.9,2.2,2.2,2.8,SE,6646,6759,6771
04-09-2022 03:15,59.9,2.2,2.2,2.8,SE,6637,6752,6762
04-09-2022 03:16,59.9,2,2.2,2.8,SE,6650,6765,6775
04-09-2022 03:16,59.9,2.2,2.2,2.8,SE,6656,6771,6781
04-09-2022 03:17,60,2.2,2.2,2.8,SE,6657,6773,6780
04-09-2022 03:17,59.9,2.2,2.2,2.8,SE,6652,6767,6776
04-09-2022 03:18,59.9,2.2,2.2,2.8,SE,6653,6764,6775
04-09-2022 03:18,59.9,2.2,2.2,2.8,SE,6652,6766,6778
04-09-2022 03:19,59.9,2.2,2.2,2.8,SE,6647,6761,6771
04-09-2022 03:20,60,2.2,2.2,2.8,SE,6659,6773,6784
04-09-2022 03:21,59.9,2.2,2.2,2.8,SE,6650,6763,6772
04-09-2022 03:21,59.9,2.2,2.2,2.8,SE,6652,6767,6774
04-09-2022 03:22,59.9,2.2,2.2,2.8,SE,6654,6768,6777
04-09-2022 03:22,60,2.2,2.2,2.8,SE,6651,6767,6774
04-09-2022 03:23,59.9,2,2.2,2.8,SE,6683,6801,6808
04-09-2022 03:23,59.9,2,2.2,2.8,SE,6678,6796,6802
04-09-2022 03:24,59.9,2,2.2,2.8,SE,6678,6795,6802
04-09-2022 03:24,59.9,2,2.2,2.8,SE,6682,6799,6805
04-09-2022 03:25,59.9,2,2.2,2.8,SE,6681,6797,6802
04-09-2022 03:25,59.9,2,2.2,2.8,SE,6666,6785,6789
04-09-2022 03:26,59.9,2,2.2,2.8,SE,6653,6771,6777
04-09-2022 03:27,60,2,2.2,2.8,SE,6662,6776,6783
04-09-2022 03:28,60,2,2.2,2.8,SE,6665,6784,6785
04-09-2022 03:28,59.9,2,2.2,2.8,SE,6657,6770,6779
04-09-2022 03:29,59.9,2,2.2,2.8,SE,6664,6778,6786
04-09-2022 03:29,60,2,2.2,2.8,SE,6661,6772,6784
04-09-2022 03:30,59.9,2,2.2,2.8,SE,6654,6772,6778
04-09-2022 03:30,59.9,2,2.2,2.8,SE,6648,6759,6770
04-09-2022 03:31,59.9,2,2.2,2.8,SE,6654,6765,6777
04-09-2022 03:32,59.9,2,2.2,2.8,SE,6645,6762,6770
04-09-2022 03:33,59.9,2.2,2.2,2.8,SE,6658,6773,6784
04-09-2022 03:33,59.9,2.2,2.2,2.8,SE,6662,6774,6785
04-09-2022 03:34,59.9,2.2,2.2,2.8,SE,6671,6785,6793
04-09-2022 03:34,59.9,2.2,2.2,2.8,SE,6648,6760,6770
04-09-2022 03:35,59.9,2.2,2.2,2.8,SE,6659,6771,6779
04-09-2022 03:35,59.9,2.2,2.2,2.8,SE,6661,6773,6783
04-09-2022 03:36,60,2.2,2.2,2.8,SE,6659,6774,6782
04-09-2022 03:36,59.9,2.2,2.2,2.8,SE,6656,6771,6780
04-09-2022 03:37,59.9,2.2,2.2,2.8,SE,6651,6767,6773
04-09-2022 03:37,59.9,2.2,2.2,2.8,SE,6646,6761,6767
04-09-2022 03:38,60,2.2,2.2,2.8,SE,6651,6767,6772
04-09-2022 03:38,60,2.2,2.2,2.8,SE,6656,6770,6779
04-09-2022 03:39,60,2.2,2.2,2.8,SE,6653,6766,6777
04-09-2022 03:40,59.9,2,2.2,2.8,SE,6654,6767,6778
04-09-2022 03:40,60,2.2,2.2,2.8,SE,6657,6769,6780
04-09-2022 03:41,59.9,2,2.2,2.8,SE,6658,6770,6778
04-09-2022 03:41,59.8,2.2,2.2,2.8,SE,6648,6763,6770
04-09-2022 03:42,59.9,2.2,2.2,2.8,SE,6650,6765,6773
04-09-2022 03:42,59.9,2.4,2.2,2.8,SE,6660,6773,6783
04-09-2022 03:43,60,2.2,2,2.8,SE,6690,6803,6812
04-09-2022 03:44,59.9,2.2,2.2,2.8,SE,6648,6762,6771
04-09-2022 03:45,59.9,2.2,2.2,2.8,SE,6646,6761,6770
04-09-2022 03:45,60,2.2,2.2,2.8,SE,6658,6773,6780
04-09-2022 03:46,60,2.2,2.2,2.8,SE,6662,6779,6785
04-09-2022 03:46,60,2.2,2.2,2.8,SE,6694,6810,6816
04-09-2022 03:47,60,2.2,2.2,2.8,SE,6658,6775,6780
04-09-2022 03:47,59.9,2.2,2.2,2.8,SE,6659,6778,6785
04-09-2022 03:48,59.9,2.2,2.2,2.8,SE,6655,6772,6781
04-09-2022 03:48,59.9,2.2,2.2,2.8,SE,6662,6779,6786
04-09-2022 03:49,59.8,2.2,2.2,2.8,SE,6647,6764,6773
04-09-2022 03:49,59.9,2.2,2.2,2.8,SE,6647,6765,6773
04-09-2022 03:50,60,2.2,2.2,2.8,SE,6689,6805,6814
04-09-2022 03:50,59.9,2.2,2.2,2.8,SE,6686,6803,6811
04-09-2022 03:51,59.9,2.2,2.2,2.8,SE,6691,6810,6817
04-09-2022 03:52,59.9,2.2,2.2,2.8,SE,6685,6804,6812
04-09-2022 03:52,59.9,2.2,2.2,2.8,SE,6680,6799,6805
04-09-2022 03:53,59.9,2.2,2.2,2.8,SE,6693,6814,6821
04-09-2022 03:53,59.9,2.2,2.2,2.8,SE,6690,6808,6814
04-09-2022 03:54,59.9,2,2.2,2.8,SE,6699,6813,6823
04-09-2022 03:55,60,2,2.2,2.8,SE,6700,6815,6825
04-09-2022 03:56,60,2,2.2,2.8,SE,6698,6814,6824
04-09-2022 03:56,60,2,2.2,2.8,SE,6699,6814,6824
04-09-2022 03:57,59.9,2,2.2,2.8,SE,6689,6803,6814
04-09-2022 03:57,59.9,2,2.2,2.8,SE,6695,6810,6820
04-09-2022 03:58,59.9,2,2.2,2.8,SE,6668,6782,6793
04-09-2022 03:58,59.9,2,2.2,2.8,SE,6664,6776,6788
04-09-2022 03:59,59.9,2,2.4,2.8,SE,6658,6771,6782
04-09-2022 03:59,59.9,2,2.2,2.8,SE,6671,6781,6796
04-09-2022 04:00,60,2.2,2.2,2.8,SE,6660,6771,6788
04-09-2022 04:00,60,2,2.2,2.8,SE,6672,6782,6800
04-09-2022 04:01,60,2,2.2,2.8,SE,6666,6777,6791
04-09-2022 04:01,59.9,2,2.2,2.8,SE,6661,6770,6785
04-09-2022 04:02,59.8,2.2,2.2,2.8,SE,6652,6761,6776
04-09-2022 04:02,59.8,2.2,2.2,2.8,SE,6654,6763,6777
04-09-2022 04:03,59.9,2.2,2.2,2.8,SE,6654,6773,6777
04-09-2022 04:04,59.9,2.2,2.2,2.8,SE,6665,6776,6790
04-09-2022 04:04,59.9,2.4,2.2,2.8,SE,6653,6764,6779
04-09-2022 04:05,59.9,2.4,2.2,2.8,SE,6660,6768,6786
04-09-2022 04:05,59.9,2.2,2.2,2.8,SE,6665,6772,6790
04-09-2022 04:06,59.9,2.2,2.2,2.8,SE,6659,6771,6785
04-09-2022 04:06,60,2.2,2.2,2.8,SE,6663,6772,6801
04-09-2022 04:07,59.9,2,2.2,2.8,SE,6650,6761,6778
04-09-2022 04:08,59.9,2.2,2.2,2.8,SE,6652,6761,6779
04-09-2022 04:09,60,2.2,2.4,2.8,SE,6692,6804,6818
04-09-2022 04:09,60,2.2,2.4,2.8,SE,6689,6803,6814
04-09-2022 04:10,59.9,2,2.4,2.8,SE,6682,6797,6809
04-09-2022 04:10,59.9,2,2.4,2.8,SE,6679,6792,6806
04-09-2022 04:11,59.9,2.2,2.4,2.8,SE,6677,6792,6807
04-09-2022 04:11,59.9,2,2.4,2.8,SE,6675,6792,6806
04-09-2022 04:12,59.9,2,2.2,2.8,SE,6686,6802,6816
04-09-2022 04:12,59.9,2,2.4,2.8,SE,6651,6769,6782
04-09-2022 04:13,59.9,2.2,2.4,2.8,SE,6641,6759,6771
04-09-2022 04:13,59.9,2.2,2.4,2.8,SE,6644,6762,6774
04-09-2022 04:14,59.9,2.2,2.4,2.8,SE,6646,6761,6772
04-09-2022 04:14,59.9,2.2,2.4,2.8,SE,6646,6761,6772
04-09-2022 04:15,60,2.2,2.2,2.8,SE,6655,6769,6780
04-09-2022 04:16,60,2,2.2,2.8,SE,6664,6775,6785
04-09-2022 04:16,59.9,2.2,2.2,2.8,SE,6664,6776,6785
04-09-2022 04:17,60,2.2,2.2,2.8,SE,6659,6768,6782
04-09-2022 04:18,60,2.2,2.2,2.8,SE,6661,6772,6790
04-09-2022 04:19,59.9,2.2,2.2,2.8,SE,6660,6770,6786
04-09-2022 04:19,59.9,2.2,2.2,2.8,SE,6658,6770,6784
04-09-2022 04:20,59.9,2,2.2,2.8,SE,6679,6795,6806
04-09-2022 04:20,59.8,2,2.2,2.8,SE,6675,6791,6803
04-09-2022 04:21,59.9,2,2.4,2.8,SE,6660,6776,6785
04-09-2022 04:21,59.9,2,2.4,2.8,SE,6659,6776,6791
04-09-2022 04:22,60,2,2.4,2.8,SE,6672,6788,6796
04-09-2022 04:22,60,2,2.4,2.8,SE,6665,6779,6793
04-09-2022 04:23,59.9,2.2,2.4,2.8,SE,6649,6764,6780
04-09-2022 04:23,59.9,2.2,2.4,2.8,SE,6653,6768,6784
04-09-2022 04:24,59.9,2.2,2.4,2.8,SE,6658,6771,6784
04-09-2022 04:24,59.9,2.2,2.4,2.8,SE,6664,6779,6794
04-09-2022 04:25,60,2.2,2.4,2.8,SE,6695,6809,6820
04-09-2022 04:25,60,2.2,2.4,2.8,SE,6695,6810,6821
04-09-2022 04:26,59.9,2,2.4,2.8,SE,6688,6801,6814
04-09-2022 04:26,59.9,2,2.4,2.8,SE,6692,6808,6819
04-09-2022 04:27,60,2.2,2.2,2.8,SE,6674,6789,6800
04-09-2022 04:28,60,2.2,2.2,2.8,SE,6662,6777,6789
04-09-2022 04:28,59.9,2,2.2,2.8,SE,6654,6768,6779
04-09-2022 04:29,59.9,2.2,2.2,2.8,SE,6655,6766,6777
04-09-2022 04:29,59.9,2.2,2.2,2.8,SE,6652,6767,6775
04-09-2022 04:30,59.9,2.2,2.2,2.8,SE,6654,6770,6775
04-09-2022 04:31,60,2.2,2.2,2.8,SE,6669,6782,6793
04-09-2022 04:31,60,2.2,2.4,2.8,SE,6671,6785,6792
04-09-2022 04:32,60,2.2,2.2,2.8,SE,6676,6790,6802
04-09-2022 04:32,60,2.2,2.2,2.8,SE,6667,6783,6795
04-09-2022 04:33,59.9,2.2,2.2,2.8,SE,6664,6779,6792
04-09-2022 04:33,59.9,2.2,2.2,2.8,SE,6649,6768,6780
04-09-2022 04:34,59.9,2,2.2,2.8,SE,6662,6777,6790
04-09-2022 04:34,60,2.2,2.2,2.8,SE,6667,6782,6797
04-09-2022 04:35,59.9,2.2,2.2,2.8,SE,6667,6783,6794
04-09-2022 04:35,60,2.2,2.2,2.8,SE,6655,6769,6778
04-09-2022 04:36,60,2.2,2.2,2.8,SE,6675,6789,6800
04-09-2022 04:36,59.9,2.2,2.2,2.8,SE,6653,6764,6777
04-09-2022 04:37,59.9,2.2,2.2,2.8,SE,6659,6772,6786
04-09-2022 04:37,59.9,2.2,2.2,2.8,SE,6661,6775,6787
04-09-2022 04:38,60,2.2,2.2,2.8,SE,6701,6816,6826
04-09-2022 04:38,60,2,2.4,2.8,SE,6700,6816,6827
04-09-2022 04:39,60,2.2,2.2,2.8,SE,6690,6808,6817
04-09-2022 04:40,59.9,2.2,2.2,2.8,SE,6694,6813,6819
04-09-2022 04:40,59.9,2.2,2.2,2.8,SE,6660,6778,6787
04-09-2022 04:41,60,2.2,2.2,2.8,SE,6661,6779,6787
04-09-2022 04:41,60,2,2.2,2.8,SE,6665,6781,6786
04-09-2022 04:42,60,2,2.2,2.8,SE,6657,6774,6780
04-09-2022 04:43,59.9,2,2.2,2.8,SE,6679,6795,6803
04-09-2022 04:43,60,2,2.2,2.8,SE,6682,6796,6809
04-09-2022 04:44,59.9,2,2.4,2.8,SE,6650,6769,6780
04-09-2022 04:44,59.9,2,2.4,2.8,SE,6658,6772,6786
04-09-2022 04:45,59.9,2,2.6,2.8,SE,6656,6767,6779
04-09-2022 04:45,59.9,2,2.4,2.8,SE,6667,6775,6788
04-09-2022 04:46,60,2,2.4,2.8,SE,6683,6788,6804
04-09-2022 04:46,59.9,2,2.4,2.8,SE,6670,6775,6791
04-09-2022 04:47,59.9,2.2,2.4,2.8,SE,6671,6772,6788
04-09-2022 04:47,60,2.2,2.4,2.8,SE,6666,6776,6789
04-09-2022 04:48,59.9,2.2,2.4,2.8,SE,6657,6767,6782
04-09-2022 04:49,59.9,2.4,2.4,2.8,SE,6657,6768,6783
04-09-2022 04:49,59.9,2.2,2.4,2.8,SE,6661,6774,6785
04-09-2022 04:50,59.9,2.2,2.4,2.8,SE,6663,6773,6783
04-09-2022 04:51,59.9,2.2,2.4,2.8,SE,6657,6763,6797
04-09-2022 04:51,59.9,2.2,2.2,2.8,SE,6662,6769,6784
04-09-2022 04:52,59.9,2.2,2.2,2.8,SE,6660,6764,6779
04-09-2022 04:52,60,2.2,2.2,2.8,SE,6661,6767,6779
04-09-2022 04:53,60,2.2,2.2,2.8,SE,6660,6766,6785
04-09-2022 04:53,59.9,2.2,2.2,2.8,SE,6656,6761,6774
04-09-2022 04:54,59.9,2.2,2.2,2.8,SE,6659,6762,6776
04-09-2022 04:55,60,2.2,2.2,2.8,SE,6675,6778,6793
04-09-2022 04:55,60,2.2,2.2,2.8,SE,6680,6782,6798
04-09-2022 04:56,60,2.2,2.2,2.8,SE,6671,6782,6796
04-09-2022 04:56,59.9,2.2,2.2,2.8,SE,6663,6774,6788
04-09-2022 04:57,60,2.2,2.2,2.8,SE,6656,6768,6792
04-09-2022 04:57,59.9,2.2,2.4,2.8,SE,6655,6768,6780
04-09-2022 04:58,59.9,2.2,2.2,2.8,SE,6656,6770,6781
04-09-2022 04:58,59.9,2,2.2,2.8,SE,6694,6809,6819
04-09-2022 04:59,59.9,2.2,2.4,2.8,SE,6659,6773,6786
04-09-2022 04:59,60,2.2,2.4,2.8,SE,6662,6774,6786
04-09-2022 05:00,60,2.2,2.4,2.8,SE,6669,6784,6790
04-09-2022 05:00,60,2.2,2.4,2.8,SE,6663,6778,6783
04-09-2022 05:01,59.9,2.2,2.4,2.8,SE,6661,6776,6781
04-09-2022 05:01,59.9,2.4,2.4,2.8,SE,6656,6770,6776
04-09-2022 05:02,59.9,2.2,2.4,2.8,SE,6660,6769,6776
04-09-2022 05:03,59.9,2.2,2.4,2.8,SE,6694,6794,6801
04-09-2022 05:03,60,2.2,2.2,2.8,SE,6695,6808,6814
04-09-2022 05:04,60,2.2,2.2,2.8,SE,6697,6812,6818
04-09-2022 05:04,60,2.2,2.2,2.8,SE,6694,6805,6812
04-09-2022 05:05,60,2,2.2,2.8,SE,6691,6801,6807
04-09-2022 05:05,60,2,2.2,2.8,SE,6693,6807,6811
04-09-2022 05:06,60,2,2.2,2.8,SE,6690,6806,6810
04-09-2022 05:07,59.9,2,2.2,2.8,SE,6688,6802,6810
04-09-2022 05:07,59.9,2,2.2,2.8,SE,6689,6804,6812
04-09-2022 05:08,59.9,2,2.2,2.8,SE,6686,6802,6807
04-09-2022 05:08,59.9,2,2.4,2.8,SE,6688,6797,6808
04-09-2022 05:09,59.9,2,2.4,2.8,SE,6690,6796,6800
04-09-2022 05:09,59.9,2,2.4,2.8,SE,6692,6806,6812
04-09-2022 05:10,60,2.2,2.4,2.8,SE,6657,6778,6785
04-09-2022 05:10,60,2.2,2.4,2.8,SE,6662,6777,6786
04-09-2022 05:11,60,2.2,2.4,2.8,SE,6651,6762,6770
04-09-2022 05:11,59.9,2.2,2.4,2.8,SE,6664,6776,6781
04-09-2022 05:12,59.9,2.2,2.4,2.8,SE,6663,6771,6783
04-09-2022 05:12,59.9,2.2,2.4,2.8,SE,6661,6773,6781
04-09-2022 05:13,60,2.2,2.4,2.8,SE,6656,6768,6778
04-09-2022 05:13,60,2.2,2.4,2.8,SE,6657,6761,6772
04-09-2022 05:14,60,2.2,2.4,2.8,SE,6656,6762,6772
04-09-2022 05:15,59.9,2.2,2.4,2.8,SE,6660,6774,6780
04-09-2022 05:15,60,2.2,2.2,2.8,SE,6659,6781,6787
04-09-2022 05:16,59.9,2.2,2.2,2.8,SE,6659,6781,6787
04-09-2022 05:16,59.9,2.2,2.2,2.8,SE,6647,6759,6768
04-09-2022 05:17,59.9,2.2,2.2,2.8,SE,6653,6758,6767
04-09-2022 05:17,60,2.2,2.2,2.8,SE,6657,6767,6773
04-09-2022 05:18,60,2.2,2.2,2.8,SE,6641,6761,6770
04-09-2022 05:19,60,2.2,2.2,2.8,SE,6648,6760,6768
04-09-2022 05:19,60,2.2,2.2,2.8,SE,6657,6768,6776
04-09-2022 05:20,59.9,2.2,2.2,2.8,SE,6648,6757,6768
04-09-2022 05:20,59.9,2.2,2.2,2.8,SE,6647,6752,6763
04-09-2022 05:21,59.9,2.2,2.2,2.8,SE,6638,6748,6760
04-09-2022 05:21,60,2.2,2.2,2.8,SE,6649,6755,6773
04-09-2022 05:22,60,2.2,2.2,2.8,SE,6617,6753,6756
04-09-2022 05:22,60,2.2,2.2,2.8,SE,6639,6765,6774
04-09-2022 05:23,60,2.2,2.2,2.8,SE,6685,6797,6807
04-09-2022 05:23,60,2.2,2.2,2.8,SE,6673,6790,6799
04-09-2022 05:24,59.9,2.2,2.2,2.8,SE,6653,6778,6783
04-09-2022 05:24,59.8,2.2,2.2,2.8,SE,6648,6779,6782
04-09-2022 05:25,59.9,2.2,2.2,2.8,SE,6672,6788,6795
04-09-2022 05:25,59.9,2.2,2.2,2.8,SE,6678,6793,6801
04-09-2022 05:26,59.9,2.2,2.4,2.8,SE,6657,6765,6775
04-09-2022 05:27,59.9,2.2,2.2,2.8,SE,6653,6763,6775
04-09-2022 05:27,59.9,2.2,2.2,2.8,SE,6646,6757,6769
04-09-2022 05:28,59.9,2.2,2.2,2.8,SE,6643,6755,6766
04-09-2022 05:29,59.9,2.2,2.2,2.8,SE,6628,6752,6758
04-09-2022 05:29,59.9,2.2,2.2,2.8,SE,6652,6767,6776
04-09-2022 05:30,59.9,2.2,2.2,2.8,SE,6641,6755,6757
04-09-2022 05:31,59.9,2.2,2.2,2.8,SE,6640,6748,6749
04-09-2022 05:31,59.9,2.2,2.2,2.8,SE,6664,6777,6782
04-09-2022 05:32,60,2.2,2.2,2.8,SE,6639,6761,6770
04-09-2022 05:32,59.9,2.2,2.2,2.8,SE,6639,6762,6770
04-09-2022 05:33,59.9,2.2,2.2,2.8,SE,6640,6762,6768
04-09-2022 05:33,60,2.2,2.2,2.8,SE,6647,6762,6772
04-09-2022 05:34,59.9,2.2,2.2,2.8,SE,6652,6763,6774
04-09-2022 05:34,59.9,2.2,2.2,2.8,SE,6646,6754,6765
04-09-2022 05:35,59.9,2.2,2.2,2.8,SE,6636,6763,6759
04-09-2022 05:35,59.9,2.2,2.2,2.8,SE,6625,6754,6760
04-09-2022 05:36,60,2.2,2.2,2.8,SE,6648,6767,6776
04-09-2022 05:36,60,2.2,2.2,2.8,SE,6657,6768,6779
04-09-2022 05:37,59.9,2.2,2.2,2.8,SE,6660,6770,6784
04-09-2022 05:37,59.9,2.2,2.2,2.8,SE,6663,6771,6781
04-09-2022 05:38,60,2.2,2.2,2.8,SE,6688,6797,6803
04-09-2022 05:39,59.9,2.2,2.2,2.8,SE,6694,6804,6810
04-09-2022 05:39,59.9,2.2,2.2,2.8,SE,6689,6802,6808
04-09-2022 05:40,59.9,2.2,2.2,2.8,SE,6690,6800,6806
04-09-2022 05:40,59.8,2.2,2.2,2.8,SE,6680,6798,6801
04-09-2022 05:41,59.9,2.2,2.2,2.8,SE,6662,6778,6783
04-09-2022 05:41,59.9,2.2,2.2,2.8,SE,6651,6755,6768
04-09-2022 05:42,59.9,2.2,2.2,2.8,SE,6654,6754,6764
04-09-2022 05:43,59.9,2.2,2.2,2.8,SE,6655,6751,6761
04-09-2022 05:43,59.9,2.2,2.2,2.8,SE,6650,6745,6757
04-09-2022 05:44,59.9,2.2,2.2,2.8,SE,6647,6762,6772
04-09-2022 05:44,59.9,2.2,2.2,2.8,SE,6657,6771,6784
04-09-2022 05:45,59.9,2.2,2.2,2.8,SE,6655,6757,6768
04-09-2022 05:45,59.9,2.2,2.2,2.8,SE,6654,6754,6766
04-09-2022 05:46,59.9,2.2,2.2,2.8,SE,6658,6752,6762
04-09-2022 05:46,59.9,2.2,2.2,2.8,SE,6641,6748,6760
04-09-2022 05:47,60,2.2,2.2,2.8,SE,6661,6759,6770
04-09-2022 05:47,60,2.2,2.2,2.8,SE,6653,6750,6764
04-09-2022 05:48,59.9,2.2,2.2,2.8,SE,6671,6763,6784
04-09-2022 05:48,59.9,2.2,2.2,2.8,SE,6648,6755,6767
04-09-2022 05:49,59.8,2.2,2.2,2.8,SE,6653,6753,6767
04-09-2022 05:49,59.9,2.2,2.2,2.8,SE,6688,6790,6803
04-09-2022 05:50,60,2.2,2.2,2.8,SE,6694,6784,6804
04-09-2022 05:51,60,2.2,2.2,2.8,SE,6699,6792,6809
04-09-2022 05:51,59.9,2.2,2.2,2.8,SE,6691,6804,6808
04-09-2022 05:52,59.9,2.2,2.2,2.8,SE,6688,6794,6797
04-09-2022 05:52,59.9,2.2,2.2,2.8,SE,6668,6774,6779
04-09-2022 05:53,59.9,2.2,2.2,2.8,SE,6672,6780,6788
04-09-2022 05:53,60,2.2,2.2,2.8,SE,6660,6781,6788
04-09-2022 05:54,60,2.2,2.2,2.8,SE,6660,6773,6785
04-09-2022 05:55,59.9,2.2,2.2,2.8,SE,6667,6777,6788
04-09-2022 05:55,59.9,2.2,2.2,2.8,SE,6657,6766,6777
04-09-2022 05:56,60,2.2,2.2,2.8,SE,6671,6779,6790
04-09-2022 05:56,59.9,2.4,2.2,2.8,SE,6660,6779,6791
04-09-2022 05:57,60,2.4,2.2,2.8,SE,6670,6777,6791
04-09-2022 05:57,60,2.4,2.2,2.8,SE,6666,6765,6776
04-09-2022 05:58,60,2.4,2.2,2.8,SE,6674,6777,6791
04-09-2022 05:58,60,2.2,2.2,2.8,SE,6670,6771,6782
04-09-2022 05:59,59.9,2.2,2.2,2.8,SE,6659,6773,6781
04-09-2022 05:59,59.9,2.2,2.2,2.8,SE,6666,6785,6795
04-09-2022 06:00,59.9,2.2,2.2,2.8,SE,6667,6777,6788
04-09-2022 06:00,60,2.2,2.2,2.8,SE,6671,6775,6791
04-09-2022 06:01,60,2.2,2.2,2.8,SE,6677,6777,6789
04-09-2022 06:01,60,2.2,2.2,2.8,SE,6663,6771,6779
04-09-2022 06:02,59.9,2.2,2.2,2.8,SE,6647,6771,6778
04-09-2022 06:03,59.9,2.2,2.2,2.8,SE,6657,6767,6778
04-09-2022 06:03,59.9,2.2,2.2,2.8,SE,6649,6759,6773
04-09-2022 06:04,59.9,2.2,2.2,2.8,SE,6661,6765,6776
04-09-2022 06:04,59.9,2.2,2.2,2.8,SE,6641,6762,6774
04-09-2022 06:05,59.9,2.2,2.2,2.8,SE,6663,6774,6783
04-09-2022 06:05,59.9,2.2,2.2,2.8,SE,6647,6766,6780
04-09-2022 06:06,59.9,2.2,2.2,2.8,SE,6650,6762,6775
04-09-2022 06:07,59.9,2.2,2.2,2.8,SE,6664,6768,6781
04-09-2022 06:07,60,2.2,2.2,2.8,SE,6665,6767,6779
04-09-2022 06:08,59.9,2.2,2.2,2.8,SE,6664,6769,6779
04-09-2022 06:08,59.9,2.2,2.2,2.8,SE,6653,6771,6778
04-09-2022 06:09,59.9,2.2,2.2,2.8,SE,6663,6770,6769
04-09-2022 06:09,59.9,2.2,2.2,2.8,SE,6635,6765,6774
04-09-2022 06:10,60,2.2,2.2,2.8,SE,6686,6803,6813
04-09-2022 06:10,59.9,2.2,2.2,2.8,SE,6676,6777,6786
04-09-2022 06:11,60,2.2,2.2,2.8,SE,6647,6772,6787
04-09-2022 06:12,59.9,2.2,2.2,2.8,SE,6655,6773,6786
04-09-2022 06:12,59.9,2.2,2.2,2.8,SE,6655,6770,6779
04-09-2022 06:13,60,2.2,2.2,2.8,SE,6696,6800,6809
04-09-2022 06:14,59.9,2.2,2.2,2.8,SE,6669,6790,6795
04-09-2022 06:15,59.9,2.2,2.2,2.8,SE,6661,6784,6793
04-09-2022 06:15,59.9,2,2.2,2.8,SE,6660,6775,6790
04-09-2022 06:16,60,2.2,2.2,2.8,SE,6674,6782,6796
04-09-2022 06:16,60,2.2,2.2,2.8,SE,6705,6806,6814
04-09-2022 06:17,59.9,2.2,2.2,2.8,SE,6688,6798,6811
04-09-2022 06:17,60,2.4,2.2,2.8,SE,6682,6768,6774
04-09-2022 06:18,60,2.4,2.2,2.8,SE,6670,6781,6789
04-09-2022 06:19,60,2.2,2.2,2.8,SE,6661,6772,6783
04-09-2022 06:19,60,2.2,2.2,2.8,SE,6655,6768,6778
04-09-2022 06:20,59.9,2.2,2,2.8,SE,6678,6809,6816
04-09-2022 06:20,59.9,2.2,2.2,2.8,SE,6693,6801,6804
04-09-2022 06:21,59.9,2.2,2.2,2.8,SE,6677,6782,6787
04-09-2022 06:21,59.9,2.2,2.2,2.8,SE,6680,6779,6786
04-09-2022 06:22,59.9,2.2,2.2,2.8,SE,6671,6791,6791
04-09-2022 06:22,60,2.2,2.2,2.8,SE,6680,6808,6812
04-09-2022 06:23,59.9,2.2,2.2,2.8,SE,6687,6796,6801
04-09-2022 06:23,59.9,2.2,2.2,2.8,SE,6672,6782,6788
04-09-2022 06:24,60,2.2,2.2,2.8,SE,6675,6782,6786
04-09-2022 06:24,59.9,2.2,2.4,2.8,SE,6652,6778,6790
04-09-2022 06:25,59.9,2.2,2.4,2.8,SE,6654,6764,6772
04-09-2022 06:25,59.9,2.2,2.2,2.8,SE,6660,6768,6776
04-09-2022 06:26,59.9,2,2.2,2.8,SE,6688,6787,6796
04-09-2022 06:27,60,2.2,2.2,2.8,SE,6699,6789,6797
04-09-2022 06:27,60,2.2,2.2,2.8,SE,6707,6800,6803
04-09-2022 06:28,59.9,2.2,2,2.8,SE,6693,6799,6804
04-09-2022 06:28,60,2.2,2,2.8,SE,6691,6804,6811
04-09-2022 06:29,60,2.2,2.2,2.8,SE,6689,6806,6816
04-09-2022 06:30,59.9,2,2.2,2.8,SE,6690,6790,6803
04-09-2022 06:30,59.8,2,2,2.8,SE,6682,6797,6805
04-09-2022 06:31,60,2.2,2.2,2.8,SE,6680,6801,6809
04-09-2022 06:31,60,2.2,2.2,2.8,SE,6691,6804,6815
04-09-2022 06:32,59.9,2.2,2.2,2.6,SE,6683,6789,6800
04-09-2022 06:32,59.9,2.2,2.2,2.6,SE,6678,6784,6799
04-09-2022 06:33,60,2.2,2.2,2.6,SE,6681,6790,6801
04-09-2022 06:33,60,2.2,2.2,2.8,SE,6696,6807,6814
04-09-2022 06:34,60,2.2,2.2,2.6,SE,6676,6793,6798
04-09-2022 06:34,59.8,2.2,2.2,2.6,SE,6650,6769,6781
04-09-2022 06:35,59.9,2.2,2.2,2.6,SE,6654,6769,6781
04-09-2022 06:36,59.9,2.2,2.2,2.6,SE,6646,6744,6764
04-09-2022 06:37,60,2.2,2.2,2.8,SE,6658,6772,6786
04-09-2022 06:37,60,2.2,2.2,2.8,SE,6635,6783,6786
04-09-2022 06:38,59.9,2.2,2,2.8,SE,6666,6789,6799
04-09-2022 06:39,59.9,2.2,2,2.6,SE,6672,6791,6802
04-09-2022 06:39,59.9,2.2,2.2,2.8,SE,6674,6774,6784
04-09-2022 06:40,60,2.2,2.2,2.8,SE,6683,6784,6793
04-09-2022 06:40,60,2.2,2.2,2.8,SE,6693,6801,6808
04-09-2022 06:41,60,2.2,2.2,2.8,SE,6685,6794,6805
04-09-2022 06:42,59.9,2,2.2,2.8,SE,6664,6803,6810
04-09-2022 06:42,59.9,2.2,2.2,2.6,SE,6683,6793,6806
04-09-2022 06:43,59.9,2.2,2.2,2.8,SE,6689,6787,6799
04-09-2022 06:43,59.9,2.2,2,2.8,SE,6690,6792,6801
04-09-2022 06:44,59.9,2.2,2,2.8,SE,6681,6781,6793
04-09-2022 06:44,59.9,2.2,2,2.6,SE,6688,6767,6785
04-09-2022 06:45,60,2.2,2.2,2.8,SE,6682,6789,6800
04-09-2022 06:45,60,2.2,2.2,2.6,SE,6674,6792,6803
04-09-2022 06:46,59.9,2.2,2.2,2.6,SE,6673,6796,6808
04-09-2022 06:46,60,2.2,2.2,2.6,SE,6679,6806,6823
04-09-2022 06:47,60,2.2,2.2,2.8,SE,6695,6802,6813
04-09-2022 06:47,60,2.2,2.2,2.8,SE,6656,6783,6790
04-09-2022 06:48,59.9,2.2,2.2,2.8,SE,6635,6770,6764
04-09-2022 06:48,59.9,2.2,2.2,2.8,SE,6650,6756,6761
04-09-2022 06:49,59.9,2.2,2.2,2.6,SE,6651,6762,6770
04-09-2022 06:49,59.9,2.2,2.2,2.6,SE,6647,6763,6770
04-09-2022 06:50,60,2.2,2.2,2.8,SE,6636,6766,6771
04-09-2022 06:51,60,2.2,2,2.8,SE,6632,6777,6780
04-09-2022 06:51,59.9,2.2,2,2.8,SE,6660,6774,6778
04-09-2022 06:52,59.9,2.2,2,2.8,SE,6659,6764,6776
04-09-2022 06:52,59.9,2.2,2,2.8,SE,6653,6757,6772
04-09-2022 06:53,59.9,2.2,2,2.6,SE,6655,6752,6762
04-09-2022 06:54,59.9,2.2,2.2,2.8,SE,6645,6758,6769
04-09-2022 06:54,59.9,2.2,2.2,2.6,SE,6649,6760,6775
04-09-2022 06:55,60,2.2,2.2,2.8,SE,6666,6784,6796
04-09-2022 06:55,60,2.2,2.2,2.6,SE,6642,6773,6782
04-09-2022 06:56,60,2.2,2,2.8,SE,6676,6788,6797
04-09-2022 06:56,59.9,2.2,2,2.8,SE,6668,6790,6800
04-09-2022 06:57,60,2.2,2.2,2.8,SE,6676,6792,6803
04-09-2022 06:57,59.9,2.2,2.2,2.8,SE,6668,6788,6798
04-09-2022 06:58,59.9,2.2,2.2,2.8,SE,6657,6768,6776
04-09-2022 06:58,59.9,2.2,2.2,2.8,SE,6644,6754,6763
04-09-2022 06:59,59.9,2.2,2.2,2.8,SE,6646,6752,6756
04-09-2022 06:59,59.9,2.2,2.2,2.8,SE,6639,6728,6734
04-09-2022 07:00,59.9,2.2,2.2,2.8,SE,6651,6763,6771
04-09-2022 07:01,59.9,2.2,2.2,2.8,SE,6644,6760,6767
04-09-2022 07:02,59.9,2.2,2.2,2.8,SE,6716,6834,6842
04-09-2022 07:03,60,2.2,2.2,2.8,SE,6718,6832,6844
04-09-2022 07:03,59.9,2,2,2.8,SE,6715,6828,6837
04-09-2022 07:04,59.9,2,2,2.8,SE,6710,6823,6831
04-09-2022 07:04,59.9,2,2,2.8,SE,6724,6836,6845
04-09-2022 07:05,60,2.2,2,2.8,SE,6723,6834,6837
04-09-2022 07:06,59.9,2.2,2,2.8,SE,6724,6830,6835
04-09-2022 07:06,59.9,2.2,2.2,2.8,SE,6722,6834,6838
04-09-2022 07:07,59.9,2.2,2.2,2.8,SE,6728,6835,6842
04-09-2022 07:07,60,2,2.2,2.8,SE,6711,6837,6847
04-09-2022 07:08,59.9,2,2.2,2.8,SE,6714,6834,6845
04-09-2022 07:08,59.9,2.2,2.2,2.8,SE,6705,6815,6816
04-09-2022 07:09,59.9,2,2,2.8,SE,6722,6824,6827
04-09-2022 07:09,59.9,2,2.2,2.8,SE,6724,6837,6838
04-09-2022 07:10,60,2,2.2,2.8,SE,6746,6856,6865
04-09-2022 07:10,60,2.2,2.2,2.8,SE,6751,6845,6855
04-09-2022 07:11,59.9,2.2,2.2,2.8,SE,6666,6769,6779
04-09-2022 07:11,59.9,2.2,2.2,3,SE,6652,6774,6794
04-09-2022 07:12,59.9,2.2,2.2,3,SE,6646,6750,6765
04-09-2022 07:12,60,2.2,2.2,3,SE,6662,6775,6788
04-09-2022 07:13,59.9,2.2,2.2,3,SE,6644,6755,6767
04-09-2022 07:14,59.9,2.2,2.2,3,SE,6650,6752,6775
04-09-2022 07:14,59.9,2.4,2.2,3,SE,6639,6749,6763
04-09-2022 07:15,60,2.4,2.2,3,SE,6632,6744,6757
04-09-2022 07:15,59.9,2.4,2,3,SE,6623,6740,6763
04-09-2022 07:16,59.9,2.2,2,3,SE,6636,6753,6771
04-09-2022 07:16,59.9,2.4,2,3,SE,6658,6761,6779
04-09-2022 07:17,59.8,2.4,2,3,SE,6640,6737,6750
04-09-2022 07:18,60,2.2,2,2.8,SE,6632,6734,6752
04-09-2022 07:18,60,2.2,2.2,2.8,SE,6640,6736,6757
04-09-2022 07:19,59.9,2.2,2,2.8,SE,6635,6721,6744
04-09-2022 07:19,59.9,2.2,2.2,2.8,SE,6639,6726,6746
04-09-2022 07:20,60,2.2,2.2,2.8,SE,6641,6759,6769
04-09-2022 07:20,60,2.2,2.2,2.8,SE,6654,6771,6782
04-09-2022 07:21,60,2.2,2.2,2.8,SE,6643,6751,6761
04-09-2022 07:21,60,2.2,2.2,2.8,SE,6653,6762,6779
04-09-2022 07:22,60,2.2,2.2,2.8,SE,6659,6758,6769
04-09-2022 07:22,60,2.2,2.2,2.8,SE,6682,6776,6790
04-09-2022 07:23,60,2.2,2.2,2.8,SE,6682,6782,6797
04-09-2022 07:23,60,2.2,2.2,2.8,SE,6683,6779,6788
04-09-2022 07:24,59.9,2.2,2.2,2.8,SE,6681,6787,6794
04-09-2022 07:24,59.9,2.2,2.2,2.8,SE,6588,6692,6705
04-09-2022 07:25,59.9,2.2,2.2,2.8,SE,6550,6673,6686
04-09-2022 07:26,59.9,2.2,2.2,2.8,SE,6565,6675,6682
04-09-2022 07:26,59.9,2.2,2.2,2.8,SE,6575,6681,6690
04-09-2022 07:27,59.9,2.2,2.2,2.8,SE,6578,6695,6706
04-09-2022 07:27,59.9,2.2,2.2,2.8,SE,6592,6696,6706
04-09-2022 07:28,59.9,2.2,2.2,2.8,SE,6579,6694,6700
04-09-2022 07:28,60,2.2,2.2,2.8,SE,6571,6682,6688
04-09-2022 07:29,60,2.2,2.2,2.8,SE,6597,6690,6688
04-09-2022 07:30,59.9,2.2,2.2,2.8,SE,6579,6672,6679
04-09-2022 07:30,60,2.2,2.2,2.8,SE,6581,6686,6694
04-09-2022 07:31,59.9,2.2,2.2,2.8,SE,6556,6672,6681
04-09-2022 07:31,59.9,2.2,2.2,2.8,SE,6558,6677,6685
04-09-2022 07:32,60,2.2,2.2,2.8,SE,6560,6681,6693
04-09-2022 07:32,60,2.2,2.2,2.8,SE,6561,6692,6703
04-09-2022 07:33,60,2.2,2.2,2.8,SE,6568,6680,6685
04-09-2022 07:33,59.9,2.2,2.2,2.8,SE,6557,6685,6689
04-09-2022 07:34,59.9,2.2,2.2,2.8,SE,6568,6686,6693
04-09-2022 07:34,60,2.2,2.2,2.8,SE,6579,6689,6694
04-09-2022 07:35,60,2.2,2.2,2.8,SE,6587,6690,6692
04-09-2022 07:35,60,2.2,2.2,2.8,SE,6568,6679,6688
04-09-2022 07:36,60,2.2,2.2,2.8,SE,6571,6687,6696
04-09-2022 07:36,59.9,2.2,2.2,2.8,SE,6570,6684,6693
04-09-2022 07:37,59.9,2.2,2.2,2.8,SE,6579,6674,6687
04-09-2022 07:38,59.9,2.2,2.2,2.8,SE,6575,6675,6683
04-09-2022 07:38,60,2.2,2.2,2.8,SE,6571,6678,6694
04-09-2022 07:39,60,2.2,2.2,2.8,SE,6573,6684,6699
04-09-2022 07:39,59.9,2.2,2.2,2.8,SE,6576,6685,6691
04-09-2022 07:40,59.9,2.2,2.2,2.8,SE,6574,6686,6694
04-09-2022 07:40,60,2.2,2.2,2.8,SE,6577,6679,6692
04-09-2022 07:41,59.9,2.2,2.2,2.8,SE,6571,6681,6691
04-09-2022 07:42,59.9,2.2,2.2,2.8,SE,6581,6687,6696
04-09-2022 07:42,59.9,2.2,2.2,2.8,SE,6588,6693,6700
04-09-2022 07:43,60,2.4,2.2,2.8,SE,6598,6708,6713
04-09-2022 07:43,60,2.4,2.2,2.8,SE,6594,6697,6704
04-09-2022 07:44,59.9,2.4,2.2,3,SE,6593,6694,6703
04-09-2022 07:44,59.9,2.2,2.2,3,SE,6583,6696,6704
04-09-2022 07:45,59.9,2.4,2.2,3,SE,6592,6701,6706
04-09-2022 07:46,60,2.4,2.2,3,SE,6585,6698,6706
04-09-2022 07:47,59.9,2.4,2.2,2.8,SE,6584,6681,6694
04-09-2022 07:47,59.9,2.2,2.2,2.8,SE,6629,6723,6732
04-09-2022 07:48,60,2.2,2.2,2.8,SE,6622,6723,6729
04-09-2022 07:48,59.9,2.2,2.2,2.8,SE,6617,6729,6735
04-09-2022 07:49,59.9,2.2,2.2,2.8,SE,6617,6722,6730
04-09-2022 07:50,59.9,2.2,2.2,2.8,SE,6606,6725,6729
04-09-2022 07:50,59.9,2.4,2.2,2.8,SE,6619,6733,6736
04-09-2022 07:51,59.9,2.4,2.2,2.8,SE,6623,6728,6734
04-09-2022 07:52,59.9,2.4,2.2,2.8,SE,6620,6726,6730
04-09-2022 07:52,60,2.2,2.2,2.8,SE,6625,6724,6728
04-09-2022 07:53,60,2.2,2.2,2.8,SE,6630,6737,6737
04-09-2022 07:54,60.1,2.2,2.2,2.8,SE,6624,6737,6735
04-09-2022 07:54,60,2.2,2.2,2.8,SE,6631,6735,6736
04-09-2022 07:55,60,2.4,2.2,2.8,SE,6625,6721,6727
04-09-2022 07:55,60,2.4,2.2,2.8,SE,6633,6727,6732
04-09-2022 07:56,59.9,2.4,2.2,2.8,SE,6620,6732,6730
04-09-2022 07:56,59.9,2.4,2.2,2.8,SE,6585,6700,6702
04-09-2022 07:57,59.9,2.4,2.2,2.8,SE,6583,6694,6695
04-09-2022 07:57,59.9,2.2,2.2,2.8,SE,6579,6691,6684
04-09-2022 07:58,59.8,2.2,2.2,2.8,SE,6585,6677,6679
04-09-2022 07:58,59.9,2.2,2.2,2.8,SE,6572,6667,6676
04-09-2022 07:59,60,2.4,2.4,2.8,SE,6591,6693,6698
04-09-2022 07:59,59.9,2.4,2.4,2.8,SE,6578,6696,6690
04-09-2022 08:00,59.9,2.4,2.2,2.8,SE,6671,6796,6800
04-09-2022 08:00,60,2.4,2.2,2.8,SE,6669,6799,6804
04-09-2022 08:01,59.9,2.4,2.2,2.8,SE,6677,6785,6792
04-09-2022 08:02,59.9,2.2,2.2,2.8,SE,6673,6784,6789
04-09-2022 08:02,59.9,2.2,2.2,2.8,SE,6698,6789,6792
04-09-2022 08:03,59.9,2.2,2.4,2.8,SE,6689,6779,6786
04-09-2022 08:04,60,2.2,2.4,2.8,SE,6664,6789,6802
04-09-2022 08:05,60,2.2,2.4,2.8,SE,6662,6775,6786
04-09-2022 08:06,59.9,2.2,2.4,2.8,SE,6680,6801,6808
04-09-2022 08:06,60,2.2,2.4,2.8,SE,6709,6815,6825
04-09-2022 08:07,60,2.2,2.2,2.8,SE,6691,6794,6801
04-09-2022 08:07,60,2.2,2.2,2.8,SE,6689,6787,6794
04-09-2022 08:08,59.9,2.2,2.2,2.8,SE,6682,6792,6798
04-09-2022 08:08,59.9,2.2,2.4,2.8,SE,6678,6783,6789
04-09-2022 08:09,59.9,2.2,2.2,2.8,SE,6700,6818,6820
04-09-2022 08:09,60,2.2,2.2,2.8,SE,6703,6823,6828
04-09-2022 08:10,60,2.2,2.2,2.8,SE,6712,6832,6838
04-09-2022 08:10,60,2.2,2.2,2.8,SE,6719,6826,6826
04-09-2022 08:11,59.9,2.2,2.2,2.8,SE,6597,6713,6714
04-09-2022 08:11,59.9,2.2,2.2,2.8,SE,6612,6718,6723
04-09-2022 08:12,59.9,2.2,2.2,2.8,SE,6607,6715,6723
04-09-2022 08:12,59.9,2.2,2.2,2.8,SE,6586,6710,6716
04-09-2022 08:13,59.9,2.2,2.2,2.8,SE,6592,6709,6714
04-09-2022 08:14,60,2.2,2.2,2.8,SE,6603,6714,6715
04-09-2022 08:14,60,2.2,2.2,2.8,SE,6689,6770,6770
04-09-2022 08:15,60,2.2,2.2,2.8,SE,6681,6793,6796
04-09-2022 08:15,59.9,2.2,2.2,2.8,SE,6684,6784,6789
04-09-2022 08:16,59.9,2.2,2.2,2.8,SE,6669,6783,6789
04-09-2022 08:16,59.9,2.2,2.2,2.8,SE,6686,6798,6803
04-09-2022 08:17,60,2.2,2.2,2.8,SE,6683,6796,6799
04-09-2022 08:18,59.9,2.2,2.2,2.8,SE,6690,6789,6793
04-09-2022 08:18,60,2.2,2.2,2.8,SE,6675,6790,6789
04-09-2022 08:19,59.9,2.2,2.2,2.8,SE,6684,6793,6793
04-09-2022 08:20,60,2.2,2.2,2.8,SE,6676,6792,6793
04-09-2022 08:20,59.9,2.2,2.2,2.8,SE,6677,6764,6760
04-09-2022 08:21,59.9,2.2,2.2,2.8,SE,6654,6792,6787
04-09-2022 08:21,60,2.2,2.2,2.8,SE,6666,6793,6786
04-09-2022 08:22,60,2.2,2.2,2.8,SE,6703,6825,6822
04-09-2022 08:22,59.9,2.2,2.2,2.8,SE,6705,6828,6827
04-09-2022 08:23,59.9,2.2,2.2,2.8,SE,6709,6820,6814
04-09-2022 08:23,60,2.2,2.2,2.8,SE,6696,6805,6807
04-09-2022 08:24,60,2.2,2.2,2.8,SE,6668,6793,6798
04-09-2022 08:24,60,2.2,2.2,2.8,SE,6663,6793,6794
04-09-2022 08:25,59.9,2.2,2.2,2.8,SE,6670,6790,6783
04-09-2022 08:26,59.9,2.2,2.2,2.8,SE,6665,6793,6792
04-09-2022 08:27,59.9,2.2,2.2,2.8,SE,6661,6787,6787
04-09-2022 08:27,60,2.2,2.2,2.8,SE,6675,6783,6782
04-09-2022 08:28,59.9,2.2,2.2,2.8,SE,6687,6790,6796
04-09-2022 08:28,59.9,2.2,2.2,2.8,SE,6681,6791,6797
04-09-2022 08:29,59.9,2.2,2.2,2.8,SE,6711,6814,6818
04-09-2022 08:30,59.9,2.2,2.2,2.8,SE,6683,6790,6793
04-09-2022 08:30,59.9,2.2,2.2,2.8,SE,6670,6792,6792
04-09-2022 08:31,60,2.2,2.2,2.8,SE,6676,6789,6800
04-09-2022 08:31,60,2.2,2.2,2.8,SE,6680,6784,6787
04-09-2022 08:32,60,2.2,2.2,2.8,SE,6695,6794,6802
04-09-2022 08:32,60,2.2,2.2,2.8,SE,6689,6785,6790
04-09-2022 08:33,59.9,2.2,2.2,2.8,SE,6677,6784,6791
04-09-2022 08:33,59.9,2.2,2.2,2.8,SE,6678,6773,6783
04-09-2022 08:34,59.9,2.2,2.2,2.8,SE,6664,6769,6779
04-09-2022 08:34,59.9,2.2,2.2,2.8,SE,6666,6780,6785
04-09-2022 08:35,60,2.2,2.2,2.8,SE,6694,6807,6820
04-09-2022 08:35,60,2.2,2.2,2.8,SE,6710,6805,6817
04-09-2022 08:36,59.9,2.2,2.4,2.8,SE,6707,6806,6817
04-09-2022 08:36,60,2.2,2.4,2.8,SE,6711,6799,6811
04-09-2022 08:37,60,2.2,2.4,2.8,SE,6710,6816,6818
04-09-2022 08:38,59.9,2.2,2.4,3,SE,6673,6791,6793
04-09-2022 08:38,59.9,2.2,2.4,3,SE,6684,6778,6787
04-09-2022 08:39,59.9,2.2,2.2,3,SE,6673,6785,6783
04-09-2022 08:39,60,2.2,2.2,3,SE,6680,6787,6788
04-09-2022 08:40,60,2.2,2.2,2.8,SE,6673,6787,6791
04-09-2022 08:41,59.9,2.2,2.2,2.8,SE,6688,6776,6776
04-09-2022 08:41,59.9,2.2,2.2,2.8,SE,6685,6789,6787
04-09-2022 08:42,59.9,2.2,2.2,2.8,SE,6672,6772,6772
04-09-2022 08:42,60,2.2,2.2,2.8,SE,6676,6775,6786
04-09-2022 08:43,60,2.2,2.2,2.8,SE,6680,6802,6797
04-09-2022 08:43,59.9,2.2,2.2,2.8,SE,6678,6793,6786
04-09-2022 08:44,59.9,2.2,2.2,2.8,SE,6687,6791,6803
04-09-2022 08:44,59.9,2.2,2.2,2.8,SE,6675,6785,6784
04-09-2022 08:45,60,2.2,2.2,2.8,SE,6688,6798,6793
04-09-2022 08:45,60,2.2,2.2,2.8,SE,6686,6790,6786
04-09-2022 08:46,59.9,2.2,2.2,2.8,SE,6670,6792,6784
04-09-2022 08:46,59.9,2.2,2.2,2.8,SE,6673,6789,6778
04-09-2022 08:47,59.9,2.2,2.2,2.8,SE,6668,6779,6778
04-09-2022 08:47,59.9,2.2,2.2,2.8,SE,6674,6785,6785
04-09-2022 08:48,59.9,2.2,2.2,2.8,SE,6666,6798,6785
04-09-2022 08:48,60,2.2,2.2,2.8,SE,6677,6797,6787
04-09-2022 08:49,59.9,2.2,2.2,2.8,SE,6687,6793,6780
04-09-2022 08:50,59.9,2.2,2.2,2.8,SE,6671,6769,6760
04-09-2022 08:51,60,2.2,2.2,2.8,SE,6672,6788,6778
04-09-2022 08:52,60,2.2,2.2,2.8,SE,6660,6786,6776
04-09-2022 08:53,60,2.2,2.2,2.8,SE,6677,6796,6788
04-09-2022 08:53,60,2.2,2.2,2.8,SE,6667,6788,6781
04-09-2022 08:54,59.9,2.2,2.2,2.8,SE,6652,6772,6757
04-09-2022 08:54,59.8,2.2,2.2,2.8,SE,6660,6782,6771
04-09-2022 08:55,60,2.2,2.2,2.8,SE,6665,6781,6777
04-09-2022 08:55,60,2.2,2.2,2.8,SE,6705,6831,6817
04-09-2022 08:56,59.9,2.2,2.2,2.8,SE,6666,6788,6778
04-09-2022 08:56,59.9,2.2,2.2,2.8,SE,6672,6788,6781
04-09-2022 08:57,59.9,2.2,2.2,2.8,SE,6680,6783,6775
04-09-2022 08:57,60,2.2,2.2,2.8,SE,6686,6794,6787
04-09-2022 08:58,60,2.2,2.2,2.8,SE,6672,6797,6790
04-09-2022 08:58,60,2.2,2.2,2.8,SE,6666,6795,6784
04-09-2022 08:59,59.9,2.2,2.2,2.8,SE,6657,6776,6766
04-09-2022 08:59,59.9,2.2,2.2,2.8,SE,6673,6777,6775
04-09-2022 09:00,60,2.2,2.2,2.8,SE,6706,6810,6806
04-09-2022 09:01,60,2.2,2.2,2.8,SE,6707,6815,6814
04-09-2022 09:02,60,2.2,2.2,2.8,SE,6703,6815,6812
04-09-2022 09:02,59.9,2.2,2.4,2.8,SE,6703,6805,6803
04-09-2022 09:03,59.9,2.2,2.4,2.8,SE,6696,6813,6802
04-09-2022 09:03,59.9,2.2,2.4,2.8,SE,6701,6808,6805
04-09-2022 09:04,59.9,2.2,2.4,2.8,SE,6699,6809,6805
04-09-2022 09:05,59.9,2.2,2.2,2.8,SE,6692,6798,6793
04-09-2022 09:05,59.9,2.2,2.2,2.8,SE,6693,6808,6803
04-09-2022 09:06,59.9,2.2,2.2,2.8,SE,6675,6797,6792
04-09-2022 09:06,59.9,2.2,2.2,2.8,SE,6687,6808,6804
04-09-2022 09:07,59.9,2.2,2.2,2.8,SE,6693,6807,6806
04-09-2022 09:07,59.9,2.2,2.2,2.8,SE,6695,6805,6804
04-09-2022 09:08,59.9,2.2,2.2,2.8,SE,6704,6796,6796
04-09-2022 09:08,59.9,2.2,2.2,2.8,SE,6699,6800,6793
04-09-2022 09:09,60,2.2,2.2,2.8,SE,6695,6805,6804
04-09-2022 09:09,59.9,2.2,2.2,2.8,SE,6696,6804,6805
04-09-2022 09:10,60,2.2,2.2,2.8,SE,6681,6801,6799
04-09-2022 09:10,59.9,2.2,2.2,2.8,SE,6682,6801,6802
04-09-2022 09:11,59.9,2.2,2.2,2.8,SE,6696,6793,6792
04-09-2022 09:11,59.9,2.2,2.2,2.8,SE,6702,6803,6807
04-09-2022 09:12,59.9,2.2,2.2,2.8,SE,6691,6788,6793
04-09-2022 09:13,59.9,2.2,2.2,2.8,SE,6686,6798,6799
04-09-2022 09:13,59.9,2.2,2.2,2.8,SE,6681,6794,6794
04-09-2022 09:14,60,2.2,2.2,2.8,SE,6704,6793,6794
04-09-2022 09:14,60,2.2,2.2,2.8,SE,6705,6809,6811
04-09-2022 09:15,59.9,2.2,2.2,2.8,SE,6699,6798,6803
04-09-2022 09:15,60,2.2,2.4,2.8,SE,6672,6790,6794
04-09-2022 09:16,59.9,2.2,2.4,2.8,SE,6685,6803,6804
04-09-2022 09:17,59.9,2.2,2.2,2.8,SE,6690,6810,6807
04-09-2022 09:18,60,2.2,2.2,2.8,SE,6710,6807,6804
04-09-2022 09:18,60,2.2,2.2,2.8,SE,6707,6814,6816
04-09-2022 09:19,60,2.4,2.2,2.8,SE,6692,6808,6809
04-09-2022 09:19,60,2.4,2.2,2.8,SE,6689,6799,6807
04-09-2022 09:20,59.9,2.2,2.2,2.8,SE,6686,6796,6797
04-09-2022 09:20,60,2.2,2.2,2.8,SE,6693,6801,6798
04-09-2022 09:21,59.9,2.2,2.2,2.8,SE,6684,6797,6794
04-09-2022 09:21,59.9,2.2,2.2,2.8,SE,6681,6803,6798
04-09-2022 09:22,60.1,2.2,2.2,2.8,SE,6712,6804,6805
04-09-2022 09:22,60.1,2.2,2.2,2.8,SE,6710,6809,6805
04-09-2022 09:23,60.1,2.2,2.2,2.8,SE,6713,6819,6817
04-09-2022 09:23,60.1,2.2,2.2,2.8,SE,6704,6819,6817
04-09-2022 09:24,60.1,2.2,2.2,2.8,SE,6708,6821,6819
04-09-2022 09:25,60,2.2,2.2,2.8,SE,6701,6809,6806
04-09-2022 09:26,60,2.2,2.2,2.8,SE,6709,6813,6812
04-09-2022 09:26,60,2.2,2.2,2.8,SE,6705,6800,6801
04-09-2022 09:27,60,2.8,2.6,3.2,SE,6706,6807,6803
04-09-2022 09:27,60,2.2,2.2,2.8,SE,6707,6790,6788
04-09-2022 09:28,59.9,2.8,2.6,3.2,SE,6702,6801,6800
04-09-2022 09:29,59.9,2.2,2.2,2.8,SE,6704,6803,6801
04-09-2022 09:29,59.9,2.4,2.2,2.8,SE,6699,6787,6790
04-09-2022 09:30,59.9,2.4,2.2,2.8,SE,6682,6803,6802
04-09-2022 09:30,59.9,3,2.6,3.2,SE,6690,6802,6803
04-09-2022 09:31,60,2.4,2.2,2.8,SE,6679,6809,6806
04-09-2022 09:31,60,2.4,2.2,2.8,SE,6693,6813,6813
04-09-2022 09:32,59.9,2.4,2.2,3,SE,6689,6803,6804
04-09-2022 09:32,59.9,2.4,2.2,3,SE,6675,6804,6799
04-09-2022 09:33,60,2.4,2.2,3,SE,6695,6800,6799
04-09-2022 09:33,60,2.4,2.2,3,SE,6686,6802,6794
04-09-2022 09:34,60,2.4,2.2,3,SE,6705,6818,6818
04-09-2022 09:34,60,2.4,2.2,3,SE,6673,6807,6800
04-09-2022 09:35,59.9,2.4,2.4,3,SE,6688,6810,6808
04-09-2022 09:35,60,2.4,2.6,3,SE,6686,6812,6810
04-09-2022 09:36,59.9,2.6,2.4,2.8,SE,6696,6795,6799
04-09-2022 09:37,59.9,2.4,2.4,2.8,SE,6696,6816,6815
04-09-2022 09:37,60,2.8,2.6,3.2,SE,6698,6806,6807
04-09-2022 09:38,60,2.4,2.4,2.8,SE,6704,6807,6809
04-09-2022 09:38,60,2.6,2.4,2.8,SE,6682,6795,6791
04-09-2022 09:39,59.9,2.6,2.4,2.8,SE,6683,6793,6791
04-09-2022 09:39,60,2.6,2.4,2.8,SE,6668,6806,6800
04-09-2022 09:40,60,2.4,2.4,2.8,SE,6677,6822,6803
04-09-2022 09:41,59.9,2.4,2.4,2.8,SE,6672,6801,6797
04-09-2022 09:41,59.9,2.4,2.4,2.8,SE,6688,6797,6799
04-09-2022 09:42,59.9,2.4,2.2,2.8,SE,6692,6801,6794
04-09-2022 09:42,59.9,2.4,2.2,2.8,SE,6698,6797,6793
04-09-2022 09:43,59.9,2.6,2.2,2.8,SE,6658,6786,6775
04-09-2022 09:43,59.9,2.6,2.2,2.8,SE,6650,6788,6774
04-09-2022 09:44,60,2.6,2.2,2.8,SE,6669,6787,6782
04-09-2022 09:44,60,2.6,2.4,2.8,SE,6689,6797,6796
04-09-2022 09:45,60,2.6,2.2,2.8,SE,6697,6796,6793
04-09-2022 09:45,60,2.4,2.2,2.8,SE,6683,6789,6786
04-09-2022 09:46,59.9,2.4,2.2,2.8,SE,6687,6794,6789
04-09-2022 09:46,59.9,2.4,2.2,2.8,SE,6689,6795,6794
04-09-2022 09:47,59.9,2.4,2.4,2.8,SE,6672,6806,6799
04-09-2022 09:47,59.9,2.4,2.4,2.8,SE,6680,6789,6785
04-09-2022 09:48,59.9,2.4,2.4,2.8,SE,6684,6785,6786
04-09-2022 09:49,59.9,2.6,2.4,3,SE,6687,6794,6787
04-09-2022 09:49,59.8,2.6,2.4,2.8,SE,6671,6804,6799
04-09-2022 09:50,59.9,2.6,2.4,2.8,SE,6657,6795,6787
04-09-2022 09:50,60,2.6,2.4,2.8,SE,6680,6798,6792
04-09-2022 09:51,60,2.6,2.4,2.8,SE,6680,6799,6791
04-09-2022 09:51,60,2.6,2.4,2.8,SE,6691,6800,6795
04-09-2022 09:52,59.9,2.4,2.4,2.8,SE,6682,6787,6787
04-09-2022 09:53,59.9,2.4,2.4,2.8,SE,6685,6799,6793
04-09-2022 09:53,59.9,2.4,2.4,2.8,SE,6683,6800,6794
04-09-2022 09:54,60,2.4,2.4,2.8,SE,6692,6803,6804
04-09-2022 09:54,60,2.4,2.4,2.8,SE,6695,6806,6807
04-09-2022 09:55,60,2.4,2.4,2.8,SE,6692,6807,6799
04-09-2022 09:55,60,2.4,2.4,2.8,SE,6695,6813,6810
04-09-2022 09:56,59.9,2.4,2.4,2.8,SE,6692,6800,6805
04-09-2022 09:56,60,2.4,2.4,2.8,SE,6695,6798,6801
04-09-2022 09:57,59.9,2.4,2.4,2.8,SE,6679,6796,6796
04-09-2022 09:57,59.9,2.4,2.4,2.8,SE,6691,6805,6811
04-09-2022 09:58,59.9,2.4,2.4,2.8,SE,6685,6784,6790
04-09-2022 09:58,59.9,2.4,2.4,2.8,SE,6686,6793,6798
04-09-2022 09:59,59.9,2.4,2.4,2.8,SE,6694,6801,6806
04-09-2022 09:59,59.9,2.4,2.4,2.8,SE,6690,6798,6800
04-09-2022 10:00,59.9,2.4,2.4,2.8,SE,6689,6793,6790
04-09-2022 10:01,59.9,2.4,2.4,2.8,SE,6690,6796,6794
04-09-2022 10:01,59.9,2.4,2.4,2.8,SE,6679,6796,6794
04-09-2022 10:02,59.9,2.4,2.4,2.8,SE,6681,6799,6798
04-09-2022 10:02,59.9,2.4,2.4,2.8,SE,6662,6782,6792
04-09-2022 10:03,59.9,2.4,2.4,2.8,SE,6671,6790,6798
04-09-2022 10:03,59.9,2.4,2.4,2.8,SE,6670,6800,6804
04-09-2022 10:04,59.9,2.4,2.4,2.8,SE,6678,6796,6801
04-09-2022 10:05,59.9,2.4,2.4,2.8,SE,6695,6803,6804
04-09-2022 10:05,59.9,2.4,2.4,2.8,SE,6686,6800,6805
04-09-2022 10:06,59.9,2.4,2.2,2.8,SE,6696,6803,6805
04-09-2022 10:06,60,2.4,2.2,2.8,SE,6686,6803,6806
04-09-2022 10:07,60,2.4,2.2,2.8,SE,6703,6818,6820
04-09-2022 10:07,60,2.4,2.2,2.8,SE,6711,6829,6830
04-09-2022 10:08,59.9,2.4,2.2,2.8,SE,6712,6813,6812
04-09-2022 10:08,59.9,2.4,2.2,2.8,SE,6700,6811,6809
04-09-2022 10:09,59.9,2.4,2.2,2.8,SE,6710,6816,6806
04-09-2022 10:09,59.9,2.4,2.2,2.8,SE,6695,6813,6807
04-09-2022 10:10,59.9,2.4,2.2,2.8,SE,6696,6811,6803
04-09-2022 10:11,59.9,2.4,2.2,2.8,SE,6696,6811,6801
04-09-2022 10:11,59.9,2.4,2.4,2.8,SE,6661,6779,6774
04-09-2022 10:12,60,2.4,2.4,2.8,SE,6672,6783,6777
04-09-2022 10:13,60,2.4,2.4,2.8,SE,6675,6789,6783
04-09-2022 10:13,60,2.4,2.4,2.8,SE,6706,6816,6812
04-09-2022 10:14,60.1,2.4,2.4,3,SE,6708,6831,6825
04-09-2022 10:14,60,2.4,2.4,2.8,SE,6710,6818,6813
04-09-2022 10:15,60,2.4,2.4,2.8,SE,6701,6807,6800
04-09-2022 10:15,60,2.4,2.4,2.8,SE,6712,6802,6789
04-09-2022 10:16,60,2.4,2.4,2.8,SE,6705,6808,6797
04-09-2022 10:17,60,2.4,2.4,2.8,SE,6702,6810,6800
04-09-2022 10:17,59.9,2.4,2.4,2.8,SE,6674,6787,6779
04-09-2022 10:18,59.9,2.4,2.4,2.8,SE,6652,6776,6761
04-09-2022 10:18,59.9,2.4,2.4,2.8,SE,6654,6781,6767
04-09-2022 10:19,59.9,2.4,2.4,2.8,SE,6694,6798,6782
04-09-2022 10:19,59.9,2.4,2.2,2.8,SE,6697,6787,6770
04-09-2022 10:20,59.9,2.4,2.2,2.8,SE,6679,6801,6794
04-09-2022 10:20,59.9,2.4,2.2,2.8,SE,6688,6806,6799
04-09-2022 10:21,60,2.4,2.2,2.8,SE,6700,6807,6803
04-09-2022 10:21,59.9,2.4,2.2,2.8,SE,6678,6787,6782
04-09-2022 10:22,60,2.4,2.2,2.8,SE,6680,6771,6769
04-09-2022 10:22,60,2.4,2.2,2.8,SE,6675,6767,6763
04-09-2022 10:23,59.9,2.2,2.2,2.8,SE,6678,6767,6759
04-09-2022 10:23,59.9,2.2,2.2,2.8,SE,6669,6786,6777
04-09-2022 10:24,60,2.2,2.4,2.8,SE,6676,6781,6779
04-09-2022 10:25,60,2.2,2.4,2.8,SE,6674,6783,6781
04-09-2022 10:25,59.9,2.2,2.4,2.8,SE,6668,6775,6771
04-09-2022 10:26,59.9,2.2,2.4,2.8,SE,6661,6767,6763
04-09-2022 10:26,59.9,2.4,2.4,3,SE,6672,6792,6785
04-09-2022 10:27,59.9,2.4,2.4,3,SE,6676,6787,6780
04-09-2022 10:27,60,2.2,2.2,3,SE,6706,6807,6800
04-09-2022 10:28,59.9,2.4,2.2,3,SE,6702,6797,6792
04-09-2022 10:29,59.9,2.4,2.2,3,SE,6703,6816,6806
04-09-2022 10:29,59.9,2.2,2.2,2.8,SE,6669,6794,6786
04-09-2022 10:30,60,2.2,2.2,2.8,SE,6680,6792,6789
04-09-2022 10:30,59.9,2.2,2.2,2.8,SE,6678,6794,6787
04-09-2022 10:31,59.9,2.2,2.2,2.8,SE,6684,6789,6788
04-09-2022 10:31,59.8,2.2,2.2,2.8,SE,6685,6790,6785
04-09-2022 10:32,59.9,2.2,2.2,2.8,SE,6690,6794,6782
04-09-2022 10:32,59.9,2.2,2.2,2.8,SE,6678,6790,6783
04-09-2022 10:33,59.9,2.2,2.2,2.8,SE,6679,6796,6789
04-09-2022 10:33,59.9,2.2,2.2,2.8,SE,6685,6795,6787
04-09-2022 10:34,60,2.4,2.4,2.8,SE,6692,6791,6784
04-09-2022 10:34,60,2.4,2.4,2.8,SE,6683,6791,6786
04-09-2022 10:35,60,2.4,2.2,2.8,SE,6693,6808,6801
04-09-2022 10:35,60,2.4,2.2,2.8,SE,6689,6790,6783
04-09-2022 10:36,60,2.4,2.2,2.8,SE,6687,6780,6776
04-09-2022 10:37,60,2.4,2.2,2.8,SE,6695,6780,6782
04-09-2022 10:37,59.9,2.2,2.2,2.8,SE,6678,6788,6777
04-09-2022 10:38,59.9,2.4,2.2,2.8,SE,6678,6788,6777
04-09-2022 10:38,60,2.2,2.2,2.8,SE,6700,6818,6803
04-09-2022 10:39,60,2.4,2.2,2.8,SE,6713,6816,6802
04-09-2022 10:39,60,2.4,2.2,2.8,SE,6710,6810,6803
04-09-2022 10:40,60.1,2.4,2.4,2.8,SE,6709,6814,6807
04-09-2022 10:41,60,2.4,2.4,2.8,SE,6683,6791,6783
04-09-2022 10:41,60,2.4,2.4,2.8,SE,6689,6784,6781
04-09-2022 10:42,60,2.4,2.4,2.8,SE,6681,6774,6772
04-09-2022 10:43,59.9,2.4,2.2,2.8,SE,6664,6753,6758
04-09-2022 10:43,59.9,2.4,2.2,2.8,SE,6674,6770,6770
04-09-2022 10:44,59.9,2.4,2.2,2.8,SE,6673,6777,6765
04-09-2022 10:44,59.9,2.4,2.2,2.8,SE,6688,6772,6764
04-09-2022 10:45,59.9,2.4,2.2,2.8,SE,6672,6786,6773
04-09-2022 10:45,59.9,2.4,2.2,2.8,SE,6675,6793,6771
04-09-2022 10:46,59.9,2.4,2.2,2.8,SE,6666,6777,6760
04-09-2022 10:46,59.9,2.4,2.2,2.8,SE,6672,6777,6763
04-09-2022 10:47,60,2.4,2.2,2.8,SE,6682,6778,6765
04-09-2022 10:47,59.9,2.4,2.2,2.8,SE,6670,6768,6760
04-09-2022 10:48,59.9,2.2,2.2,2.8,SE,6665,6773,6764
04-09-2022 10:49,60,2.2,2.4,2.8,SE,6675,6767,6765
04-09-2022 10:49,59.9,2.2,2.4,2.8,SE,6673,6765,6755
04-09-2022 10:50,59.9,2.2,2.4,2.8,SE,6671,6771,6759
04-09-2022 10:50,59.9,2.2,2.4,2.8,SE,6665,6773,6766
04-09-2022 10:51,59.9,2.4,2.4,2.8,SE,6669,6771,6760
04-09-2022 10:53,60,2.2,2.4,2.8,SE,6697,6800,6789
04-09-2022 10:53,60,2.2,2.4,2.8,SE,6707,6799,6786
04-09-2022 10:54,60,2.2,2.4,2.8,SE,6696,6806,6789
04-09-2022 10:54,60,2.2,2.4,2.8,SE,6685,6800,6791
04-09-2022 10:55,60,2.2,2.4,2.8,SE,6654,6787,6770
04-09-2022 10:55,60,2.2,2.4,2.8,SE,6660,6775,6760
04-09-2022 10:56,59.9,2.4,2.4,2.8,SE,6650,6762,6742
04-09-2022 10:56,60,2.4,2.2,2.8,SE,6652,6770,6752
04-09-2022 10:57,59.9,2.4,2.2,2.8,SE,6643,6761,6744
04-09-2022 10:57,59.9,2.4,2.2,2.8,SE,6642,6754,6738
04-09-2022 10:58,59.9,2.4,2.2,2.8,SE,6626,6756,6738
04-09-2022 10:58,59.9,2.4,2.2,2.8,SE,6621,6751,6733
04-09-2022 10:59,59.9,2.4,2.2,2.8,SE,6651,6756,6745
04-09-2022 10:59,59.9,2.4,2.2,2.8,SE,6654,6762,6751
04-09-2022 11:00,60,2.2,2.2,2.8,SE,6656,6767,6753
04-09-2022 11:01,60,2.2,2.4,2.8,SE,6644,6760,6745
04-09-2022 11:01,59.9,2.2,2.2,2.8,SE,6637,6747,6728
04-09-2022 11:02,60,2.2,2.4,2.8,SE,6645,6762,6743
04-09-2022 11:02,60,2.2,2.4,2.8,SE,6636,6756,6744
04-09-2022 11:03,59.9,2.2,2.4,2.8,SE,6641,6760,6743
04-09-2022 11:04,59.9,2.4,2.4,2.8,SE,6633,6757,6739
04-09-2022 11:04,59.9,2.4,2.2,2.8,SE,6638,6744,6726
04-09-2022 11:05,59.9,2.4,2.2,2.8,SE,6635,6752,6731
04-09-2022 11:06,59.9,2.4,2.2,2.8,SE,6666,6781,6761
04-09-2022 11:06,59.9,2.4,2.2,2.8,SE,6662,6784,6767
04-09-2022 11:07,60,2.4,2.2,2.8,SE,6660,6781,6765
04-09-2022 11:07,60,2.4,2.2,2.8,SE,6656,6778,6762
04-09-2022 11:08,60,2.4,2.2,2.8,SE,6631,6751,6735
04-09-2022 11:08,59.9,2.4,2.2,2.8,SE,6633,6741,6726
04-09-2022 11:09,59.9,2.4,2.4,2.8,SE,6639,6752,6736
04-09-2022 11:09,59.9,2.4,2.4,2.8,SE,6654,6760,6745
04-09-2022 11:10,59.9,2.2,2.4,2.8,SE,6634,6747,6735
04-09-2022 11:10,59.9,2.4,2.4,2.8,SE,6632,6754,6739
04-09-2022 11:11,59.9,2.4,2.4,2.8,SE,6622,6744,6726
04-09-2022 11:11,59.9,2.4,2.2,2.8,SE,6630,6752,6732
04-09-2022 11:12,59.9,2.4,2.2,2.8,SE,6622,6749,6725
04-09-2022 11:13,59.9,2.4,2.2,2.8,SE,6642,6762,6744
04-09-2022 11:13,60,2.2,2.2,2.8,SE,6633,6752,6726
04-09-2022 11:14,60,2.2,2.4,2.8,SE,6640,6755,6729
04-09-2022 11:14,60,2.2,2.4,2.8,SE,6630,6745,6727
04-09-2022 11:15,59.9,2.4,2.4,2.8,SE,6632,6756,6732
04-09-2022 11:16,59.9,2.4,2.4,2.8,SE,6630,6749,6729
04-09-2022 11:16,60,2.4,2.4,2.8,SE,6619,6748,6728
04-09-2022 11:17,59.9,2.4,2.4,2.8,SE,6633,6744,6726
04-09-2022 11:17,59.9,2.4,2.4,2.8,SE,6639,6745,6730
04-09-2022 11:18,59.9,2.4,2.4,2.8,SE,6634,6744,6733
04-09-2022 11:19,60,2.6,2.4,2.8,SE,6646,6743,6729
04-09-2022 11:20,59.9,2.4,2.4,3,SE,6639,6747,6731
04-09-2022 11:20,60,2.4,2.4,3,SE,6630,6747,6735
04-09-2022 11:21,59.9,2.4,2.2,3,SE,6632,6748,6738
04-09-2022 11:21,59.9,2.4,2.2,3,SE,6628,6745,6730
04-09-2022 11:22,59.9,2.4,2.2,3,SE,6629,6732,6717
04-09-2022 11:22,59.9,2.4,2.2,3,SE,6624,6739,6722
04-09-2022 11:23,59.9,2.2,2.2,2.8,SE,6625,6735,6723
04-09-2022 11:24,60,2.4,2.4,3,SE,6636,6740,6724
04-09-2022 11:24,59.9,2.2,2.4,2.8,SE,6631,6743,6727
04-09-2022 11:25,60,2.4,2.2,2.8,SE,6629,6741,6728
04-09-2022 11:25,59.9,2.4,2.2,2.8,SE,6634,6747,6734
04-09-2022 11:26,60,2.4,2.2,2.8,SE,6624,6751,6739
04-09-2022 11:26,60,2.4,2.4,2.8,SE,6647,6771,6756
04-09-2022 11:27,59.9,2.4,2.4,2.8,SE,6636,6750,6737
04-09-2022 11:28,59.9,2.4,2.4,2.8,SE,6635,6741,6724
04-09-2022 11:28,60,2.4,2.4,2.8,SE,6642,6741,6731
04-09-2022 11:29,60,2.4,2.4,2.8,SE,6652,6761,6748
04-09-2022 11:29,60,2.4,2.4,2.8,SE,6637,6743,6734
04-09-2022 11:30,60,2.4,2.4,2.8,SE,6665,6773,6763
04-09-2022 11:30,59.9,2.4,2.4,2.8,SE,6651,6774,6761
04-09-2022 11:31,59.9,2.4,2.4,2.8,SE,6654,6776,6764
04-09-2022 11:31,60,2.4,2.4,2.8,SE,6664,6779,6767
04-09-2022 11:32,59.9,2.4,2.4,2.8,SE,6667,6758,6749
04-09-2022 11:32,59.9,2.4,2.4,2.8,SE,6661,6761,6749
04-09-2022 11:33,59.9,2.4,2.4,2.8,SE,6657,6761,6748
04-09-2022 11:33,60,2.4,2.4,2.8,SE,6659,6766,6752
04-09-2022 11:34,60,2.4,2.2,2.8,SE,6668,6767,6752
04-09-2022 11:34,60,2.4,2.2,2.8,SE,6662,6766,6760
04-09-2022 11:35,59.9,2.4,2.2,2.8,SE,6656,6763,6759
04-09-2022 11:36,59.9,2.4,2.2,2.8,SE,6658,6756,6752
04-09-2022 11:36,59.9,2.4,2.2,2.8,SE,6657,6764,6753
04-09-2022 11:37,59.9,2.4,2.2,2.8,SE,6657,6772,6759
04-09-2022 11:37,59.9,2.4,2.2,2.8,SE,6658,6762,6752
04-09-2022 11:38,59.9,2.4,2.2,2.8,SE,6651,6759,6747
04-09-2022 11:38,59.8,2.4,2.2,2.8,SE,6633,6716,6708
04-09-2022 11:39,59.8,2.4,2.2,2.8,SE,6637,6708,6710
04-09-2022 11:40,59.9,2.4,2.4,2.8,SE,6633,6742,6732
04-09-2022 11:40,59.9,2.4,2.4,2.8,SE,6628,6737,6724
04-09-2022 11:41,59.9,2.4,2.4,2.8,SE,6640,6753,6740
04-09-2022 11:41,59.9,2.4,2.4,2.8,SE,6641,6741,6732
04-09-2022 11:42,59.9,2.4,2.4,2.8,SE,6636,6743,6730
04-09-2022 11:42,59.9,2.4,2.4,2.8,SE,6640,6733,6731
04-09-2022 11:43,59.9,2.4,2.4,2.8,SE,6623,6739,6731
04-09-2022 11:44,59.9,2.4,2.4,2.8,SE,6620,6740,6725
04-09-2022 11:45,59.9,2.4,2.4,2.8,SE,6645,6753,6740
04-09-2022 11:45,59.9,2.4,2.4,2.8,SE,6636,6759,6746
04-09-2022 11:46,60,2.4,2.4,2.8,SE,6642,6755,6738
04-09-2022 11:46,60,2.4,2.4,2.8,SE,6634,6744,6734
04-09-2022 11:47,60,2.4,2.4,2.8,SE,6626,6733,6723
04-09-2022 11:48,60,2.2,2.2,2.8,SE,6632,6738,6729
04-09-2022 11:48,59.9,2.4,2.4,2.8,SE,6627,6740,6728
04-09-2022 11:49,59.9,2.4,2.4,2.8,SE,6629,6736,6719
04-09-2022 11:49,59.9,2.4,2.4,2.8,SE,6612,6745,6720
04-09-2022 11:50,59.9,2.4,2.4,2.8,SE,6615,6742,6720
04-09-2022 11:50,60,2.4,2.4,2.8,SE,6615,6746,6724
04-09-2022 11:51,60,2.4,2.4,2.8,SE,6619,6734,6709
04-09-2022 11:52,60,2.4,2.4,2.8,SE,6635,6753,6736
04-09-2022 11:52,60,2.4,2.4,2.8,SE,6626,6736,6724
04-09-2022 11:53,59.9,2.8,2.8,3.2,SE,6621,6738,6725
04-09-2022 11:53,59.9,2.4,2.4,2.8,SE,6639,6752,6737
04-09-2022 11:54,60,2.4,2.4,2.8,SE,6643,6759,6750
04-09-2022 11:54,60,2.4,2.4,2.8,SE,6638,6752,6740
04-09-2022 11:55,59.9,2.4,2.4,2.8,SE,6609,6741,6723
04-09-2022 11:55,59.9,2.4,2.4,2.8,SE,6589,6729,6707
04-09-2022 11:56,60,2.4,2.4,2.8,SE,6657,6758,6742
04-09-2022 11:56,60,2.4,2.4,2.8,SE,6653,6763,6749
04-09-2022 11:57,60,2.4,2.4,2.8,SE,6650,6759,6741
04-09-2022 11:57,59.9,2.4,2.4,2.8,SE,6659,6769,6748
04-09-2022 11:58,59.9,2.4,2.4,2.8,SE,6620,6736,6723
04-09-2022 11:58,59.9,2.4,2.4,2.8,SE,6631,6740,6721
04-09-2022 11:59,59.9,2.4,2.4,2.8,SE,6624,6740,6721
04-09-2022 12:00,59.9,2.4,2.4,2.8,SE,6616,6736,6718
04-09-2022 12:00,59.9,2.4,2.4,3,SE,6633,6753,6740
04-09-2022 12:01,59.9,2.4,2.4,3,SE,6632,6742,6730
04-09-2022 12:01,59.9,2.4,2.4,2.8,SE,6632,6738,6723
04-09-2022 12:02,59.9,2.4,2.4,2.8,SE,6652,6758,6741
04-09-2022 12:02,59.9,2.4,2.2,2.8,SE,6627,6738,6726
04-09-2022 12:03,59.9,2.4,2.4,2.8,SE,6629,6750,6737
04-09-2022 12:04,59.9,2.4,2.4,2.8,SE,6629,6746,6738
04-09-2022 12:04,59.9,2.4,2.4,2.8,SE,6637,6749,6743
04-09-2022 12:05,60,2.4,2.4,3,SE,6652,6769,6750
04-09-2022 12:05,60,2.8,2.6,3.2,SE,6652,6765,6758
04-09-2022 12:06,60,2.4,2.4,2.8,SE,6641,6761,6749
04-09-2022 12:06,60,2.4,2.6,2.8,SE,6654,6759,6746
04-09-2022 12:07,60,3,2.8,3.2,SE,6653,6766,6750
04-09-2022 12:07,60,2.4,2.6,2.8,SE,6644,6759,6744
04-09-2022 12:08,60,2.4,2.6,2.8,SE,6646,6762,6747
04-09-2022 12:08,60,2.4,2.6,2.8,SE,6637,6761,6745
04-09-2022 12:09,60,2.4,2.4,2.8,SE,6657,6769,6752
04-09-2022 12:09,60,2.4,2.4,2.8,SE,6628,6751,6728
04-09-2022 12:10,60,2.4,2.4,2.8,SE,6642,6762,6744
04-09-2022 12:10,60,2.4,2.4,2.8,SE,6673,6787,6772
04-09-2022 12:11,60,2.4,2.4,2.8,SE,6672,6776,6762
04-09-2022 12:12,60,2.4,2.4,2.8,SE,6670,6780,6762
04-09-2022 12:12,59.9,2.4,2.4,2.8,SE,6656,6776,6756
04-09-2022 12:13,59.9,2.4,2.4,2.8,SE,6654,6773,6750
04-09-2022 12:13,59.9,2.4,2.4,2.8,SE,6622,6746,6733
04-09-2022 12:14,59.9,2.6,2.4,2.8,SE,6635,6750,6743
04-09-2022 12:14,60,2.4,2.4,2.8,SE,6648,6757,6748
04-09-2022 12:15,59.9,2.4,2.4,2.8,SE,6638,6749,6740
04-09-2022 12:16,59.9,2.6,2.4,3,SE,6633,6741,6731
04-09-2022 12:16,60,2.6,2.4,3,SE,6639,6738,6730
04-09-2022 12:17,60,2.6,2.4,3,SE,6645,6750,6737
04-09-2022 12:17,60,2.6,2.4,3,SE,6643,6741,6733
04-09-2022 12:18,60,2.6,2.4,3,SE,6631,6738,6728
04-09-2022 12:18,60,2.6,2.4,2.8,SE,6618,6749,6734
04-09-2022 12:19,60,2.4,2.4,2.8,SE,6629,6748,6729
04-09-2022 12:19,60,2.4,2.4,2.8,SE,6640,6753,6739
04-09-2022 12:20,60,2.4,2.4,2.8,SE,6645,6760,6748
04-09-2022 12:20,60,2.4,2.4,2.8,SE,6646,6739,6730
04-09-2022 12:21,60,2.4,2.4,2.8,SE,6638,6749,6738
04-09-2022 12:21,60,2.4,2.4,2.8,SE,6636,6752,6734
04-09-2022 12:22,60,2.4,2.4,2.8,SE,6639,6754,6744
04-09-2022 12:22,60,2.4,2.4,2.8,SE,6644,6747,6737
04-09-2022 12:23,60,2.4,2.4,2.8,SE,6636,6739,6732
04-09-2022 12:24,60,2.4,2.4,2.8,SE,6645,6753,6746
04-09-2022 12:24,60,2.4,2.4,2.8,SE,6636,6755,6745
04-09-2022 12:25,60.1,2.4,2.4,2.8,SE,6666,6777,6767
04-09-2022 12:25,60.1,2.4,2.4,2.8,SE,6666,6776,6768
04-09-2022 12:26,60.1,2.4,2.4,2.8,SE,6662,6774,6768
04-09-2022 12:26,60.1,2.4,2.4,2.8,SE,6674,6760,6758
04-09-2022 12:27,60.1,2.4,2.4,2.8,SE,6676,6786,6775
04-09-2022 12:28,60.1,2.4,2.4,2.8,SE,6650,6748,6738
04-09-2022 12:28,60,2.4,2.4,2.8,SE,6640,6738,6731
04-09-2022 12:29,60,2.4,2.4,2.8,SE,6654,6743,6736
04-09-2022 12:30,60,2.4,2.2,2.8,SE,6643,6757,6742
04-09-2022 12:30,60,2.4,2.2,2.8,SE,6637,6739,6736
04-09-2022 12:31,60,2.4,2.4,2.8,SE,6641,6743,6736
04-09-2022 12:31,60,2.4,2.2,2.8,SE,6638,6737,6728
04-09-2022 12:32,60,2.4,2.4,2.8,SE,6644,6731,6725
04-09-2022 12:32,59.9,2.6,2.4,2.8,SE,6635,6742,6730
04-09-2022 12:33,59.9,2.6,2.4,2.8,SE,6634,6748,6739
04-09-2022 12:33,60,2.6,2.4,2.8,SE,6644,6750,6743
04-09-2022 12:34,59.9,2.6,2.4,2.8,SE,6637,6744,6734
04-09-2022 12:34,59.9,2.6,2.4,2.8,SE,6643,6738,6734
04-09-2022 12:35,59.9,2.4,2.2,2.8,SE,6640,6742,6738
04-09-2022 12:36,59.9,2.4,2.4,2.8,SE,6642,6741,6736
04-09-2022 12:36,59.9,2.4,2.2,2.8,SE,6629,6726,6726
04-09-2022 12:37,59.9,2.4,2.2,2.8,SE,6630,6736,6732
04-09-2022 12:37,59.9,2.4,2.4,2.8,SE,6626,6738,6727
04-09-2022 12:38,59.9,2.4,2.4,2.8,SE,6640,6743,6736
04-09-2022 12:38,59.9,2.4,2.4,2.8,SE,6646,6734,6735
04-09-2022 12:39,59.9,2.4,2.4,2.8,SE,6651,6734,6732
04-09-2022 12:40,59.9,2.4,2.2,2.8,SE,6658,6720,6731
04-09-2022 12:40,59.9,2.4,2.4,2.8,SE,6628,6737,6728
04-09-2022 12:41,59.8,2.4,2.2,2.8,SE,6708,6823,6814
04-09-2022 12:41,59.9,2.4,2.2,2.8,SE,6711,6824,6814
04-09-2022 12:42,59.9,2.4,2.2,2.8,SE,6700,6819,6815
04-09-2022 12:42,59.9,2.4,2.2,2.8,SE,6695,6814,6803
04-09-2022 12:43,59.9,2.4,2.2,2.8,SE,6710,6825,6816
04-09-2022 12:43,59.9,2.4,2.2,2.8,SE,6715,6824,6818
04-09-2022 12:44,60,2.4,2.2,2.8,SE,6743,6861,6825
04-09-2022 12:44,60,2.4,2.2,2.8,SE,6743,6863,6850
04-09-2022 12:45,59.9,2.4,2.2,2.8,SE,6717,6831,6818
04-09-2022 12:45,59.9,2.4,2.2,2.8,SE,6737,6858,6842
04-09-2022 12:46,60,2.4,2.2,2.8,SE,6742,6844,6835
04-09-2022 12:46,59.9,2.4,2.2,2.8,SE,6708,6834,6820
04-09-2022 12:47,59.9,2.4,2.2,2.8,SE,6728,6855,6834
04-09-2022 12:48,59.9,2.4,2.2,2.8,SE,6719,6853,6834
04-09-2022 12:48,59.9,2.4,2.2,2.8,SE,6745,6860,6841
04-09-2022 12:49,59.9,2.4,2.2,2.8,SE,6740,6856,6841
04-09-2022 12:49,59.9,2.4,2.4,2.8,SE,6749,6855,6839
04-09-2022 12:50,59.9,2.4,2.2,2.8,SE,6749,6865,6850
04-09-2022 12:50,59.9,2.4,2.2,2.8,SE,6741,6860,6849
04-09-2022 12:51,60,2.4,2.4,2.8,SE,6747,6867,6852
04-09-2022 12:52,60,2.4,2.4,2.8,SE,6747,6870,6853
04-09-2022 12:52,60,2.4,2.2,2.8,SE,6753,6870,6850
04-09-2022 12:53,60,2.4,2.2,2.8,SE,6755,6873,6859
04-09-2022 12:53,60,2.4,2.2,2.8,SE,6754,6872,6852
04-09-2022 12:54,60,2.4,2.2,2.8,SE,6750,6875,6860
04-09-2022 12:54,60,2.4,2.2,2.8,SE,6764,6877,6859
04-09-2022 12:55,59.9,2.4,2.2,2.8,SE,6756,6877,6858
04-09-2022 12:55,59.9,2.4,2.2,2.8,SE,6721,6843,6831
04-09-2022 12:56,59.9,2.4,2.2,2.8,SE,6756,6883,6867
04-09-2022 12:56,60,2.4,2.2,2.8,SE,6730,6858,6842
04-09-2022 12:57,60,2.4,2.2,2.8,SE,6759,6877,6860
04-09-2022 12:57,59.9,2.4,2.2,2.8,SE,6761,6873,6860
04-09-2022 12:58,60,2.4,2.2,2.8,SE,6747,6873,6859
04-09-2022 12:58,59.9,2.4,2.4,2.8,SE,6744,6867,6853
04-09-2022 12:59,59.9,2.4,2.4,2.8,SE,6748,6865,6849
04-09-2022 13:00,59.9,2.4,2.4,2.8,SE,6741,6866,6848
04-09-2022 13:00,60,2.4,2.4,2.8,SE,6761,6874,6857
04-09-2022 13:01,59.9,2.4,2.4,2.8,SE,6687,6805,6788
04-09-2022 13:01,59.9,2.4,2.4,2.8,SE,6677,6800,6779
04-09-2022 13:02,59.9,2.4,2.4,2.8,SE,6681,6800,6785
04-09-2022 13:03,59.8,2.4,2.4,2.8,SE,6678,6801,6783
04-09-2022 13:04,59.8,2.4,2.4,2.8,SE,6653,6771,6755
04-09-2022 13:04,59.9,2.4,2.4,2.8,SE,6672,6785,6764
04-09-2022 13:05,59.9,2.4,2.4,2.8,SE,6667,6773,6753
04-09-2022 13:06,59.9,2.4,2.4,2.8,SE,6664,6765,6749
04-09-2022 13:06,60,2.4,2.4,2.8,SE,6686,6787,6774
04-09-2022 13:07,60,2.4,2.2,2.8,SE,6668,6776,6764
04-09-2022 13:07,59.9,2.4,2.2,2.8,SE,6645,6780,6772
04-09-2022 13:08,59.9,2.4,2.2,2.8,SE,6661,6781,6768
04-09-2022 13:08,60,2.4,2.2,2.8,SE,6662,6786,6773
04-09-2022 13:09,59.9,2.4,2.2,2.8,SE,6662,6779,6765
04-09-2022 13:09,59.9,2.4,2.2,2.8,SE,6659,6773,6762
04-09-2022 13:10,59.9,2.4,2.4,2.8,SE,6668,6767,6752
04-09-2022 13:10,59.9,2.4,2.2,3,SE,6661,6771,6759
04-09-2022 13:11,59.9,2.4,2.2,3,SE,6662,6780,6762
04-09-2022 13:12,59.9,2.4,2.2,3,SE,6647,6764,6747
04-09-2022 13:12,59.9,2.4,2.2,3,SE,6643,6766,6754
04-09-2022 13:13,59.9,2.4,2.2,3,SE,6660,6775,6754
04-09-2022 13:13,59.9,2.4,2.2,2.8,SE,6645,6768,6740
04-09-2022 13:14,59.9,2.4,2.2,2.8,SE,6650,6778,6755
04-09-2022 13:15,59.9,2.4,2.2,2.8,SE,6662,6772,6751
04-09-2022 13:15,59.9,2.4,2.2,2.8,SE,6653,6771,6752
04-09-2022 13:16,59.9,3,2.8,3.2,SE,6672,6762,6744
04-09-2022 13:16,59.9,2.4,2.2,2.8,SE,6665,6776,6761
04-09-2022 13:17,60,2.4,2.2,2.8,SE,6665,6778,6760
04-09-2022 13:18,59.9,2.4,2.4,2.8,SE,6681,6802,6784
04-09-2022 13:18,59.9,2.6,2.4,3.2,SE,6678,6797,6778
04-09-2022 13:19,59.9,2.6,2.4,3.2,SE,6688,6807,6788
04-09-2022 13:19,59.9,2.6,2.4,3.2,SE,6679,6803,6781
04-09-2022 13:20,59.9,2.4,2.4,3.2,SE,6688,6806,6787
04-09-2022 13:20,59.9,2.6,2.4,3.2,SE,6665,6783,6765
04-09-2022 13:21,59.9,2.6,2.4,3.2,SE,6651,6776,6764
04-09-2022 13:21,59.8,2.6,2.4,3.2,SE,6646,6763,6750
04-09-2022 13:22,59.9,2.6,2.4,3.2,SE,6660,6771,6755
04-09-2022 13:22,59.9,2.6,2.4,3.2,SE,6659,6774,6759
04-09-2022 13:23,59.9,2.6,2.4,3.2,SE,6660,6766,6757
04-09-2022 13:24,59.9,2.6,2.4,3.2,SE,6663,6771,6759
04-09-2022 13:24,60,2.4,2.4,2.8,SE,6671,6782,6766
04-09-2022 13:25,60,2.4,2.4,2.8,SE,6661,6777,6763
04-09-2022 13:25,59.9,2.4,2.4,2.8,SE,6659,6767,6759
04-09-2022 13:26,59.9,2.4,2.4,2.8,SE,6655,6775,6765
04-09-2022 13:27,59.9,2.4,2.6,2.8,SE,6676,6787,6776
04-09-2022 13:27,59.9,2.4,2.6,2.8,SE,6677,6783,6775
04-09-2022 13:28,60,2.6,2.6,2.8,SE,6682,6774,6759
04-09-2022 13:28,60,2.6,2.4,2.8,SE,6679,6790,6778
04-09-2022 13:29,59.9,2.6,2.4,2.8,SE,6660,6774,6760
04-09-2022 13:29,59.9,2.6,2.4,2.8,SE,6656,6782,6770
04-09-2022 13:30,59.9,2.6,2.4,2.8,SE,6668,6784,6773
04-09-2022 13:30,59.9,2.6,2.4,2.8,SE,6674,6783,6768
04-09-2022 13:31,59.9,2.4,2.2,2.8,SE,6679,6785,6776
04-09-2022 13:31,59.9,2.4,2.2,2.8,SE,6675,6769,6762
04-09-2022 13:32,59.9,2.4,2.2,2.8,SE,6660,6766,6760
04-09-2022 13:32,59.9,2.4,2.4,2.8,SE,6666,6772,6774
04-09-2022 13:33,59.9,2.4,2.4,2.8,SE,6695,6805,6801
04-09-2022 13:33,59.9,2.4,2.4,2.8,SE,6699,6802,6799
04-09-2022 13:34,60,2.4,2.4,2.8,SE,6698,6802,6798
04-09-2022 13:35,60,2.4,2.4,2.8,SE,6710,6810,6811
04-09-2022 13:35,59.9,2.4,2.4,2.8,SE,6704,6797,6792
04-09-2022 13:36,59.9,2.4,2.4,2.8,SE,6672,6776,6770
04-09-2022 13:36,59.9,2.4,2.4,2.8,SE,6681,6768,6769
04-09-2022 13:37,59.9,3,2.8,3.2,SE,6681,6763,6763
04-09-2022 13:37,59.9,2.4,2.4,2.8,SE,6663,6784,6779
04-09-2022 13:38,59.9,2.4,2.4,2.8,SE,6672,6785,6779
04-09-2022 13:39,60,2.4,2.4,2.8,SE,6695,6793,6790
04-09-2022 13:39,60,2.4,2.4,2.8,SE,6689,6778,6780
04-09-2022 13:40,60,2.4,2.4,2.8,SE,6683,6777,6777
04-09-2022 13:40,59.9,2.4,2.6,2.8,SE,6679,6775,6772
04-09-2022 13:41,59.9,2.4,2.4,2.8,SE,6675,6783,6772
04-09-2022 13:41,59.9,2.4,2.4,2.8,SE,6679,6789,6780
04-09-2022 13:42,59.9,2.4,2.4,2.8,SE,6680,6789,6775
04-09-2022 13:42,59.9,2.4,2.4,2.8,SE,6683,6790,6777
04-09-2022 13:43,60,2.4,2.4,2.8,SE,6671,6777,6770
04-09-2022 13:43,59.9,2.4,2.4,2.8,SE,6676,6774,6768
04-09-2022 13:44,59.9,2.4,2.4,2.8,SE,6684,6795,6786
04-09-2022 13:44,59.9,2.4,2.4,2.8,SE,6687,6778,6770
04-09-2022 13:45,59.9,2.4,2.4,2.8,SE,6676,6787,6774
04-09-2022 13:45,59.9,2.4,2.4,2.8,SE,6702,6802,6789
04-09-2022 13:46,59.9,2.4,2.4,2.8,SE,6707,6807,6792
04-09-2022 13:47,59.9,2.4,2.4,2.8,SE,6705,6815,6799
04-09-2022 13:47,59.9,2.4,2.4,2.8,SE,6693,6814,6792
04-09-2022 13:48,60,2.4,2.4,3,SE,6697,6815,6799
04-09-2022 13:48,60.1,2.4,2.4,2.8,SE,6698,6797,6784
04-09-2022 13:49,60.1,2.4,2.4,2.8,SE,6692,6804,6784
04-09-2022 13:49,60,2.4,2.4,2.8,SE,6679,6802,6785
04-09-2022 13:50,60,2.4,2.4,2.8,SE,6674,6797,6788
04-09-2022 13:51,59.9,2.4,2.4,2.8,SE,6676,6792,6774
04-09-2022 13:51,59.9,2.4,2.4,2.8,SE,6681,6780,6768
04-09-2022 13:52,60,2.4,2.4,2.8,SE,6686,6794,6776
04-09-2022 13:52,60,2.4,2.4,3,SE,6678,6783,6773
04-09-2022 13:53,60,2.4,2.4,2.8,SE,6681,6795,6779
04-09-2022 13:53,60,2.4,2.4,2.8,SE,6685,6792,6780
04-09-2022 13:54,60,2.4,2.4,2.8,SE,6672,6788,6768
04-09-2022 13:54,59.9,2.4,2.4,2.8,SE,6670,6776,6758
04-09-2022 13:55,59.9,2.4,2.4,2.8,SE,6652,6787,6765
04-09-2022 13:55,60,2.4,2.4,2.8,SE,6675,6788,6777
04-09-2022 13:56,60,2.4,2.4,2.8,SE,6684,6794,6782
04-09-2022 13:56,59.9,2.4,2.4,2.8,SE,6687,6790,6778
04-09-2022 13:57,59.9,2.4,2.4,3,SE,6697,6800,6786
04-09-2022 13:57,59.9,2.4,2.4,3,SE,6680,6790,6777
04-09-2022 13:58,59.9,2.4,2.4,3,SE,6671,6791,6777
04-09-2022 13:59,60,2.4,2.4,3,SE,6672,6799,6782
04-09-2022 13:59,60,2.4,2.4,3,SE,6672,6789,6775
04-09-2022 14:00,60,2.4,2.4,3,SE,6668,6796,6775
04-09-2022 14:00,59.9,2.4,2.6,3,SE,6696,6775,6767
04-09-2022 14:01,60,2.4,2.6,3,SE,6682,6788,6778
04-09-2022 14:01,59.9,2.4,2.6,3,SE,6679,6797,6782
04-09-2022 14:02,59.9,2.4,2.6,3,SE,6681,6797,6785
04-09-2022 14:03,59.9,2.4,2.6,3,SE,6678,6786,6768
04-09-2022 14:03,59.9,2.4,2.6,3,SE,6680,6789,6778
04-09-2022 14:04,60,2.4,2.4,3,SE,6687,6792,6781
04-09-2022 14:05,59.9,2.4,2.4,2.8,SE,6667,6788,6774
04-09-2022 14:05,59.9,2.4,2.4,3,SE,6688,6805,6791
04-09-2022 14:06,59.9,2.4,2.4,3,SE,6670,6787,6769
04-09-2022 14:06,59.9,2.4,2.4,3,SE,6676,6779,6766
04-09-2022 14:07,59.9,2.4,2.4,3,SE,6682,6775,6767
04-09-2022 14:07,59.9,2.4,2.4,3,SE,6682,6773,6766
04-09-2022 14:08,60,2.4,2.4,3,SE,6704,6802,6788
04-09-2022 14:08,59.9,2.4,2.4,3,SE,6675,6785,6773
04-09-2022 14:09,60,2.4,2.4,2.8,SE,6697,6804,6793
04-09-2022 14:09,59.9,2.4,2.4,3,SE,6706,6811,6800
04-09-2022 14:10,60,2.4,2.4,3,SE,6709,6801,6796
04-09-2022 14:11,60,2.8,2.6,3.2,SE,6705,6814,6802
04-09-2022 14:11,59.9,2.4,2.2,2.8,SE,6705,6812,6800
04-09-2022 14:12,59.9,2.4,2.4,2.8,SE,6689,6801,6780
04-09-2022 14:12,60,2.4,2.4,3,SE,6683,6810,6784
04-09-2022 14:13,60,2.4,2.4,2.8,SE,6681,6795,6778
04-09-2022 14:13,60,2.4,2.4,2.8,SE,6710,6817,6801
04-09-2022 14:14,60,2.4,2.4,3,SE,6706,6815,6799
04-09-2022 14:15,60,2.4,2.4,2.8,SE,6721,6823,6801
04-09-2022 14:15,60,2.4,2.4,2.8,SE,6705,6822,6801
04-09-2022 14:16,60,2.4,2.4,2.8,SE,6696,6825,6800
04-09-2022 14:16,60.1,2.4,2.4,2.8,SE,6714,6820,6806
04-09-2022 14:17,60.1,2.4,2.4,2.8,SE,6705,6819,6803
04-09-2022 14:17,60.1,2.4,2.4,2.8,SE,6705,6818,6803
04-09-2022 14:18,60,2.4,2.4,2.8,SE,6702,6806,6784
04-09-2022 14:18,60,2.6,2.4,2.8,SE,6708,6818,6797
04-09-2022 14:19,60,2.6,2.4,2.8,SE,6695,6814,6794
04-09-2022 14:19,60,2.6,2.4,2.8,SE,6687,6810,6791
04-09-2022 14:20,59.9,2.6,2.4,2.8,SE,6682,6798,6782
04-09-2022 14:20,59.9,2.4,2.2,2.8,SE,6697,6808,6796
04-09-2022 14:21,59.9,2.4,2.2,2.8,SE,6683,6785,6772
04-09-2022 14:21,59.9,2.4,2.2,2.8,SE,6678,6788,6768
04-09-2022 14:22,59.9,2.4,2.2,2.8,SE,6675,6780,6764
04-09-2022 14:23,59.9,2.6,2.4,3,SE,6678,6793,6776
04-09-2022 14:23,59.9,2.6,2.4,2.8,SE,6673,6790,6770
04-09-2022 14:24,59.9,2.6,2.4,2.8,SE,6655,6791,6764
04-09-2022 14:24,59.9,2.6,2.4,2.8,SE,6658,6786,6757
04-09-2022 14:25,59.9,2.6,2.4,2.8,SE,6681,6792,6768
04-09-2022 14:25,60,2.8,2.6,2.8,SE,6683,6782,6769
04-09-2022 14:26,59.9,2.6,2.4,2.8,SE,6689,6794,6778
04-09-2022 14:27,59.9,2.6,2.4,2.8,SE,6681,6801,6782
04-09-2022 14:27,59.9,2.6,2.4,2.8,SE,6684,6798,6779
04-09-2022 14:28,60,2.4,2.4,2.8,SE,6680,6803,6787
04-09-2022 14:28,59.9,2.4,2.4,2.8,SE,6678,6789,6773
04-09-2022 14:29,59.9,2.4,2.4,2.8,SE,6686,6801,6784
04-09-2022 14:29,60,2.4,2.4,2.8,SE,6693,6803,6787
04-09-2022 14:30,59.9,2.6,2.4,2.8,SE,6687,6804,6792
04-09-2022 14:30,59.9,2.6,2.4,2.8,SE,6683,6802,6788
04-09-2022 14:31,59.9,2.6,2.4,2.8,SE,6692,6787,6780
04-09-2022 14:31,59.9,2.4,2.4,2.8,SE,6695,6802,6779
04-09-2022 14:32,59.9,2.4,2.4,2.8,SE,6679,6783,6780
04-09-2022 14:32,59.9,2.4,2.2,2.8,SE,6687,6797,6790
04-09-2022 14:33,59.9,2.4,2.4,2.8,SE,6695,6794,6788
04-09-2022 14:33,60,2.4,2.2,2.8,SE,6726,6815,6820
04-09-2022 14:34,60,2.4,2.2,2.8,SE,6732,6836,6825
04-09-2022 14:35,60,2.4,2.2,2.8,SE,6722,6835,6822
04-09-2022 14:35,60,2.4,2.2,2.8,SE,6728,6823,6808
04-09-2022 14:36,59.9,2.4,2.2,2.8,SE,6722,6830,6817
04-09-2022 14:36,59.9,2.4,2.4,3,SE,6681,6817,6803
04-09-2022 14:37,59.9,2.4,2.2,2.8,SE,6691,6803,6797
04-09-2022 14:37,59.9,2.6,2.4,2.8,SE,6686,6804,6787
04-09-2022 14:38,59.9,2.4,2.4,2.8,SE,6679,6802,6773
04-09-2022 14:39,60,2.4,2.4,2.8,SE,6693,6812,6800
04-09-2022 14:39,59.9,2.4,2.4,2.8,SE,6674,6795,6786
04-09-2022 14:40,60,2.6,2.4,2.8,SE,6688,6809,6788
04-09-2022 14:40,59.9,2.6,2.4,3,SE,6673,6803,6782
04-09-2022 14:41,59.9,2.6,2.4,2.8,SE,6679,6809,6788
04-09-2022 14:41,59.9,2.6,2.4,2.8,SE,6698,6812,6797
04-09-2022 14:42,59.9,2.4,2.4,2.8,SE,6692,6806,6787
04-09-2022 14:42,60,2.4,2.4,2.8,SE,6702,6808,6790
04-09-2022 14:43,59.9,2.4,2.4,2.8,SE,6686,6802,6790
04-09-2022 14:43,59.9,2.4,2.4,2.8,SE,6689,6805,6790
04-09-2022 14:44,59.9,2.4,2.4,2.8,SE,6700,6810,6790
04-09-2022 14:44,59.9,2.4,2.4,2.8,SE,6684,6808,6790
04-09-2022 14:45,59.9,2.4,2.2,2.8,SE,6667,6809,6782
04-09-2022 14:45,60,2.4,2.2,2.8,SE,6676,6807,6786
04-09-2022 14:46,59.9,2.4,2.2,2.8,SE,6695,6811,6796
04-09-2022 14:47,59.9,2.4,2.2,2.8,SE,6699,6813,6797
04-09-2022 14:47,59.9,2.4,2.2,2.8,SE,6698,6804,6783
04-09-2022 14:48,60,2.4,2.2,3,SE,6692,6812,6797
04-09-2022 14:48,59.9,2.4,2.4,2.8,SE,6694,6808,6786
04-09-2022 14:49,59.9,2.4,2.2,2.8,SE,6694,6812,6790
04-09-2022 14:49,59.9,2.4,2.2,2.8,SE,6646,6812,6777
04-09-2022 14:50,59.9,2.4,2.2,2.8,SE,6656,6808,6776
04-09-2022 14:51,59.9,2.4,2.4,3,SE,6695,6812,6790
04-09-2022 14:51,59.9,2.4,2.4,3,SE,6690,6816,6797
04-09-2022 14:52,60,2.4,2.4,3,SE,6722,6833,6817
04-09-2022 14:52,59.9,2.4,2.4,3,SE,6708,6831,6817
04-09-2022 14:53,59.9,2.4,2.4,2.8,SE,6703,6827,6812
04-09-2022 14:53,59.9,2.4,2.4,3,SE,6701,6830,6810
04-09-2022 14:54,60,2.4,2.4,3,SE,6721,6839,6820
04-09-2022 14:54,59.9,2.4,2.4,2.8,SE,6709,6809,6789
04-09-2022 14:55,59.9,2.4,2.4,2.8,SE,6708,6820,6796
04-09-2022 14:55,59.9,2.4,2.4,3,SE,6705,6817,6798
04-09-2022 14:56,59.9,2.4,2.4,3,SE,6691,6808,6794
04-09-2022 14:56,59.9,2.4,2.4,3,SE,6692,6805,6787
04-09-2022 14:57,59.9,2.4,2.6,3,SE,6682,6808,6797
04-09-2022 14:57,59.9,2.4,2.6,3,SE,6683,6811,6797
04-09-2022 14:58,59.9,2.4,2.2,2.8,SE,6697,6807,6789
04-09-2022 14:59,59.9,2.4,2.4,2.8,SE,6678,6807,6786
04-09-2022 14:59,59.9,2.4,2.4,2.8,SE,6703,6803,6782
04-09-2022 15:00,59.9,2.2,2.4,2.8,SE,6687,6806,6792
04-09-2022 15:00,59.9,2.4,2.4,2.8,SE,6694,6802,6781
04-09-2022 15:01,59.9,2.4,2.4,3,SE,6670,6797,6770
04-09-2022 15:01,59.9,2.4,2.4,3,SE,6685,6788,6760
04-09-2022 15:02,59.9,2.4,2.4,3,SE,6687,6807,6785
04-09-2022 15:03,59.9,2.6,2.4,3,SE,6702,6830,6810
04-09-2022 15:03,59.9,2.4,2.4,3,SE,6716,6827,6803
04-09-2022 15:04,59.9,2.4,2.4,2.8,SE,6733,6827,6805
04-09-2022 15:04,59.9,2.4,2.4,2.8,SE,6719,6819,6802
04-09-2022 15:05,59.9,2.4,2.4,2.8,SE,6703,6823,6798
04-09-2022 15:05,59.9,2.4,2.4,2.8,SE,6692,6803,6785
04-09-2022 15:06,59.9,2.4,2.4,2.8,SE,6691,6806,6784
04-09-2022 15:06,60,2.4,2.4,2.8,SE,6699,6813,6789
04-09-2022 15:07,59.9,2.4,2.4,2.8,SE,6688,6804,6792
04-09-2022 15:07,59.9,2.4,2.4,2.8,SE,6689,6802,6782
04-09-2022 15:08,59.9,3,2.8,3.2,SE,6696,6806,6793
04-09-2022 15:08,59.9,2.6,2.4,3,SE,6703,6800,6782
04-09-2022 15:09,59.9,2.4,2.4,2.8,SE,6683,6799,6782
04-09-2022 15:09,60,2.4,2.4,2.8,SE,6689,6807,6789
04-09-2022 15:10,60,2.4,2.4,2.8,SE,6698,6809,6793
04-09-2022 15:11,59.9,2.4,2.4,2.8,SE,6701,6805,6787
04-09-2022 15:11,59.9,2.4,2.2,2.8,SE,6705,6818,6796
04-09-2022 15:12,59.9,2.4,2.4,2.8,SE,6689,6803,6783
04-09-2022 15:12,59.9,2.4,2.4,2.8,SE,6688,6786,6771
04-09-2022 15:13,59.9,2.4,2.2,2.8,SE,6685,6791,6775
04-09-2022 15:14,60,2.4,2.4,2.8,SE,6697,6808,6794
04-09-2022 15:14,59.9,2.4,2.4,2.8,SE,6686,6804,6791
04-09-2022 15:15,59.9,2.4,2.2,2.8,SE,6698,6805,6793
04-09-2022 15:15,59.9,2.4,2.4,2.8,SE,6690,6792,6781
04-09-2022 15:16,59.9,2.4,2.4,2.8,SE,6694,6797,6781
04-09-2022 15:16,60,2.6,2.4,2.8,SE,6689,6795,6784
04-09-2022 15:17,59.9,2.4,2.4,2.8,SE,6678,6796,6781
04-09-2022 15:17,60,2.6,2.4,2.8,SE,6682,6799,6786
04-09-2022 15:18,59.9,2.6,2.4,2.8,SE,6688,6798,6785
04-09-2022 15:18,59.9,2.4,2.4,2.8,SE,6691,6798,6786
04-09-2022 15:19,60,2.6,2.4,2.8,SE,6693,6798,6787
04-09-2022 15:19,59.9,2.6,2.4,2.8,SE,6696,6796,6786
04-09-2022 15:20,60,2.6,2.4,2.8,SE,6700,6793,6781
04-09-2022 15:20,60,2.6,2.4,2.8,SE,6706,6793,6783
04-09-2022 15:21,59.9,2.6,2.4,2.8,SE,6738,6842,6825
04-09-2022 15:21,59.9,2.6,2.4,2.8,SE,6736,6844,6828
04-09-2022 15:22,59.9,2.8,2.6,2.8,SE,6699,6821,6806
04-09-2022 15:23,59.9,2.8,2.6,2.8,SE,6716,6823,6810
04-09-2022 15:23,59.9,2.6,2.4,2.8,SE,6719,6823,6805
04-09-2022 15:24,60,2.6,2.4,2.8,SE,6717,6826,6809
04-09-2022 15:24,60,2.4,2.2,2.8,SE,6737,6848,6831
04-09-2022 15:25,59.9,2.4,2.2,2.8,SE,6731,6845,6826
04-09-2022 15:26,60,2.4,2.2,2.8,SE,6709,6813,6799
04-09-2022 15:26,60,2.4,2.2,2.8,SE,6706,6822,6809
04-09-2022 15:27,59.9,2.4,2.2,2.8,SE,6725,6829,6817
04-09-2022 15:28,60,2.4,2.2,2.8,SE,6718,6812,6807
04-09-2022 15:29,59.9,2.4,2.2,2.8,SE,6717,6821,6807
04-09-2022 15:29,59.9,2.4,2.2,2.8,SE,6716,6821,6806
04-09-2022 15:30,60,2.4,2.2,2.8,SE,6730,6850,6836
04-09-2022 15:30,60,2.4,2.4,2.8,SE,6728,6851,6836
04-09-2022 15:31,59.9,2.4,2.4,2.8,SE,6739,6851,6839
04-09-2022 15:31,59.9,2.4,2.2,2.8,SE,6742,6848,6835
04-09-2022 15:32,59.9,2.6,2.4,2.8,SE,6741,6845,6836
04-09-2022 15:32,59.9,2.6,2.4,2.8,SE,6736,6850,6836
04-09-2022 15:33,59.9,2.4,2.4,2.8,SE,6723,6838,6826
04-09-2022 15:33,60,2.4,2.4,2.8,SE,6739,6847,6835
04-09-2022 15:34,59.9,2.4,2.4,2.8,SE,6737,6851,6832
04-09-2022 15:35,60,2.4,2.4,2.8,SE,6745,6846,6836
04-09-2022 15:36,59.9,2.4,2.4,2.8,SE,6743,6856,6846
04-09-2022 15:36,60,2.2,2.4,2.8,SE,6743,6857,6844
04-09-2022 15:37,60,2.2,2.4,2.8,SE,6748,6858,6845
04-09-2022 15:38,60,2.2,2.2,2.8,SE,6751,6858,6848
04-09-2022 15:38,59.9,2.2,2.2,2.8,SE,6747,6857,6848
04-09-2022 15:39,59.9,2.2,2.2,2.8,SE,6759,6849,6832
04-09-2022 15:39,59.9,2.2,2.2,2.8,SE,6746,6862,6850
04-09-2022 15:40,59.9,2.2,2.2,2.8,SE,6739,6857,6845
04-09-2022 15:40,60,2.2,2.2,2.8,SE,6736,6857,6842
04-09-2022 15:41,59.9,2.2,2.2,2.8,SE,6742,6855,6839
04-09-2022 15:41,59.9,2.2,2.2,2.8,SE,6755,6855,6836
04-09-2022 15:42,59.9,2.2,2.2,2.8,SE,6726,6842,6822
04-09-2022 15:43,59.9,2.2,2.2,2.8,SE,6747,6843,6832
04-09-2022 15:44,60,2.2,2.2,2.8,SE,6732,6857,6838
04-09-2022 15:44,60,2.2,2.2,2.8,SE,6744,6841,6829
04-09-2022 15:45,60,2.2,2.2,2.8,SE,6757,6851,6836
04-09-2022 15:46,59.9,2.2,2.2,2.8,SE,6739,6858,6840
04-09-2022 15:47,59.9,2.2,2.2,2.8,SE,6733,6856,6839
04-09-2022 15:47,59.9,2.2,2.2,2.8,SE,6711,6851,6826
04-09-2022 15:48,60,2.2,2.2,2.8,SE,6732,6856,6835
04-09-2022 15:49,60,2.4,2.2,3,SE,6749,6862,6841
04-09-2022 15:50,60,2.4,2.4,3,SE,6747,6864,6848
04-09-2022 15:50,60,2.2,2.2,2.8,SE,6758,6869,6856
04-09-2022 15:51,60,2.4,2.2,2.8,SE,6757,6871,6857
04-09-2022 15:51,60,2.2,2.2,2.8,SE,6763,6862,6849
04-09-2022 15:52,60,2.2,2.2,2.8,SE,6733,6871,6855
04-09-2022 15:52,60,2.2,2.2,2.8,SE,6748,6876,6863
04-09-2022 15:53,60,2.2,2.2,2.8,SE,6744,6869,6854
04-09-2022 15:53,59.9,2.2,2.2,2.8,SE,6734,6867,6846
04-09-2022 15:54,59.8,2.2,2.2,2.8,SE,6730,6859,6844
04-09-2022 15:54,59.9,2.2,2.2,2.8,SE,6727,6854,6835
04-09-2022 15:55,59.9,2.2,2.2,3,SE,6712,6851,6834
04-09-2022 15:55,59.9,2.2,2.2,3,SE,6723,6855,6840
04-09-2022 15:56,59.9,2.8,2.6,3.4,SE,6719,6846,6832
04-09-2022 15:56,59.9,2.4,2.4,3,SE,6726,6848,6840
04-09-2022 15:57,59.9,2.4,2.4,3,SE,6740,6848,6836
04-09-2022 15:58,59.9,2.4,2.4,3,SE,6726,6839,6820
04-09-2022 15:58,59.9,2.2,2.4,3,SE,6723,6849,6832
04-09-2022 15:59,59.9,2.2,2.4,3,SE,6719,6851,6832
04-09-2022 15:59,59.9,2.2,2.4,2.8,SE,6735,6838,6824
04-09-2022 16:00,60,2.2,2.4,2.8,SE,6728,6839,6826
04-09-2022 16:00,59.9,2.2,2.4,2.8,SE,6735,6843,6830
04-09-2022 16:01,59.9,2.4,2.4,2.8,SE,6729,6843,6828
04-09-2022 16:02,59.9,2.4,2.4,2.8,SE,6725,6856,6838
04-09-2022 16:02,59.9,2.4,2.4,2.8,SE,6716,6847,6831
04-09-2022 16:03,60,2.4,2.4,2.8,SE,6740,6838,6825
04-09-2022 16:03,60,2.4,2.4,2.8,SE,6738,6827,6812
04-09-2022 16:04,60,2.2,2.2,2.8,SE,6739,6833,6823
04-09-2022 16:04,60,2.2,2.2,2.8,SE,6738,6847,6835
04-09-2022 16:05,60,2.2,2.4,3,SE,6734,6852,6833
04-09-2022 16:05,59.9,2.2,2.2,2.8,SE,6729,6851,6827
04-09-2022 16:06,60,2.2,2.4,2.8,SE,6731,6840,6828
04-09-2022 16:06,60,2.2,2.4,2.8,SE,6724,6808,6803
04-09-2022 16:07,59.9,2.2,2.4,2.8,SE,6721,6827,6813
04-09-2022 16:07,59.9,2.2,2.4,2.8,SE,6714,6809,6795
04-09-2022 16:08,59.9,2.2,2.4,2.8,SE,6721,6807,6798
04-09-2022 16:08,59.9,2.2,2.4,2.8,SE,6719,6826,6812
04-09-2022 16:09,59.9,2.4,2.4,2.8,SE,6712,6819,6809
04-09-2022 16:10,59.9,2.4,2.4,2.8,SE,6716,6826,6817
04-09-2022 16:10,59.9,2.4,2.4,2.8,SE,6708,6809,6807
04-09-2022 16:11,59.9,2.4,2.4,2.8,SE,6713,6811,6808
04-09-2022 16:11,59.9,2.4,2.4,2.8,SE,6718,6812,6808
04-09-2022 16:12,59.9,2.4,2.4,2.8,SE,6717,6832,6823
04-09-2022 16:12,59.9,2.2,2.4,2.8,SE,6724,6832,6821
04-09-2022 16:13,59.9,2.2,2.4,2.8,SE,6721,6828,6819
04-09-2022 16:14,59.9,2.2,2.4,2.8,SE,6719,6822,6813
04-09-2022 16:15,59.9,2.2,2.4,2.8,SE,6724,6833,6823
04-09-2022 16:15,59.9,2.2,2.4,2.8,SE,6725,6835,6827
04-09-2022 16:16,60,2.2,2.2,2.8,SE,6729,6844,6830
04-09-2022 16:16,59.9,2.2,2.2,2.8,SE,6733,6834,6824
04-09-2022 16:17,59.9,2.2,2.2,2.8,SE,6706,6836,6817
04-09-2022 16:17,59.9,2.2,2.2,2.8,SE,6723,6834,6821
04-09-2022 16:18,60,2.4,2.2,2.8,SE,6717,6828,6820
04-09-2022 16:18,59.9,2.4,2.2,2.8,SE,6718,6832,6821
04-09-2022 16:19,60,2.6,2.2,2.8,SE,6718,6828,6824
04-09-2022 16:20,60,2.8,2.2,2.8,SE,6729,6827,6814
04-09-2022 16:20,59.9,2.8,2.2,2.8,SE,6707,6821,6811
04-09-2022 16:21,60,2.4,2.4,2.8,SE,6707,6832,6821
04-09-2022 16:22,60,2.4,2.4,2.8,SE,6708,6829,6819
04-09-2022 16:22,59.9,2.2,2.4,3,SE,6727,6835,6825
04-09-2022 16:23,60,2.2,2.2,2.8,SE,6723,6839,6827
04-09-2022 16:24,60,2.2,2.2,2.8,SE,6725,6833,6826
04-09-2022 16:24,60,2.2,2.2,2.8,SE,6712,6824,6814
04-09-2022 16:25,60,2.2,2.2,2.8,SE,6712,6833,6816
04-09-2022 16:26,59.9,2.2,2.2,2.8,SE,6717,6835,6825
04-09-2022 16:26,59.9,2.2,2.2,2.8,SE,6706,6832,6821
04-09-2022 16:27,60,2.2,2.4,2.8,SE,6690,6805,6804
04-09-2022 16:27,60,2.2,2.2,2.8,SE,6702,6806,6804
04-09-2022 16:28,59.9,2.2,2.2,2.8,SE,6710,6822,6806
04-09-2022 16:28,59.9,2.2,2.2,2.8,SE,6679,6814,6797
04-09-2022 16:29,59.9,2.2,2.2,2.8,SE,6699,6811,6792
04-09-2022 16:29,59.9,2.2,2.2,2.8,SE,6693,6816,6803
04-09-2022 16:30,60,2.2,2.2,2.8,SE,6691,6823,6812
04-09-2022 16:30,59.9,2.4,2.2,2.8,SE,6680,6818,6805
04-09-2022 16:31,60,2.4,2.2,2.8,SE,6689,6796,6789
04-09-2022 16:31,59.9,2.4,2.2,2.8,SE,6685,6808,6795
04-09-2022 16:32,60,2.4,2.2,2.8,SE,6698,6805,6791
04-09-2022 16:32,59.9,2.4,2.2,2.8,SE,6693,6809,6795
04-09-2022 16:33,59.9,2.2,2.2,2.8,SE,6687,6809,6794
04-09-2022 16:34,60,2.2,2.4,2.8,SE,6688,6811,6793
04-09-2022 16:34,59.9,2.2,2.4,2.8,SE,6674,6783,6770
04-09-2022 16:35,59.9,2.2,2.4,2.8,SE,6686,6791,6778
04-09-2022 16:35,59.9,2.2,2.4,2.8,SE,6662,6796,6787
04-09-2022 16:36,59.9,2.2,2.4,2.8,SE,6663,6793,6783
04-09-2022 16:36,59.9,2.2,2.4,2.8,SE,6675,6797,6790
04-09-2022 16:37,60,2.2,2.4,2.8,SE,6693,6801,6798
04-09-2022 16:38,60,2.2,2.4,2.8,SE,6680,6785,6782
04-09-2022 16:38,60,2.2,2.6,2.8,SE,6689,6802,6792
04-09-2022 16:39,59.9,2.2,2.4,2.8,SE,6692,6817,6807
04-09-2022 16:39,59.9,2.2,2.4,2.8,SE,6693,6820,6805
04-09-2022 16:40,60,2.2,2.4,2.8,SE,6706,6816,6807
04-09-2022 16:40,59.9,2.2,2.4,2.8,SE,6698,6818,6811
04-09-2022 16:41,59.8,2.4,2.4,2.8,SE,6670,6795,6788
04-09-2022 16:41,59.9,2.4,2.4,2.8,SE,6641,6788,6771
04-09-2022 16:42,59.9,2.4,2.2,2.8,SE,6690,6797,6789
04-09-2022 16:42,59.9,2.4,2.2,2.8,SE,6702,6787,6782
04-09-2022 16:43,59.9,2.4,2.2,2.8,SE,6691,6801,6791
04-09-2022 16:43,59.9,2.4,2.2,2.8,SE,6689,6808,6801
04-09-2022 16:44,59.9,2.4,2.4,2.8,SE,6670,6804,6790
04-09-2022 16:44,59.9,2.2,2.2,2.8,SE,6674,6807,6793
04-09-2022 16:45,59.9,2.2,2.4,2.8,SE,6696,6815,6808
04-09-2022 16:46,60,2.2,2.4,2.8,SE,6679,6806,6803
04-09-2022 16:46,60,2.4,2.4,2.8,SE,6688,6808,6796
04-09-2022 16:47,60,2.4,2.4,2.8,SE,6690,6798,6783
04-09-2022 16:47,59.9,2.4,2.4,2.8,SE,6680,6815,6801
04-09-2022 16:48,60,2.4,2.4,2.8,SE,6670,6804,6789
04-09-2022 16:48,60,2.4,2.4,2.8,SE,6693,6796,6790
04-09-2022 16:49,60,2.4,2.4,3,SE,6684,6806,6792
04-09-2022 16:50,60,2.4,2.4,3,SE,6662,6804,6785
04-09-2022 16:50,59.9,2.4,2.4,3,SE,6665,6801,6782
04-09-2022 16:51,59.8,2.4,2.4,3,SE,6679,6801,6783
04-09-2022 16:51,59.9,2.4,2.4,3,SE,6663,6796,6780
04-09-2022 16:52,60,2.4,2.4,2.8,SE,6679,6797,6789
04-09-2022 16:52,60,2.2,2.4,2.8,SE,6679,6798,6786
04-09-2022 16:53,59.9,2.2,2.4,2.8,SE,6681,6799,6784
04-09-2022 16:53,60,2.2,2.4,2.8,SE,6699,6812,6802
04-09-2022 16:54,60,2.4,2.4,2.8,SE,6699,6819,6807
04-09-2022 16:54,60,2.4,2.4,2.8,SE,6691,6821,6806
04-09-2022 16:55,60,2.4,2.4,2.8,SE,6697,6820,6807
04-09-2022 16:55,60,2.4,2.4,2.8,SE,6691,6816,6800
04-09-2022 16:56,59.9,2.2,2.4,2.8,SE,6675,6804,6788
04-09-2022 16:56,59.8,2.2,2.6,2.8,SE,6684,6801,6785
04-09-2022 16:57,59.9,2.2,2.2,2.8,SE,6654,6785,6771
04-09-2022 16:58,59.9,2.2,2.4,2.8,SE,6654,6777,6762
04-09-2022 16:58,59.9,2.4,2.2,2.8,SE,6643,6795,6777
04-09-2022 16:59,59.9,2.4,2.2,2.8,SE,6662,6795,6788
04-09-2022 16:59,60,2.4,2.2,2.8,SE,6667,6794,6782
04-09-2022 17:00,60,2.4,2.2,2.8,SE,6677,6802,6786
04-09-2022 17:00,59.9,2.4,2.4,3,SE,6688,6807,6763
04-09-2022 17:01,59.9,2.4,2.4,2.8,SE,6670,6797,6776
04-09-2022 17:02,60,2.2,2.4,2.8,SE,6674,6801,6778
04-09-2022 17:02,60,2.4,2.4,2.8,SE,6664,6792,6772
04-09-2022 17:03,59.9,2.2,2.4,2.8,SE,6678,6788,6771
04-09-2022 17:03,60,2.2,2.4,2.8,SE,6677,6791,6774
04-09-2022 17:04,60,2.2,2.4,2.8,SE,6688,6804,6785
04-09-2022 17:04,60,2.4,2.4,3,SE,6691,6807,6787
04-09-2022 17:05,60,2.4,2.4,2.8,SE,6678,6797,6782
04-09-2022 17:05,60,2.4,2.4,2.8,SE,6677,6787,6772
04-09-2022 17:06,59.9,2.4,2.4,2.8,SE,6671,6785,6773
04-09-2022 17:06,59.9,2.4,2.4,2.8,SE,6669,6773,6758
04-09-2022 17:07,60,2.2,2.4,2.8,SE,6658,6791,6774
04-09-2022 17:07,59.9,2.2,2.2,2.8,SE,6665,6799,6777
04-09-2022 17:08,59.9,2.4,2.2,2.8,SE,6660,6786,6762
04-09-2022 17:08,59.9,2.4,2.2,2.8,SE,6672,6794,6765
04-09-2022 17:09,60,2.4,2.2,2.8,SE,6693,6823,6791
04-09-2022 17:10,59.9,2.2,2.2,2.8,SE,6696,6804,6781
04-09-2022 17:10,60,2.4,2.2,2.8,SE,6693,6811,6787
04-09-2022 17:11,60,2.4,2.2,2.8,SE,6692,6810,6787
04-09-2022 17:12,59.9,2.4,2.4,2.8,SE,6664,6790,6771
04-09-2022 17:12,60,2.4,2.4,2.8,SE,6674,6791,6775
04-09-2022 17:13,59.9,2.4,2.4,2.8,SE,6676,6781,6764
04-09-2022 17:14,59.9,2.4,2.4,2.8,SE,6659,6781,6767
04-09-2022 17:14,60,2.4,2.4,2.8,SE,6667,6773,6754
04-09-2022 17:15,59.9,2.4,2.4,2.8,SE,6665,6779,6756
04-09-2022 17:15,59.9,2.4,2.4,2.8,SE,6674,6786,6765
04-09-2022 17:16,59.9,2.4,2.4,2.8,SE,6675,6795,6774
04-09-2022 17:16,59.9,2.4,2.4,2.8,SE,6680,6789,6776
04-09-2022 17:17,59.9,2.6,2.4,2.8,SE,6676,6780,6757
04-09-2022 17:17,59.9,2.6,2.4,2.8,SE,6676,6790,6762
04-09-2022 17:18,59.9,2.6,2.4,2.8,SE,6658,6789,6768
04-09-2022 17:18,59.9,2.6,2.4,2.8,SE,6664,6791,6767
04-09-2022 17:19,59.9,2.6,2.4,2.8,SE,6656,6788,6765
04-09-2022 17:19,60,2.4,2.6,3,SE,6670,6789,6767
04-09-2022 17:20,59.9,2.2,2.6,3,SE,6682,6794,6766
04-09-2022 17:20,59.9,2.2,2.4,3,SE,6667,6787,6755
04-09-2022 17:21,59.9,2.2,2.4,3,SE,6664,6792,6768
04-09-2022 17:22,59.9,2.2,2.4,3,SE,6639,6784,6757
04-09-2022 17:22,59.9,2.4,2.4,3,SE,6674,6789,6761
04-09-2022 17:23,59.9,2.4,2.4,3,SE,6673,6785,6759
04-09-2022 17:23,59.9,2.6,2.4,2.8,SE,6659,6780,6761
04-09-2022 17:24,59.9,2.4,2.4,2.8,SE,6672,6795,6777
04-09-2022 17:25,60,2.4,2.4,2.8,SE,6671,6790,6767
04-09-2022 17:25,59.9,2.2,2.2,2.8,SE,6676,6783,6759
04-09-2022 17:26,59.8,2.2,2.2,2.8,SE,6675,6775,6753
04-09-2022 17:26,59.9,2.2,2.2,2.8,SE,6674,6774,6757
04-09-2022 17:27,59.9,2.2,2.4,2.8,SE,6663,6780,6759
04-09-2022 17:28,60,2.2,2.4,2.8,SE,6674,6789,6765
04-09-2022 17:28,59.9,2.2,2.4,2.8,SE,6665,6787,6766
04-09-2022 17:29,59.9,2.4,2.4,2.8,SE,6676,6787,6767
04-09-2022 17:30,59.9,2.4,2.4,2.8,SE,6670,6786,6767
04-09-2022 17:30,59.9,2.4,2.4,2.8,SE,6671,6781,6760
04-09-2022 17:31,59.9,2.4,2.4,2.8,SE,6667,6790,6769
04-09-2022 17:31,59.9,2.2,2.4,2.8,SE,6682,6808,6790
04-09-2022 17:32,60,2.4,2.4,2.8,SE,6690,6813,6791
04-09-2022 17:32,60,2.4,2.4,2.8,SE,6695,6806,6785
04-09-2022 17:33,59.9,2.4,2.4,2.8,SE,6693,6812,6793
04-09-2022 17:34,60,2.4,2.2,2.8,SE,6691,6808,6787
04-09-2022 17:34,60,2.4,2.2,2.8,SE,6698,6799,6781
04-09-2022 17:35,59.9,2.2,2.2,2.8,SE,6694,6791,6775
04-09-2022 17:35,59.9,2.2,2.2,2.8,SE,6675,6805,6788
04-09-2022 17:36,59.9,2.2,2.2,2.8,SE,6667,6801,6783
04-09-2022 17:37,59.9,2.2,2.2,2.8,SE,6682,6801,6783
04-09-2022 17:37,59.9,2.2,2.2,2.8,SE,6674,6800,6784
04-09-2022 17:38,59.9,2.2,2.2,2.8,SE,6698,6786,6768
04-09-2022 17:38,60,2.2,2.2,2.8,SE,6693,6807,6785
04-09-2022 17:39,60,2.2,2.2,2.8,SE,6639,6784,6752
04-09-2022 17:39,59.9,2.2,2.2,2.8,SE,6654,6794,6762
04-09-2022 17:40,60,2.2,2.2,2.8,SE,6642,6790,6762
04-09-2022 17:40,59.9,2.2,2.4,2.8,SE,6637,6765,6741
04-09-2022 17:41,60,2.2,2.4,2.8,SE,6660,6784,6761
04-09-2022 17:41,59.9,2.2,2.4,2.8,SE,6669,6787,6766
04-09-2022 17:42,59.9,2.2,2.4,2.8,SE,6649,6783,6755
04-09-2022 17:42,60,2.2,2.2,2.8,SE,6691,6810,6784
04-09-2022 17:43,60,2.2,2.4,2.8,SE,6663,6787,6765
04-09-2022 17:43,59.9,2.4,2.2,3,SE,6649,6780,6756
04-09-2022 17:44,60,2.4,2.4,3,SE,6654,6780,6748
04-09-2022 17:45,60,2.4,2.4,3,SE,6636,6786,6752
04-09-2022 17:46,59.9,2.2,2.2,2.8,SE,6665,6778,6749
04-09-2022 17:47,60,2.2,2.2,2.8,SE,6671,6797,6771
04-09-2022 17:47,60,2.2,2.2,2.8,SE,6668,6789,6759
04-09-2022 17:48,60,2.2,2.2,2.8,SE,6656,6783,6755
04-09-2022 17:49,59.9,2.2,2.2,2.8,SE,6660,6790,6764
04-09-2022 17:49,59.9,2.2,2.2,2.8,SE,6652,6778,6749
04-09-2022 17:50,60,2.2,2.2,2.8,SE,6679,6803,6780
04-09-2022 17:50,60,2.2,2.2,2.8,SE,6673,6803,6776
04-09-2022 17:51,59.9,2.4,2.4,3,SE,6671,6810,6784
04-09-2022 17:52,59.9,2.2,2.4,2.8,SE,6669,6796,6769
04-09-2022 17:52,59.9,2.2,2.4,2.8,SE,6678,6781,6755
04-09-2022 17:53,59.9,2.2,2.4,2.8,SE,6648,6787,6756
04-09-2022 17:53,60,2.2,2.2,2.8,SE,6668,6780,6757
04-09-2022 17:54,59.9,2.2,2.4,2.8,SE,6636,6783,6756
04-09-2022 17:54,59.9,2.2,2.4,2.8,SE,6644,6772,6744
04-09-2022 17:55,59.9,2.2,2.4,2.8,SE,6645,6764,6745
04-09-2022 17:55,60,2.2,2.4,2.8,SE,6675,6757,6737
04-09-2022 17:56,59.9,2.2,2.4,2.8,SE,6639,6773,6764
04-09-2022 17:57,59.9,2.2,2.4,2.8,SE,6647,6767,6753
04-09-2022 17:57,59.9,2.2,2.2,2.8,SE,6667,6773,6753
04-09-2022 17:58,60,2.2,2.4,2.8,SE,6658,6774,6758
04-09-2022 17:58,59.9,2.2,2.4,2.8,SE,6657,6762,6749
04-09-2022 17:59,60,2.2,2.4,2.8,SE,6645,6772,6749
04-09-2022 17:59,60,2.2,2.2,2.8,SE,6669,6757,6734
04-09-2022 18:00,59.9,2.2,2.2,2.8,SE,6640,6760,6739
04-09-2022 18:01,60,2.2,2.2,2.8,SE,6645,6778,6756
04-09-2022 18:01,59.9,2.2,2.2,2.8,SE,6659,6773,6747
04-09-2022 18:02,60,2,2.2,2.8,SE,6650,6767,6748
04-09-2022 18:02,59.9,2,2.2,2.8,SE,6654,6767,6749
04-09-2022 18:03,59.9,2.2,2,2.8,SE,6666,6775,6758
04-09-2022 18:03,60,2.2,2.2,2.8,SE,6673,6764,6742
04-09-2022 18:04,60,2.4,2,2.8,SE,6664,6776,6765
04-09-2022 18:04,59.9,2.4,2,2.8,SE,6666,6776,6766
04-09-2022 18:05,60,2.4,2,2.8,SE,6671,6792,6784
04-09-2022 18:05,59.9,2.4,2.2,2.8,SE,6667,6783,6776
04-09-2022 18:06,60,2.4,2,2.8,SE,6678,6788,6779
04-09-2022 18:06,60,2.4,2,2.8,SE,6677,6803,6791
04-09-2022 18:07,59.9,2.4,2,3,SE,6682,6794,6782
04-09-2022 18:07,59.8,2.4,2,3,SE,6651,6768,6757
04-09-2022 18:08,59.9,2.4,2,3,SE,6649,6754,6744
04-09-2022 18:09,60,2.4,2.2,3,SE,6658,6776,6762
04-09-2022 18:09,59.9,2.4,2,3,SE,6649,6763,6753
04-09-2022 18:10,60,2.4,2.2,3,SE,6655,6758,6737
04-09-2022 18:10,59.9,2.4,2.2,3,SE,6648,6756,6741
04-09-2022 18:11,60,2.4,2.2,3,SE,6650,6768,6751
04-09-2022 18:11,60,2.4,2.2,3,SE,6645,6770,6761
04-09-2022 18:12,60,2.4,2.2,3,SE,6649,6762,6754
04-09-2022 18:13,60,2.4,2,3,SE,6636,6771,6756
04-09-2022 18:13,59.9,2.4,2,3,SE,6653,6772,6756
04-09-2022 18:14,60,2.4,2,3,SE,6636,6763,6748
04-09-2022 18:14,60,2.4,2,3,SE,6659,6774,6757
04-09-2022 18:15,60,2.6,2,3,SE,6651,6772,6757
04-09-2022 18:15,60,2.4,2,3,SE,6653,6770,6753
04-09-2022 18:16,60,2.6,2,3,SE,6653,6761,6749
04-09-2022 18:16,60,2.6,2,3,SE,6658,6759,6744
04-09-2022 18:17,60,2.6,2,3,SE,6649,6771,6755
04-09-2022 18:18,60,2.4,2.2,3,SE,6657,6788,6774
04-09-2022 18:18,59.9,2.6,2.2,3,SE,6663,6780,6765
04-09-2022 18:19,59.9,2.6,2.2,3,SE,6657,6782,6766
04-09-2022 18:19,59.9,2.6,2.2,3,SE,6655,6777,6752
04-09-2022 18:20,59.9,2.6,2,3.2,SE,6606,6766,6733
04-09-2022 18:21,60,2.6,2.2,3.2,SE,6631,6772,6757
04-09-2022 18:21,60,2.6,2,3,SE,6633,6763,6749
04-09-2022 18:22,60,2.8,2,3,SE,6651,6759,6744
04-09-2022 18:22,60,2.8,2.2,3,SE,6642,6765,6746
04-09-2022 18:23,60,2.8,2.2,3,SE,6643,6770,6752
04-09-2022 18:23,60,2.8,2.2,3,SE,6636,6775,6757
04-09-2022 18:24,59.9,2.8,2.2,3,SE,6630,6763,6744
04-09-2022 18:25,59.9,2.6,2,3,SE,6637,6762,6745
04-09-2022 18:25,60,2.6,2,3,SE,6625,6757,6741
04-09-2022 18:26,60,2.6,2,3,SE,6631,6759,6746
04-09-2022 18:26,60,2.6,2,3,SE,6620,6765,6742
04-09-2022 18:27,59.9,2.6,2,3,SE,6630,6745,6725
04-09-2022 18:27,60,2.6,2,3,SE,6647,6752,6744
04-09-2022 18:28,60,3,2,3,SE,6635,6750,6737
04-09-2022 18:28,60,2.6,2,3,SE,6632,6748,6734
04-09-2022 18:29,60,2.6,2,3,SE,6624,6757,6740
04-09-2022 18:29,60,2.6,2,3,SE,6610,6751,6733
04-09-2022 18:30,59.9,2.6,2,3,SE,6613,6743,6718
04-09-2022 18:30,60,2.6,2,3,SE,6618,6752,6729
04-09-2022 18:31,59.9,2.6,2,3,SE,6633,6716,6706
04-09-2022 18:31,59.9,2.6,2,3,SE,6623,6754,6736
04-09-2022 18:32,59.9,2.4,2,3,SE,6699,6826,6815
04-09-2022 18:33,59.9,2.6,2,3,SE,6684,6817,6803
04-09-2022 18:34,60,2.6,2,3,SE,6698,6824,6810
04-09-2022 18:34,59.9,2.6,2.2,3,SE,6692,6816,6802
04-09-2022 18:35,59.9,2.6,2,3,SE,6682,6811,6806
04-09-2022 18:36,60,2.6,2,3,SE,6716,6834,6830
04-09-2022 18:37,60,2.6,2,3.2,SE,6686,6813,6810
04-09-2022 18:37,60,2.6,2,3.2,SE,6696,6815,6808
04-09-2022 18:38,59.9,2.6,2,3.2,SE,6703,6821,6810
04-09-2022 18:38,60,2.6,2,3.2,SE,6680,6800,6794
04-09-2022 18:39,60,2.6,2,3.2,SE,6714,6826,6820
04-09-2022 18:39,60,2.6,2,3.2,SE,6700,6821,6809
04-09-2022 18:40,60,2.6,2,3,SE,6699,6810,6803
04-09-2022 18:40,59.9,2.6,2,3,SE,6692,6807,6802
04-09-2022 18:41,59.9,2.6,2,3,SE,6673,6821,6800
04-09-2022 18:41,59.9,2.6,2,3,SE,6666,6822,6795
04-09-2022 18:42,60,2.6,2,3,SE,6708,6819,6811
04-09-2022 18:42,59.9,2.6,2,3,SE,6721,6838,6826
04-09-2022 18:43,59.9,2.6,2,3,SE,6721,6846,6835
04-09-2022 18:43,60,2.6,2,3,SE,6724,6841,6828
04-09-2022 18:44,60,2.6,2,3,SE,6726,6848,6836
04-09-2022 18:45,60.1,2.6,2,3,SE,6725,6852,6837
04-09-2022 18:45,60,2.6,2,3,SE,6724,6851,6838
04-09-2022 18:46,60.1,2.6,2,3,SE,6732,6853,6840
04-09-2022 18:46,60.1,2.6,2,3.2,SE,6727,6855,6837
04-09-2022 18:47,60.1,2.6,2,3.2,SE,6726,6855,6837
04-09-2022 18:47,60.1,2.6,2,3,SE,6729,6849,6835
04-09-2022 18:48,60,2.4,2,3.2,SE,6717,6849,6835
04-09-2022 18:49,60,2.4,2,3.2,SE,6713,6853,6833
04-09-2022 18:49,60,2.4,2.2,3.2,SE,6709,6854,6825
04-09-2022 18:50,60,2.6,2.2,3.2,SE,6694,6834,6806
04-09-2022 18:51,59.9,2.6,2,3,SE,6696,6823,6809
04-09-2022 18:51,59.9,2.4,2,3,SE,6697,6826,6809
04-09-2022 18:52,59.9,2.6,2,3,SE,6692,6829,6805
04-09-2022 18:52,59.9,2.6,2,3,SE,6699,6819,6805
04-09-2022 18:53,59.9,2.4,2,3,SE,6704,6849,6824
04-09-2022 18:53,59.9,2.4,2,3,SE,6691,6830,6799
04-09-2022 18:54,59.9,2.4,2,3,SE,6690,6822,6801
04-09-2022 18:54,59.9,2.4,2,3.2,SE,6696,6832,6812
04-09-2022 18:55,60,2.4,2,3.2,SE,6699,6832,6815
04-09-2022 18:56,59.9,2.4,2,3,SE,6703,6838,6817
04-09-2022 18:57,59.8,2.4,2,3,SE,6695,6827,6805
04-09-2022 18:57,59.9,2.4,2,3,SE,6695,6825,6808
04-09-2022 18:58,59.9,2.4,2,3,SE,6697,6823,6802
04-09-2022 18:58,59.9,2.6,2,3,SE,6668,6825,6797
04-09-2022 18:59,59.9,2.6,2,3,SE,6682,6830,6805
04-09-2022 18:59,59.9,2.4,2,3,SE,6697,6829,6808
04-09-2022 19:00,59.9,2.4,2,3,SE,6693,6818,6796
04-09-2022 19:01,60,2.4,2,3,SE,6715,6857,6829
04-09-2022 19:01,60,2.4,2,3,SE,6728,6853,6826
04-09-2022 19:02,59.9,2.4,2,3,SE,6713,6850,6824
04-09-2022 19:02,59.9,2.4,2,3,SE,6709,6847,6823
04-09-2022 19:03,59.9,2.4,2,3,SE,6686,6835,6807
04-09-2022 19:03,59.9,2.4,2,3,SE,6698,6837,6811
04-09-2022 19:04,60,2.4,2,3,SE,6717,6840,6819
04-09-2022 19:04,60,2.6,2,3,SE,6706,6835,6814
04-09-2022 19:05,60,2.6,2,3,SE,6704,6834,6811
04-09-2022 19:05,60,2.6,2,3,SE,6713,6835,6809
04-09-2022 19:06,60,2.6,2,3,SE,6705,6836,6817
04-09-2022 19:06,60,2.6,2,3,SE,6709,6838,6822
04-09-2022 19:07,60,2.4,2,3,SE,6701,6826,6814
04-09-2022 19:07,60,2.4,2,3,SE,6710,6824,6807
04-09-2022 19:08,59.9,2.4,2,3,SE,6703,6826,6808
04-09-2022 19:09,59.9,2.4,2,3,SE,6702,6816,6800
04-09-2022 19:09,59.8,2.6,2,3,SE,6681,6820,6802
04-09-2022 19:10,59.9,2.6,2,3,SE,6685,6826,6804
04-09-2022 19:10,59.9,2.6,2,3,SE,6668,6818,6793
04-09-2022 19:11,59.9,2.6,2,3,SE,6681,6814,6799
04-09-2022 19:11,59.9,2.6,2.2,3,SE,6681,6813,6790
04-09-2022 19:12,59.9,2.4,2,3,SE,6689,6823,6802
04-09-2022 19:13,59.9,2.6,2,3,SE,6682,6830,6804
04-09-2022 19:13,59.9,2.6,2,3,SE,6689,6829,6807
04-09-2022 19:14,60,2.6,2,3,SE,6704,6831,6813
04-09-2022 19:14,59.9,2.6,2,3,SE,6697,6831,6811
04-09-2022 19:15,60,2.4,2,3,SE,6687,6831,6808
04-09-2022 19:15,60,2.6,2.2,3.2,SE,6672,6812,6792
04-09-2022 19:16,60,2.4,2.2,3,SE,6694,6834,6811
04-09-2022 19:16,60,2.6,2,3,SE,6713,6841,6819
04-09-2022 19:17,60,2.4,2,3,SE,6740,6861,6839
04-09-2022 19:17,60,2.6,2,3,SE,6735,6861,6837
04-09-2022 19:18,59.9,2.6,2,3,SE,6715,6847,6825
04-09-2022 19:18,59.9,2.6,2,3,SE,6710,6849,6824
04-09-2022 19:19,59.9,2.6,2,3,SE,6701,6836,6815
04-09-2022 19:19,59.9,2.6,2,3,SE,6697,6826,6811
04-09-2022 19:20,59.9,2.6,2,3,SE,6700,6831,6815
04-09-2022 19:21,59.9,2.8,2,3.4,SE,6702,6822,6805
04-09-2022 19:21,59.9,2.8,2,3.4,SE,6701,6828,6806
04-09-2022 19:22,60,2.8,2.2,3.4,SE,6696,6830,6808
04-09-2022 19:22,59.9,2.8,2,3.4,SE,6700,6827,6805
04-09-2022 19:23,60,2.8,2,3.4,SE,6698,6836,6811
04-09-2022 19:24,60,3,2,3.4,SE,6702,6836,6815
04-09-2022 19:24,59.9,2.8,2,3.4,SE,6684,6826,6804
04-09-2022 19:25,60,2.8,2,3.4,SE,6694,6829,6815
04-09-2022 19:25,59.9,2.8,2,3.4,SE,6700,6833,6815
04-09-2022 19:26,60,2.8,2,3.4,SE,6702,6835,6818
04-09-2022 19:26,60,2.8,2,3.4,SE,6712,6832,6818
04-09-2022 19:27,59.9,2.6,2,3,SE,6707,6812,6803
04-09-2022 19:27,59.9,2.6,2,3,SE,6704,6812,6801
04-09-2022 19:28,60,2.6,2,3,SE,6709,6824,6809
04-09-2022 19:28,60,2.6,2,3,SE,6702,6841,6817
04-09-2022 19:29,60,2.4,2,3,SE,6707,6860,6832
04-09-2022 19:29,60,2.6,2,3,SE,6709,6863,6833
04-09-2022 19:30,60,2.4,1.8,3,SE,6720,6852,6835
04-09-2022 19:30,60,2.4,1.8,3,SE,6732,6851,6838
04-09-2022 19:31,59.9,2.6,1.8,3.2,SE,6717,6832,6818
04-09-2022 19:31,59.9,2.6,1.8,3.2,SE,6716,6833,6817
04-09-2022 19:32,59.8,2.6,1.8,3.2,SE,6701,6815,6796
04-09-2022 19:33,59.9,2.6,1.8,3.2,SE,6698,6828,6806
04-09-2022 19:34,59.9,2.6,1.8,3,SE,6710,6837,6816
04-09-2022 19:34,60,2.6,1.8,3,SE,6712,6834,6813
04-09-2022 19:35,60,2.6,1.8,3,SE,6695,6833,6806
04-09-2022 19:36,59.9,2.6,2,3,SE,6706,6819,6805
04-09-2022 19:36,59.9,2.6,2,3,SE,6708,6825,6811
04-09-2022 19:37,59.9,2.4,2,3,SE,6708,6835,6822
04-09-2022 19:37,60,2.6,2,3,SE,6703,6823,6809
04-09-2022 19:38,60,2.6,2,3.2,SE,6708,6814,6804
04-09-2022 19:38,59.9,2.6,2,3.2,SE,6714,6820,6811
04-09-2022 19:39,60,2.6,2,3.2,SE,6702,6822,6803
04-09-2022 19:39,60,2.6,2,3.2,SE,6708,6819,6803
04-09-2022 19:40,60,2.6,2,3.2,SE,6712,6840,6822
04-09-2022 19:40,60,2.6,2,3.2,SE,6708,6843,6825
04-09-2022 19:41,60,2.6,2,3.2,SE,6707,6836,6821
04-09-2022 19:41,59.9,2.6,2,3.2,SE,6693,6818,6802
04-09-2022 19:42,59.8,2.4,1.8,3.2,SE,6685,6822,6802
04-09-2022 19:42,59.9,2.4,1.8,3.2,SE,6687,6827,6802
04-09-2022 19:43,59.9,2.6,1.8,3.2,SE,6710,6832,6807
04-09-2022 19:43,59.9,2.6,1.8,3.2,SE,6707,6836,6816
04-09-2022 19:44,60,2.6,1.8,3.2,SE,6690,6830,6818
04-09-2022 19:45,59.9,2.6,1.8,3.2,SE,6696,6825,6802
04-09-2022 19:45,59.9,2.6,2,3.2,SE,6701,6814,6793
04-09-2022 19:46,59.9,2.6,2,3.2,SE,6706,6818,6800
04-09-2022 19:46,60,2.6,2,3.2,SE,6713,6832,6807
04-09-2022 19:47,60,2.6,2,3.2,SE,6707,6835,6814
04-09-2022 19:48,60,2.6,2,3.2,SE,6711,6822,6804
04-09-2022 19:48,60,2.6,2.2,3.2,SE,6711,6825,6806
04-09-2022 19:49,60,2.4,2,3.2,SE,6691,6835,6818
04-09-2022 19:49,60,2.4,2,3.2,SE,6694,6830,6808
04-09-2022 19:50,59.9,2.4,2,3,SE,6698,6834,6806
04-09-2022 19:50,59.9,2.4,2,3,SE,6676,6822,6797
04-09-2022 19:51,59.9,2.6,2,3,SE,6689,6827,6805
04-09-2022 19:51,59.9,2.6,2,3,SE,6705,6830,6811
04-09-2022 19:52,60,2.6,2,3.2,SE,6708,6857,6844
04-09-2022 19:52,60,2.6,2,3,SE,6714,6856,6843
04-09-2022 19:53,60,2.6,2.2,3.2,SE,6724,6857,6837
04-09-2022 19:53,60,2.4,2,3.2,SE,6718,6862,6840
04-09-2022 19:54,60,2.4,2,3.2,SE,6700,6862,6836
04-09-2022 19:54,60,2.6,2,3.2,SE,6711,6858,6830
04-09-2022 19:55,60,2.6,2,3.2,SE,6720,6861,6839
04-09-2022 19:55,59.9,2.6,1.8,3.2,SE,6686,6845,6825
04-09-2022 19:56,60,2.6,1.8,3,SE,6703,6853,6835
04-09-2022 19:57,60,2.6,1.8,3,SE,6717,6859,6838
04-09-2022 19:58,59.9,2.6,1.8,3,SE,6711,6848,6832
04-09-2022 19:58,60,2.6,1.8,3,SE,6738,6859,6835
04-09-2022 19:59,60,2.6,1.8,3,SE,6718,6860,6846
04-09-2022 20:00,60,2.6,1.8,3,SE,6728,6862,6844
04-09-2022 20:00,60,2.6,2,3,SE,6728,6867,6848
04-09-2022 20:01,60,2.6,1.8,3,SE,6725,6850,6835
04-09-2022 20:01,60,2.6,2,3,SE,6733,6848,6837
04-09-2022 20:02,60,2.6,2,3,SE,6727,6851,6835
04-09-2022 20:02,60,2.6,2,3,SE,6716,6855,6840
04-09-2022 20:03,59.9,2.6,2,3,SE,6706,6847,6829
04-09-2022 20:03,59.9,2.6,2,3,SE,6684,6830,6814
04-09-2022 20:04,59.9,2.6,2,3,SE,6692,6814,6802
04-09-2022 20:04,59.9,2.6,2,3,SE,6689,6834,6815
04-09-2022 20:05,59.9,2.4,2,3,SE,6697,6827,6805
04-09-2022 20:05,59.9,2.6,2,3,SE,6692,6833,6810
04-09-2022 20:06,59.9,2.6,2,3.2,SE,6707,6833,6805
04-09-2022 20:06,60,2.8,2,3.2,SE,6705,6840,6816
04-09-2022 20:07,60,2.6,2,3,SE,6705,6838,6816
04-09-2022 20:08,59.9,2.6,1.8,3,SE,6712,6839,6814
04-09-2022 20:08,60,2.6,1.8,3,SE,6696,6830,6801
04-09-2022 20:09,60,2.6,1.8,3,SE,6695,6830,6800
04-09-2022 20:09,60,2.6,1.8,3,SE,6693,6824,6798
04-09-2022 20:10,59.9,2.6,1.8,3,SE,6703,6831,6808
04-09-2022 20:10,59.9,2.6,1.8,3,SE,6719,6837,6814
04-09-2022 20:11,60,2.6,1.8,3,SE,6697,6807,6790
04-09-2022 20:12,60,2.6,1.8,3,SE,6710,6803,6788
04-09-2022 20:12,59.9,2.6,1.8,3,SE,6712,6837,6811
04-09-2022 20:13,59.9,2.4,1.8,3,SE,6680,6818,6799
04-09-2022 20:13,59.9,2.4,1.8,3,SE,6694,6834,6814
04-09-2022 20:14,59.9,2.4,2,3,SE,6694,6828,6818
04-09-2022 20:14,60,2.4,2,3,SE,6724,6851,6833
04-09-2022 20:15,60,2.4,2,3.2,SE,6715,6857,6826
04-09-2022 20:15,60,2.4,2,3.2,SE,6716,6855,6831
04-09-2022 20:16,59.9,2.4,2,3,SE,6703,6854,6831
04-09-2022 20:16,59.9,2.4,2,3,SE,6695,6859,6836
04-09-2022 20:17,59.9,2.4,2,3,SE,6708,6836,6820
04-09-2022 20:17,59.9,2.4,2,3,SE,6704,6832,6812
04-09-2022 20:18,59.9,2.4,2,3,SE,6702,6832,6815
04-09-2022 20:18,60,2.4,2,3,SE,6705,6826,6805
04-09-2022 20:19,59.9,2.4,2,3,SE,6705,6831,6812
04-09-2022 20:20,59.9,2.6,2,3,SE,6699,6833,6818
04-09-2022 20:20,60,2.6,2,3,SE,6711,6829,6815
04-09-2022 20:21,60,2.4,2,3,SE,6709,6835,6819
04-09-2022 20:21,60,2.6,2,3,SE,6698,6832,6821
04-09-2022 20:22,60,2.6,2,3,SE,6691,6823,6806
04-09-2022 20:22,59.9,2.4,2,3,SE,6692,6824,6803
04-09-2022 20:23,59.9,2.4,2,3,SE,6692,6834,6810
04-09-2022 20:24,60,2.2,2,3,SE,6706,6837,6824
04-09-2022 20:24,60,2.2,2,3,SE,6704,6846,6826
04-09-2022 20:25,60,2.4,2,3.2,SE,6688,6828,6807
04-09-2022 20:25,60,2.4,2,3.2,SE,6702,6834,6815
04-09-2022 20:26,59.9,2.4,2,3.2,SE,6702,6828,6811
04-09-2022 20:26,59.9,2.4,2,3.2,SE,6680,6827,6812
04-09-2022 20:27,59.9,2.4,2,3.2,SE,6682,6832,6810
04-09-2022 20:27,59.9,2.4,2,3,SE,6671,6823,6797
04-09-2022 20:28,60,2.4,2,3,SE,6695,6829,6819
04-09-2022 20:28,59.9,2.4,2,3,SE,6693,6824,6814
04-09-2022 20:29,60,2.2,2,3,SE,6706,6839,6829
04-09-2022 20:29,60,2.2,2,3,SE,6715,6848,6838
04-09-2022 20:30,60,2.2,2,3,SE,6705,6837,6825
04-09-2022 20:30,60,2.2,2,3,SE,6735,6848,6841
04-09-2022 20:31,60,2.2,2,3,SE,6713,6855,6845
04-09-2022 20:32,60,2.2,2,3,SE,6722,6850,6832
04-09-2022 20:32,59.8,2.2,2,3,SE,6706,6847,6827
04-09-2022 20:33,59.8,2.2,2,3,SE,6716,6844,6825
04-09-2022 20:33,59.9,2.2,2,3,SE,6671,6826,6807
04-09-2022 20:34,59.9,2.4,2,3,SE,6701,6808,6799
04-09-2022 20:34,59.9,2.2,2,3,SE,6678,6825,6811
04-09-2022 20:35,60,2.4,2,3,SE,6672,6811,6798
04-09-2022 20:36,60,2.4,2,3,SE,6702,6825,6819
04-09-2022 20:36,60,2.4,2,3,SE,6697,6818,6813
04-09-2022 20:37,60,2.4,2,3,SE,6714,6826,6816
04-09-2022 20:37,59.9,2.4,2,3,SE,6688,6808,6799
04-09-2022 20:38,59.9,2.4,2,3,SE,6685,6813,6806
04-09-2022 20:39,59.9,2.4,2,3,SE,6686,6816,6801
04-09-2022 20:39,60,2.4,2,3,SE,6688,6817,6806
04-09-2022 20:40,60,2.4,2,3,SE,6702,6828,6813
04-09-2022 20:40,60,2.2,2,3,SE,6715,6842,6824
04-09-2022 20:41,59.9,2.2,2,3,SE,6716,6832,6813
04-09-2022 20:41,59.9,2.2,2,3,SE,6712,6834,6817
04-09-2022 20:42,59.9,2.2,2,3,SE,6716,6841,6825
04-09-2022 20:42,59.9,2.2,2,3,SE,6697,6828,6815
04-09-2022 20:43,60,2.2,2.2,3,SE,6731,6841,6827
04-09-2022 20:44,60,2.2,2.2,3,SE,6730,6837,6824
04-09-2022 20:44,60,2.2,2.2,3,SE,6732,6857,6840
04-09-2022 20:45,60,2.4,2.2,3,SE,6709,6849,6834
04-09-2022 20:45,60,2.4,2,3,SE,6735,6843,6831
04-09-2022 20:46,60,2.4,2,3,SE,6732,6832,6824
04-09-2022 20:46,60.1,2.4,2,3,SE,6719,6843,6829
04-09-2022 20:47,60,2.4,2,3,SE,6714,6834,6818
04-09-2022 20:48,60,2.2,2,3,SE,6694,6836,6817
04-09-2022 20:49,59.9,2.2,2,3,SE,6713,6840,6819
04-09-2022 20:49,60,2.2,2,3,SE,6706,6824,6805
04-09-2022 20:50,59.9,2.2,2,3,SE,6702,6833,6810
04-09-2022 20:50,59.9,2.2,2,3,SE,6691,6831,6806
04-09-2022 20:51,60,2.2,2,3,SE,6714,6831,6816
04-09-2022 20:51,59.9,2.2,2.2,3,SE,6712,6822,6809
04-09-2022 20:52,60,2.2,2.2,3,SE,6720,6845,6823
04-09-2022 20:52,60,2.2,2.2,3,SE,6720,6844,6824
04-09-2022 20:53,60,2.4,2.2,3,SE,6725,6832,6818
04-09-2022 20:53,60,2.4,2,3,SE,6724,6827,6813
04-09-2022 20:54,60,2.4,2.2,3,SE,6714,6831,6811
04-09-2022 20:54,60,2.4,2,3,SE,6725,6840,6822
04-09-2022 20:55,60,2.4,2,3,SE,6714,6830,6806
04-09-2022 20:56,60,2.2,2,3,SE,6706,6843,6824
04-09-2022 20:56,60,2.4,2,3,SE,6708,6842,6836
04-09-2022 20:57,60,2.2,2,3,SE,6721,6837,6829
04-09-2022 20:57,60,2.4,2,3,SE,6720,6842,6834
04-09-2022 20:58,60,2.4,2,3,SE,6725,6841,6831
04-09-2022 20:58,59.9,2.4,2,3,SE,6709,6834,6825
04-09-2022 20:59,59.9,2.4,2,3,SE,6707,6833,6822
04-09-2022 21:00,59.8,2.2,2,3,SE,6696,6823,6803
04-09-2022 21:00,59.9,2.2,2,3,SE,6691,6839,6821
04-09-2022 21:01,60,2.2,2,3,SE,6717,6845,6827
04-09-2022 21:02,59.9,2.2,2,3,SE,6713,6844,6826
04-09-2022 21:02,60,2.4,2,3,SE,6731,6869,6854
04-09-2022 21:03,59.9,2.4,2,3,SE,6733,6847,6829
04-09-2022 21:04,60,2.4,2,3,SE,6709,6842,6836
04-09-2022 21:04,60,2.4,2,3,SE,6722,6843,6833
04-09-2022 21:05,59.9,2.2,2,3,SE,6719,6842,6831
04-09-2022 21:05,60,2.2,2,3,SE,6746,6870,6855
04-09-2022 21:06,59.8,2.2,2,3,SE,6724,6857,6847
04-09-2022 21:07,59.9,2.2,2,3,SE,6670,6791,6781
04-09-2022 21:08,60,2.4,2,3,SE,6655,6779,6764
04-09-2022 21:08,59.9,2.4,2,3,SE,6660,6791,6786
04-09-2022 21:09,59.9,2.4,2,3,SE,6670,6793,6784
04-09-2022 21:09,59.8,2.2,2.2,3,SE,6650,6756,6748
04-09-2022 21:10,59.9,2.2,2.2,3,SE,6674,6777,6770
04-09-2022 21:10,59.8,2.2,2.2,3,SE,6649,6776,6758
04-09-2022 21:11,60,2.2,2.2,3,SE,6649,6786,6769
04-09-2022 21:12,59.9,2.2,2.2,3,SE,6649,6781,6762
04-09-2022 21:12,59.9,2.2,2.2,3,SE,6670,6787,6771
04-09-2022 21:13,59.9,2.2,2,3,SE,6675,6791,6776
04-09-2022 21:13,59.9,2.2,2.2,3,SE,6668,6793,6777
04-09-2022 21:14,59.9,2.2,2.2,3,SE,6648,6799,6783
04-09-2022 21:14,59.9,2.2,2,3,SE,6647,6794,6779
04-09-2022 21:15,59.9,2.4,2,3,SE,6651,6785,6768
04-09-2022 21:15,59.9,2.2,2,3,SE,6670,6801,6786
04-09-2022 21:16,60,2.4,2,3,SE,6648,6779,6768
04-09-2022 21:17,59.9,2.4,2,3,SE,6657,6794,6779
04-09-2022 21:17,59.9,2.6,2,3,SE,6643,6785,6768
04-09-2022 21:18,59.9,2.6,2.2,3.2,SE,6652,6781,6764
04-09-2022 21:18,59.9,2.6,2.2,3.2,SE,6651,6781,6763
04-09-2022 21:19,59.9,2.6,2,3.2,SE,6688,6804,6784
04-09-2022 21:20,59.9,2.6,2.2,3.2,SE,6688,6805,6787
04-09-2022 21:20,60,2.4,2,3.2,SE,6682,6814,6795
04-09-2022 21:21,60,2.2,2.2,3,SE,6687,6814,6795
04-09-2022 21:21,59.9,2.2,2.2,3,SE,6675,6812,6791
04-09-2022 21:22,59.9,2.2,2.2,3,SE,6677,6811,6791
04-09-2022 21:22,59.8,2.2,2.2,3,SE,6686,6806,6793
04-09-2022 21:23,59.9,2.2,2.2,3,SE,6692,6810,6802
04-09-2022 21:24,59.9,2.4,2,3,SE,6687,6807,6796
04-09-2022 21:24,59.9,2.4,2,3,SE,6687,6811,6797
04-09-2022 21:25,60,2.4,2,3,SE,6686,6813,6804
04-09-2022 21:25,60,2.4,2,3,SE,6680,6801,6796
04-09-2022 21:26,59.9,2.4,2,3,SE,6673,6813,6804
04-09-2022 21:26,59.9,2.4,2,3,SE,6664,6812,6803
04-09-2022 21:27,60,2.4,2,3,SE,6684,6815,6807
04-09-2022 21:27,59.9,2.4,2,3,SE,6689,6801,6793
04-09-2022 21:28,60,2.4,2,3,SE,6675,6814,6811
04-09-2022 21:28,60,2.4,2,3,SE,6686,6810,6805
04-09-2022 21:29,59.9,2.4,2,3,SE,6694,6808,6804
04-09-2022 21:29,59.9,2.2,2,3,SE,6681,6797,6795
04-09-2022 21:30,59.9,2.4,2,3,SE,6677,6792,6794
04-09-2022 21:30,59.9,2.4,2,3,SE,6691,6786,6787
04-09-2022 21:31,59.9,2.2,2,3,SE,6685,6807,6800
04-09-2022 21:32,59.9,2.2,2,3,SE,6680,6812,6808
04-09-2022 21:32,60,2.2,2,3,SE,6687,6811,6802
04-09-2022 21:33,60,2.2,2,3,SE,6680,6805,6798
04-09-2022 21:33,60,2.2,2,3,SE,6691,6795,6791
04-09-2022 21:34,60,2.4,2,3,SE,6678,6799,6803
04-09-2022 21:34,60,2.4,2,3,SE,6699,6778,6783
04-09-2022 21:35,60,2.4,2,3,SE,6686,6796,6795
04-09-2022 21:36,60,2.4,2,3,SE,6666,6801,6794
04-09-2022 21:36,60,2.4,2,3,SE,6684,6804,6806
04-09-2022 21:37,59.9,2.4,2,3,SE,6688,6788,6791
04-09-2022 21:37,59.9,2.4,2,3,SE,6671,6789,6793
04-09-2022 21:38,59.9,2.4,2,3,SE,6671,6815,6814
04-09-2022 21:38,59.9,2.4,2,3,SE,6665,6814,6803
04-09-2022 21:39,60,2.4,2,3,SE,6681,6816,6808
04-09-2022 21:39,60,2.4,2,3,SE,6691,6816,6810
04-09-2022 21:40,59.9,2.4,2,3,SE,6699,6809,6799
04-09-2022 21:41,59.9,2.2,2.2,3,SE,6679,6809,6805
04-09-2022 21:41,59.9,2.2,2.2,3,SE,6682,6807,6796
04-09-2022 21:42,60,2.2,2.2,3,SE,6688,6818,6815
04-09-2022 21:42,59.9,2.2,2.2,3,SE,6693,6821,6818
04-09-2022 21:43,59.9,2.2,2.2,3,SE,6696,6819,6815
04-09-2022 21:44,59.9,2.2,2.2,3,SE,6701,6811,6804
04-09-2022 21:44,59.9,2.4,2,3,SE,6682,6804,6796
04-09-2022 21:45,60,2.4,2,3,SE,6678,6822,6817
04-09-2022 21:45,60,2.4,2,3,SE,6692,6816,6810
04-09-2022 21:46,59.9,2.4,2,3,SE,6687,6816,6808
04-09-2022 21:47,60,2.4,2,3,SE,6691,6818,6808
04-09-2022 21:47,60,2.4,2,3,SE,6682,6818,6806
04-09-2022 21:48,60,2.2,2,3,SE,6696,6819,6806
04-09-2022 21:48,60,2.2,2,3,SE,6704,6819,6815
04-09-2022 21:49,59.9,2.2,2,3,SE,6706,6818,6816
04-09-2022 21:49,59.9,2.2,2,3,SE,6700,6823,6819
04-09-2022 21:50,59.9,2,2.2,2.8,SE,6690,6816,6817
04-09-2022 21:51,60,2,2,2.8,SE,6685,6816,6805
04-09-2022 21:51,60,2,2,2.8,SE,6677,6822,6817
04-09-2022 21:52,59.9,2,2,2.8,SE,6696,6809,6804
04-09-2022 21:52,59.9,2,2,2.8,SE,6695,6803,6803
04-09-2022 21:53,59.9,2,2,2.8,SE,6690,6801,6795
04-09-2022 21:53,59.9,2,2,2.8,SE,6685,6815,6810
04-09-2022 21:54,60,2.2,2,2.8,SE,6701,6808,6810
04-09-2022 21:54,59.9,2.2,2,2.8,SE,6689,6809,6810
04-09-2022 21:55,60,2.2,2,2.8,SE,6697,6804,6803
04-09-2022 21:56,59.9,2.2,2,2.8,SE,6688,6807,6808
04-09-2022 21:56,59.9,2.2,2,2.8,SE,6697,6797,6797
04-09-2022 21:57,60,2.2,2,2.8,SE,6688,6799,6803
04-09-2022 21:57,60,2,2,2.8,SE,6692,6814,6813
04-09-2022 21:58,60,2,2,2.8,SE,6694,6819,6818
04-09-2022 21:59,60,2.2,2,2.8,SE,6697,6808,6805
04-09-2022 21:59,59.9,2.2,2,2.8,SE,6699,6805,6806
04-09-2022 22:00,59.9,2.2,2,2.8,SE,6707,6814,6813
04-09-2022 22:00,60,2.2,2,2.8,SE,6706,6813,6813
04-09-2022 22:01,59.9,2.2,2,2.8,SE,6686,6799,6803
04-09-2022 22:01,60,2,2,2.8,SE,6692,6811,6811
04-09-2022 22:02,60,2,2,2.8,SE,6700,6804,6807
04-09-2022 22:03,60,2,2,2.8,SE,6685,6800,6808
04-09-2022 22:03,60,2,2,2.8,SE,6681,6798,6807
04-09-2022 22:04,60,2,2,2.8,SE,6689,6799,6808
04-09-2022 22:04,59.9,2,2,2.8,SE,6692,6792,6802
04-09-2022 22:05,60,2,2,2.8,SE,6707,6792,6801
04-09-2022 22:05,60,2,2,2.8,SE,6695,6804,6810
04-09-2022 22:06,60,2.2,2,2.8,SE,6679,6809,6814
04-09-2022 22:06,59.9,2.2,2,2.8,SE,6679,6807,6812
04-09-2022 22:07,59.9,2.2,2,2.8,SE,6665,6796,6805
04-09-2022 22:08,59.9,2.2,2,2.8,SE,6662,6792,6801
04-09-2022 22:08,59.9,2,2,2.8,SE,6661,6775,6785
04-09-2022 22:09,59.9,2,2,2.8,SE,6661,6787,6795
04-09-2022 22:09,60,2,2,2.8,SE,6658,6790,6796
04-09-2022 22:10,60,2.2,2.2,2.8,SE,6681,6782,6797
04-09-2022 22:11,60,2.2,2,2.8,SE,6671,6792,6802
04-09-2022 22:12,60,2.2,2,2.8,SE,6673,6795,6810
04-09-2022 22:12,60,2.2,2,2.8,SE,6689,6800,6813
04-09-2022 22:13,60,2.2,2,2.8,SE,6672,6792,6803
04-09-2022 22:13,59.9,2.2,2,2.8,SE,6675,6790,6804
04-09-2022 22:14,59.9,2.2,2,2.8,SE,6673,6791,6801
04-09-2022 22:14,59.9,2.2,2,2.8,SE,6674,6787,6795
04-09-2022 22:15,60,2.4,2,2.8,SE,6665,6773,6783
04-09-2022 22:15,60,2.4,2,2.8,SE,6647,6777,6785
04-09-2022 22:16,60,2.2,2,2.8,SE,6646,6782,6788
04-09-2022 22:16,60,2.2,2,2.8,SE,6639,6778,6781
04-09-2022 22:17,59.9,2.2,2,2.8,SE,6632,6767,6773
04-09-2022 22:17,59.9,2,2,2.8,SE,6643,6764,6776
04-09-2022 22:18,59.9,2,2,2.8,SE,6636,6758,6765
04-09-2022 22:19,59.9,2,2,2.8,SE,6640,6762,6769
04-09-2022 22:19,59.9,2,2,2.8,SE,6645,6758,6766
04-09-2022 22:20,60,2,2,2.8,SE,6658,6762,6774
04-09-2022 22:20,60,2,2,2.8,SE,6640,6767,6771
04-09-2022 22:21,59.9,2,2,2.8,SE,6648,6779,6783
04-09-2022 22:21,60,2,2,2.8,SE,6648,6775,6781
04-09-2022 22:22,60,2,2,2.8,SE,6644,6774,6776
04-09-2022 22:23,59.9,2,2,2.8,SE,6651,6776,6785
04-09-2022 22:23,60,2,2,2.8,SE,6671,6796,6807
04-09-2022 22:24,60.1,2,2,2.8,SE,6693,6819,6825
04-09-2022 22:24,60,2,2,2.8,SE,6686,6807,6810
04-09-2022 22:25,60,2,2,2.8,SE,6680,6803,6807
04-09-2022 22:25,60,2,2,2.8,SE,6682,6801,6807
04-09-2022 22:26,59.9,2,2,2.8,SE,6664,6798,6801
04-09-2022 22:26,59.9,2,2,2.8,SE,6649,6780,6782
04-09-2022 22:27,60,2.2,2,2.8,SE,6631,6767,6770
04-09-2022 22:27,59.9,2.2,2,2.8,SE,6636,6765,6769
04-09-2022 22:28,59.9,2.2,2,2.8,SE,6661,6755,6784
04-09-2022 22:28,59.9,2.2,2,2.8,SE,6642,6764,6770
04-09-2022 22:29,59.9,2.2,2,2.8,SE,6643,6766,6770
04-09-2022 22:29,59.9,2,2,2.8,SE,6644,6766,6770
04-09-2022 22:30,59.9,2,2,2.8,SE,6640,6757,6776
04-09-2022 22:31,59.9,2,2,2.8,SE,6632,6765,6766
04-09-2022 22:31,59.9,2,2,2.8,SE,6643,6766,6770
04-09-2022 22:32,59.9,2.2,2,2.8,SE,6653,6758,6761
04-09-2022 22:32,60,2,2,2.8,SE,6654,6776,6785
04-09-2022 22:33,60,2,2,2.8,SE,6649,6771,6779
04-09-2022 22:33,60,2,2,2.8,SE,6656,6775,6786
04-09-2022 22:34,60,2,2,2.8,SE,6652,6770,6780
04-09-2022 22:35,59.9,2,2,2.8,SE,6651,6762,6774
04-09-2022 22:35,59.9,2,2,2.8,SE,6648,6752,6758
04-09-2022 22:36,59.9,2,2,2.8,SE,6648,6760,6769
04-09-2022 22:36,59.9,2,2,2.8,SE,6653,6768,6778
04-09-2022 22:37,60,2,2,2.8,SE,6658,6780,6794
04-09-2022 22:37,59.9,2,2.2,2.8,SE,6657,6771,6781
04-09-2022 22:38,59.9,2,2.2,2.8,SE,6639,6748,6759
04-09-2022 22:38,59.9,2,2.2,2.8,SE,6641,6755,6768
04-09-2022 22:39,59.9,2,2.2,2.8,SE,6660,6776,6787
04-09-2022 22:40,60,2,2,2.8,SE,6656,6771,6781
04-09-2022 22:40,60,2,2,2.8,SE,6686,6801,6809
04-09-2022 22:41,60,2,2,2.8,SE,6684,6788,6789
04-09-2022 22:41,60,2,2,2.8,SE,6685,6794,6798
04-09-2022 22:42,59.9,2,2,2.8,SE,6664,6800,6798
04-09-2022 22:43,60,2,2,2.8,SE,6653,6772,6776
04-09-2022 22:43,59.8,2,2,2.8,SE,6647,6773,6777
04-09-2022 22:44,59.9,2,2,2.8,SE,6652,6782,6785
04-09-2022 22:44,60,2,2,2.8,SE,6650,6780,6784
04-09-2022 22:45,60,2,2,2.8,SE,6666,6791,6797
04-09-2022 22:45,60,2,2,2.8,SE,6633,6770,6777
04-09-2022 22:46,60,2,2,2.8,SE,6633,6770,6781
04-09-2022 22:47,60,2,2,2.8,SE,6631,6765,6773
04-09-2022 22:47,60,2,2,2.8,SE,6649,6768,6774
04-09-2022 22:48,60,2,2,2.8,SE,6649,6783,6785
04-09-2022 22:48,59.9,2,2,2.8,SE,6651,6778,6781
04-09-2022 22:49,59.9,2,2,2.8,SE,6644,6774,6779
04-09-2022 22:49,60,2,2.2,2.8,SE,6635,6769,6776
04-09-2022 22:50,59.9,2,2.2,2.8,SE,6641,6764,6776
04-09-2022 22:50,59.8,2,2,2.8,SE,6643,6770,6777
04-09-2022 22:51,60,2,2.2,2.8,SE,6658,6772,6775
04-09-2022 22:51,59.9,2,2.2,2.8,SE,6661,6770,6774
04-09-2022 22:52,60,2,2,2.8,SE,6666,6781,6786
04-09-2022 22:52,60,2,2,2.8,SE,6645,6768,6771
04-09-2022 22:53,60,2,2,2.8,SE,6641,6757,6766
04-09-2022 22:53,59.9,2,2,2.8,SE,6625,6763,6768
04-09-2022 22:54,59.9,2,2,2.8,SE,6655,6769,6776
04-09-2022 22:55,60,2,2,2.8,SE,6656,6776,6783
04-09-2022 22:55,60,2.2,2,2.8,SE,6694,6807,6813
04-09-2022 22:56,60.1,2.2,2,2.8,SE,6696,6810,6815
04-09-2022 22:56,60.1,2.2,2,2.8,SE,6693,6808,6812
04-09-2022 22:57,60.1,2.2,2,2.8,SE,6674,6809,6816
04-09-2022 22:58,60.1,2.2,2,2.8,SE,6682,6812,6817
04-09-2022 22:59,60,2.2,2,2.8,SE,6667,6776,6781
04-09-2022 22:59,60.1,2.2,2,2.8,SE,6662,6781,6787
04-09-2022 23:00,60.1,2,2,2.8,SE,6671,6789,6797
04-09-2022 23:01,60,2,2,2.8,SE,6662,6777,6789
04-09-2022 23:01,60,2,2,2.8,SE,6691,6800,6791
04-09-2022 23:02,60,2,2,2.8,SE,6668,6787,6799
04-09-2022 23:02,60,2,2,2.8,SE,6657,6787,6786
04-09-2022 23:03,60,2,2,2.8,SE,6660,6782,6785
04-09-2022 23:03,60,2,2,2.8,SE,6659,6780,6788
04-09-2022 23:04,60,2.2,2.2,2.8,SE,6660,6776,6786
04-09-2022 23:04,60,2.2,2,2.8,SE,6694,6809,6818
04-09-2022 23:05,60,2.2,2,2.8,SE,6661,6786,6798
04-09-2022 23:05,60,2.2,2,2.8,SE,6667,6787,6795
04-09-2022 23:06,60,2.4,2,2.8,SE,6669,6785,6794
04-09-2022 23:07,60,2.2,1.8,2.8,SE,6695,6783,6812
04-09-2022 23:07,60,2,1.8,2.8,SE,6679,6797,6804
04-09-2022 23:08,59.9,2,1.8,2.8,SE,6670,6788,6795
04-09-2022 23:08,60,2.2,1.8,2.8,SE,6690,6820,6831
04-09-2022 23:09,60,2.2,1.8,2.8,SE,6684,6815,6822
04-09-2022 23:09,60,2.2,2,2.8,SE,6684,6811,6818
04-09-2022 23:10,59.9,2.2,1.8,2.8,SE,6691,6807,6810
04-09-2022 23:11,59.9,2.2,1.8,2.8,SE,6665,6785,6787
04-09-2022 23:11,59.9,2.2,2,2.8,SE,6682,6783,6797
04-09-2022 23:12,59.9,2.2,2,2.8,SE,6665,6781,6785
04-09-2022 23:12,59.9,2.4,2,2.8,SE,6662,6780,6785
04-09-2022 23:13,59.9,2.2,2,2.8,SE,6645,6770,6777
04-09-2022 23:13,59.9,2.2,2,2.8,SE,6635,6775,6780
04-09-2022 23:14,59.9,2.2,2,2.8,SE,6651,6772,6775
04-09-2022 23:14,60,2.2,2,2.8,SE,6664,6786,6790
04-09-2022 23:15,60,2.2,2,2.8,SE,6663,6780,6779
04-09-2022 23:15,59.9,2.2,2,2.8,SE,6673,6784,6785
04-09-2022 23:16,59.9,2.2,2,2.8,SE,6645,6776,6777
04-09-2022 23:16,59.9,2.2,2,2.8,SE,6652,6781,6782
04-09-2022 23:17,60,2.2,2,2.8,SE,6660,6783,6786
04-09-2022 23:17,60,2.2,1.8,2.8,SE,6675,6791,6794
04-09-2022 23:18,60,2.2,2,2.8,SE,6657,6783,6795
04-09-2022 23:19,59.9,2.2,2,2.8,SE,6649,6780,6784
04-09-2022 23:19,59.9,2.2,1.8,2.8,SE,6679,6797,6799
04-09-2022 23:20,59.9,2.2,1.8,2.8,SE,6660,6783,6785
04-09-2022 23:20,59.9,2.2,2,2.8,SE,6647,6779,6792
04-09-2022 23:21,60,2.2,2,2.8,SE,6659,6778,6791
04-09-2022 23:21,59.9,2.2,2,2.8,SE,6661,6773,6783
04-09-2022 23:22,59.9,2.2,2,2.8,SE,6656,6770,6783
04-09-2022 23:23,59.9,2.2,2,2.8,SE,6653,6771,6781
04-09-2022 23:23,60,2.2,2,2.8,SE,6660,6777,6790
04-09-2022 23:24,59.8,2.2,2,2.8,SE,6641,6768,6775
04-09-2022 23:24,59.8,2.2,2,2.8,SE,6644,6769,6773
04-09-2022 23:25,60,2.2,2,2.8,SE,6650,6772,6780
04-09-2022 23:25,59.9,2.2,2,2.8,SE,6664,6773,6780
04-09-2022 23:26,60,2.2,2,2.8,SE,6654,6773,6779
04-09-2022 23:26,60,2.2,2,2.8,SE,6664,6786,6792
04-09-2022 23:27,60,2.2,2,2.8,SE,6692,6812,6818
04-09-2022 23:27,60,2.4,2,2.8,SE,6655,6777,6780
04-09-2022 23:28,59.9,2.2,2,2.8,SE,6651,6773,6780
04-09-2022 23:28,59.9,2.2,2,2.6,SE,6659,6778,6782
04-09-2022 23:29,60,2.2,2,2.8,SE,6651,6773,6776
04-09-2022 23:29,60,2.2,2,2.8,SE,6653,6779,6783
04-09-2022 23:30,60,2.2,2,2.8,SE,6676,6805,6809
04-09-2022 23:31,59.9,2.2,1.8,2.8,SE,6663,6786,6790
04-09-2022 23:31,60,2,2,2.6,SE,6657,6762,6774
04-09-2022 23:32,60,2,2,2.8,SE,6662,6772,6781
04-09-2022 23:32,60,2,2,2.8,SE,6660,6783,6786
04-09-2022 23:33,60,2,2,2.8,SE,6661,6786,6787
04-09-2022 23:33,59.9,2,2,2.8,SE,6654,6766,6768
04-09-2022 23:34,59.9,2,2,2.8,SE,6648,6770,6774
04-09-2022 23:35,59.8,2,2,2.8,SE,6644,6773,6782
04-09-2022 23:35,59.9,2,2,2.8,SE,6670,6803,6808
04-09-2022 23:36,59.9,2,2,2.8,SE,6697,6810,6811
04-09-2022 23:36,59.9,2,2,2.8,SE,6686,6810,6810
04-09-2022 23:37,60,2,2,2.8,SE,6696,6819,6821
04-09-2022 23:37,60,2,2,2.8,SE,6694,6817,6819
04-09-2022 23:38,60,2,2,2.6,SE,6691,6816,6816
04-09-2022 23:38,60,2,2,2.6,SE,6684,6816,6820
04-09-2022 23:39,60,2,2,2.6,SE,6696,6820,6825
04-09-2022 23:39,60,2,2,2.6,SE,6703,6822,6828
04-09-2022 23:40,59.9,2,2,2.6,SE,6693,6819,6817
04-09-2022 23:40,59.9,2,2,2.8,SE,6694,6815,6814
04-09-2022 23:41,60,2,2,2.8,SE,6696,6818,6818
04-09-2022 23:41,60,2,2,2.8,SE,6690,6811,6809
04-09-2022 23:42,60,2,2,2.8,SE,6665,6784,6781
04-09-2022 23:43,59.9,2,2,2.8,SE,6675,6769,6767
04-09-2022 23:43,59.9,2.2,2,2.8,SE,6667,6787,6786
04-09-2022 23:44,59.9,2.2,2,2.8,SE,6671,6795,6795
04-09-2022 23:44,60,2.2,2,2.8,SE,6675,6790,6788
04-09-2022 23:45,60,2,1.8,2.8,SE,6667,6793,6789
04-09-2022 23:46,60,2,2,2.8,SE,6671,6791,6790
04-09-2022 23:47,59.9,2,2,2.8,SE,6662,6777,6779
04-09-2022 23:47,59.9,2,1.8,2.8,SE,6665,6781,6784
04-09-2022 23:48,60,2,2,2.8,SE,6662,6780,6782
04-09-2022 23:48,60,2,2,2.8,SE,6666,6787,6789
04-09-2022 23:49,60,2,2,2.8,SE,6688,6804,6806
04-09-2022 23:49,59.9,2,2,2.8,SE,6669,6773,6775
04-09-2022 23:50,59.9,2,2,2.8,SE,6665,6785,6786
04-09-2022 23:51,59.9,2,2,2.8,SE,6657,6778,6777
04-09-2022 23:51,59.9,2,2,2.8,SE,6667,6780,6782
04-09-2022 23:52,60,2,2,2.8,SE,6692,6810,6811
04-09-2022 23:52,60,2,2,2.8,SE,6698,6811,6808
04-09-2022 23:53,59.9,2.2,2,2.8,SE,6689,6804,6809
04-09-2022 23:53,60,2.2,2,2.8,SE,6697,6814,6819
04-09-2022 23:54,60,2.2,2,2.8,SE,6686,6805,6806
04-09-2022 23:55,60,2.2,2,2.8,SE,6668,6796,6798
04-09-2022 23:55,59.9,2,1.8,2.8,SE,6666,6785,6793
04-09-2022 23:56,60,2,2,2.8,SE,6672,6790,6793
04-09-2022 23:56,59.9,2,1.8,2.8,SE,6674,6788,6788
04-09-2022 23:57,59.9,2,1.8,2.8,SE,6682,6793,6795
04-09-2022 23:58,59.9,2,1.8,2.8,SE,6660,6787,6793
04-09-2022 23:58,59.9,2,1.8,2.8,SE,6660,6792,6796
04-09-2022 23:59,59.9,2,1.8,2.8,SE,6668,6792,6798
04-09-2022 23:59,59.9,2,1.8,2.8,SE,6653,6787,6792
05-09-2022 00:00,59.9,2,2,2.8,SE,6673,6790,6802
05-09-2022 00:00,60,2.2,2,2.8,SE,6698,6813,6816
05-09-2022 00:01,60,2.2,2,2.8,SE,6682,6791,6795
05-09-2022 00:01,60,2.2,2.2,3,SE,6682,6801,6808
05-09-2022 00:02,59.9,2.2,2.2,3,SE,6670,6793,6787
05-09-2022 00:02,60,2.4,2.2,3,SE,6690,6814,6819
05-09-2022 00:03,59.8,2.4,2.2,2.8,SE,6680,6794,6797
05-09-2022 00:03,59.9,2.4,2.2,2.8,SE,6669,6787,6788
05-09-2022 00:04,59.9,2.2,2,2.8,SE,6680,6800,6799
05-09-2022 00:04,59.9,2.2,2,2.8,SE,6677,6789,6790
05-09-2022 00:05,59.9,2.2,2,2.8,SE,6677,6794,6792
05-09-2022 00:05,59.9,2,2,2.8,SE,6685,6796,6800
05-09-2022 00:06,60,2.2,2,2.8,SE,6705,6829,6828
05-09-2022 00:07,59.9,2.2,2,2.8,SE,6705,6824,6826
05-09-2022 00:07,59.9,2.2,2,2.8,SE,6695,6823,6824
05-09-2022 00:08,59.9,2.2,2,2.8,SE,6691,6821,6822
05-09-2022 00:08,59.9,2.2,2,2.8,SE,6686,6803,6802
05-09-2022 00:09,59.9,2.4,2,2.8,SE,6668,6788,6787
05-09-2022 00:10,60,2.4,2,2.8,SE,6675,6796,6800
05-09-2022 00:10,59.9,2.4,2,2.8,SE,6674,6796,6796
05-09-2022 00:11,60,2.2,2,2.8,SE,6680,6800,6801
05-09-2022 00:11,60,2.2,2,2.8,SE,6670,6788,6793
05-09-2022 00:12,60,2.2,2,2.8,SE,6677,6797,6800
05-09-2022 00:12,60,2.2,2,2.8,SE,6678,6799,6801
05-09-2022 00:13,60,2.2,2,2.8,SE,6698,6816,6818
05-09-2022 00:13,60,2.2,2,2.8,SE,6687,6804,6808
05-09-2022 00:14,60,2.4,2,2.8,SE,6690,6807,6813
05-09-2022 00:14,60,2.4,2,2.8,SE,6690,6805,6812
05-09-2022 00:15,59.9,2.4,2,2.8,SE,6707,6824,6828
05-09-2022 00:15,59.9,2.4,2,2.8,SE,6675,6793,6797
05-09-2022 00:16,59.8,2.4,2,2.8,SE,6687,6805,6808
05-09-2022 00:16,59.9,2.2,2,2.8,SE,6686,6804,6806
05-09-2022 00:17,60,2.2,2.2,2.8,SE,6710,6831,6829
05-09-2022 00:17,59.9,2.2,2.2,2.8,SE,6711,6831,6830
05-09-2022 00:18,60,2.2,2.2,2.8,SE,6717,6833,6833
05-09-2022 00:19,59.9,2.2,2.2,2.8,SE,6708,6826,6828
05-09-2022 00:20,59.9,2.2,2.2,2.8,SE,6682,6802,6803
05-09-2022 00:20,59.9,2.2,2,2.8,SE,6680,6800,6799
05-09-2022 00:21,60,2.2,2,2.8,SE,6689,6810,6810
05-09-2022 00:22,60,2,2,2.8,SE,6694,6814,6821
05-09-2022 00:22,60,2,2,2.8,SE,6697,6815,6819
05-09-2022 00:23,59.9,2,2,2.8,SE,6701,6821,6825
05-09-2022 00:23,60,2,2,2.8,SE,6701,6819,6822
05-09-2022 00:24,60,2,2,2.8,SE,6699,6816,6822
05-09-2022 00:24,60,2,2,2.8,SE,6706,6825,6831
05-09-2022 00:25,59.9,2.2,2,2.8,SE,6695,6813,6821
05-09-2022 00:25,59.9,2.2,2,2.8,SE,6682,6799,6806
05-09-2022 00:26,59.9,2.2,2,2.8,SE,6704,6823,6830
05-09-2022 00:26,59.9,2.2,2.2,2.8,SE,6686,6807,6812
05-09-2022 00:27,59.9,2.2,2.2,2.8,SE,6683,6803,6810
05-09-2022 00:27,59.9,2.2,2.2,2.8,SE,6687,6807,6815
05-09-2022 00:28,60,2.2,2.2,2.8,SE,6690,6809,6816
05-09-2022 00:28,60,2.4,2.2,2.8,SE,6692,6810,6818
05-09-2022 00:29,60,2.4,2.2,2.8,SE,6691,6808,6816
05-09-2022 00:30,60,2.4,2.2,2.8,SE,6693,6812,6820
05-09-2022 00:30,59.9,2.2,2.4,2.8,SE,6684,6802,6811
05-09-2022 00:31,59.9,2.2,2.2,2.8,SE,6679,6800,6807
05-09-2022 00:31,59.9,2.2,2.2,2.8,SE,6677,6797,6806
05-09-2022 00:32,59.9,2.2,2.2,2.8,SE,6689,6809,6816
05-09-2022 00:32,59.9,2.2,2.2,2.8,SE,6680,6800,6810
05-09-2022 00:33,60,2.2,2,2.8,SE,6683,6803,6810
05-09-2022 00:34,59.9,2.2,2,2.8,SE,6675,6797,6804
05-09-2022 00:35,59.9,2.2,2,2.8,SE,6676,6794,6803
05-09-2022 00:35,59.9,2.2,2,2.8,SE,6681,6800,6810
05-09-2022 00:36,59.9,2,2,2.8,SE,6678,6796,6805
05-09-2022 00:36,59.9,2,2,2.8,SE,6685,6803,6812
05-09-2022 00:37,59.9,2.2,2,2.8,SE,6682,6799,6807
05-09-2022 00:37,59.9,2.2,2,2.8,SE,6682,6796,6806
05-09-2022 00:38,59.9,2,2,2.8,SE,6682,6796,6806
05-09-2022 00:38,59.9,2,2,2.8,SE,6681,6796,6805
05-09-2022 00:39,60,2,2,2.8,SE,6689,6804,6813
05-09-2022 00:40,59.9,2,2,2.8,SE,6684,6799,6813
05-09-2022 00:41,60,2.2,2,2.8,SE,6688,6806,6815
05-09-2022 00:42,59.9,2.2,2.2,2.8,SE,6682,6799,6807
05-09-2022 00:42,60,2.2,2,2.8,SE,6697,6811,6820
05-09-2022 00:43,60,2.2,2,2.8,SE,6692,6809,6818
05-09-2022 00:43,60,2.2,2,2.8,SE,6719,6840,6847
05-09-2022 00:44,59.9,2.2,2,2.8,SE,6685,6804,6812
05-09-2022 00:44,60,2.2,2,2.8,SE,6691,6810,6818
05-09-2022 00:45,59.9,2.2,2,2.8,SE,6691,6811,6819
05-09-2022 00:46,59.9,2.2,2,2.6,SE,6687,6804,6811
05-09-2022 00:46,59.9,2.2,2,2.6,SE,6688,6805,6813
05-09-2022 00:47,59.9,2,2,2.6,SE,6692,6809,6814
05-09-2022 00:47,60,2.2,2,2.8,SE,6702,6819,6825
05-09-2022 00:48,60,2.2,2,2.6,SE,6727,6845,6852
05-09-2022 00:48,60,2.2,2,2.6,SE,6725,6845,6852
05-09-2022 00:49,59.9,2.2,2,2.6,SE,6719,6838,6844
05-09-2022 00:49,59.9,2.2,2,2.6,SE,6725,6842,6848
05-09-2022 00:50,60,2.2,2,2.8,SE,6726,6842,6849
05-09-2022 00:50,59.9,2.2,2,2.8,SE,6721,6837,6849
05-09-2022 00:51,60,2.2,2,2.8,SE,6721,6840,6849
05-09-2022 00:51,60,2.2,2,2.8,SE,6725,6843,6853
05-09-2022 00:52,60.1,2,2,2.8,SE,6728,6848,6859
05-09-2022 00:52,60,2,2,2.6,SE,6724,6844,6853
05-09-2022 00:53,60,2,2,2.6,SE,6721,6843,6852
05-09-2022 00:54,60,2,2,2.6,SE,6722,6844,6855
05-09-2022 00:54,59.9,2,2,2.6,SE,6715,6835,6845
05-09-2022 00:55,59.9,2,2,2.6,SE,6684,6801,6812
05-09-2022 00:56,60,2,2,2.6,SE,6687,6803,6816
05-09-2022 00:56,59.9,2.2,2,3,SE,6688,6803,6816
05-09-2022 00:57,59.9,2.2,2,3,SE,6689,6802,6817
05-09-2022 00:58,60,2.2,2,3,SE,6697,6814,6830
05-09-2022 00:58,59.9,2.2,2,3,SE,6685,6804,6815
05-09-2022 00:59,59.9,2.2,2,3,SE,6678,6797,6808
05-09-2022 00:59,59.9,2.2,2,3,SE,6689,6810,6822
05-09-2022 01:00,60,2.2,2,3,SE,6699,6817,6827
05-09-2022 01:00,59.9,2.2,2,3,SE,6680,6798,6808
05-09-2022 01:01,59.9,2.2,2,3,SE,6672,6786,6795
05-09-2022 01:01,59.9,2.2,2,3,SE,6691,6803,6815
05-09-2022 01:02,59.9,2,2,2.6,SE,6706,6818,6831
05-09-2022 01:02,60,2,2,2.6,SE,6689,6804,6814
05-09-2022 01:03,60,2,2.2,2.6,SE,6702,6806,6826
05-09-2022 01:04,59.9,2,2,2.6,SE,6705,6817,6819
05-09-2022 01:04,59.9,2,2,2.6,SE,6704,6819,6825
05-09-2022 01:05,60,2.2,2,2.6,SE,6685,6796,6804
05-09-2022 01:06,60.1,2.2,2,2.6,SE,6713,6824,6835
05-09-2022 01:06,59.9,2,2,2.6,SE,6696,6805,6819
05-09-2022 01:07,59.9,2,2,2.6,SE,6712,6827,6839
05-09-2022 01:08,59.9,2,2,2.6,SE,6712,6827,6836
05-09-2022 01:08,59.9,2,2,2.6,SE,6712,6824,6834
05-09-2022 01:10,59.8,2,2,2.6,SE,6686,6795,6810
05-09-2022 01:10,59.9,2,2,2.6,SE,6673,6785,6796
05-09-2022 01:11,59.9,2,2,2.6,SE,6678,6788,6801
05-09-2022 01:11,59.9,2,1.8,2.6,SE,6683,6794,6806
05-09-2022 01:12,59.9,2,1.8,2.6,SE,6693,6802,6812
05-09-2022 01:12,60,2,1.8,2.6,SE,6692,6803,6818
05-09-2022 01:13,59.9,2.2,1.8,2.6,SE,6664,6779,6787
05-09-2022 01:13,59.9,2.2,1.8,2.8,SE,6675,6789,6801
05-09-2022 01:14,59.9,2.2,1.8,2.8,SE,6670,6784,6796
05-09-2022 01:14,59.9,2.2,2,2.8,SE,6695,6807,6820
05-09-2022 01:15,60,2.2,2,2.8,SE,6706,6820,6834
05-09-2022 01:15,60,2,2,2.8,SE,6694,6807,6818
05-09-2022 01:16,59.9,2,2,2.6,SE,6677,6793,6805
05-09-2022 01:16,59.9,2,2,2.6,SE,6673,6788,6802
05-09-2022 01:17,59.9,2,2,2.6,SE,6695,6808,6821
05-09-2022 01:18,59.9,2.2,2,2.6,SE,6693,6806,6819
05-09-2022 01:18,60,2.2,2,2.6,SE,6688,6806,6816
05-09-2022 01:19,60,2.2,2,2.6,SE,6697,6814,6825
05-09-2022 01:19,59.9,2.2,2,2.6,SE,6677,6792,6805
05-09-2022 01:20,60,2,2,2.6,SE,6684,6802,6812
05-09-2022 01:20,60,2,2,2.6,SE,6722,6839,6848
05-09-2022 01:21,60,2,2,2.6,SE,6724,6839,6849
05-09-2022 01:22,60.1,2,2,2.6,SE,6722,6838,6851
05-09-2022 01:22,60,2.2,1.8,2.8,SE,6724,6839,6852
05-09-2022 01:23,60,2.2,1.8,2.8,SE,6684,6796,6812
05-09-2022 01:23,59.9,2.2,1.8,2.8,SE,6676,6788,6802
05-09-2022 01:24,60,2.2,1.8,2.8,SE,6679,6797,6809
05-09-2022 01:24,60,2.2,1.8,2.8,SE,6685,6790,6814
05-09-2022 01:25,60,2,1.8,2.8,SE,6694,6807,6819
05-09-2022 01:25,60,2,1.8,2.8,SE,6691,6804,6815
05-09-2022 01:26,60,2,1.8,2.6,SE,6681,6798,6803
05-09-2022 01:26,59.9,2,1.8,2.6,SE,6690,6808,6813
05-09-2022 01:27,59.9,2,2,2.8,SE,6687,6804,6815
05-09-2022 01:27,59.9,2,2,2.6,SE,6682,6799,6809
05-09-2022 01:28,60,2.2,2,2.8,SE,6686,6804,6814
05-09-2022 01:28,60,2.2,2,2.8,SE,6684,6801,6812
05-09-2022 01:29,60,2.2,2,2.6,SE,6688,6804,6813
05-09-2022 01:30,60,2.2,2,2.8,SE,6683,6799,6810
05-09-2022 01:30,59.9,2.2,2.2,2.8,SE,6697,6805,6823
05-09-2022 01:31,59.9,2.2,2.2,2.8,SE,6691,6804,6819
05-09-2022 01:31,60,2.2,2.2,2.8,SE,6716,6832,6842
05-09-2022 01:32,60,2.2,2.2,2.8,SE,6706,6822,6833
05-09-2022 01:32,59.9,2,2,2.8,SE,6704,6817,6829
05-09-2022 01:33,59.9,2,2,2.8,SE,6700,6815,6822
05-09-2022 01:34,59.9,2.2,2,2.8,SE,6680,6792,6806
05-09-2022 01:34,59.9,2,2,2.6,SE,6685,6799,6813
05-09-2022 01:35,59.9,2.2,2,2.6,SE,6674,6787,6801
05-09-2022 01:35,60,2.2,2,2.6,SE,6686,6802,6813
05-09-2022 01:36,59.9,2,2,2.6,SE,6668,6781,6792
05-09-2022 01:36,59.8,2,2,2.6,SE,6673,6787,6799
05-09-2022 01:37,59.9,2,2,2.6,SE,6675,6790,6801
05-09-2022 01:37,60,2,2,2.8,SE,6681,6797,6807
05-09-2022 01:38,60,2,2,2.8,SE,6696,6810,6822
05-09-2022 01:38,60,2,2,2.8,SE,6674,6787,6799
05-09-2022 01:39,59.9,2,2,2.8,SE,6680,6785,6802
05-09-2022 01:39,59.9,2.2,2,2.8,SE,6678,6791,6802
05-09-2022 01:40,60,2.2,1.8,2.8,SE,6683,6798,6806
05-09-2022 01:40,60,2.2,2,2.8,SE,6695,6811,6818
05-09-2022 01:41,59.9,2.2,2,2.8,SE,6682,6796,6808
05-09-2022 01:42,59.9,2.2,2,2.8,SE,6674,6791,6794
05-09-2022 01:42,60,2,2,2.6,SE,6679,6798,6807
05-09-2022 01:43,60,2.2,2,2.6,SE,6675,6794,6803
05-09-2022 01:43,60,2.2,2,2.6,SE,6678,6794,6806
05-09-2022 01:44,60,2.2,2,2.6,SE,6681,6795,6813
05-09-2022 01:44,60,2.2,2,2.8,SE,6679,6794,6804
05-09-2022 01:46,59.9,2.2,2,2.6,SE,6680,6794,6803
05-09-2022 01:46,59.9,2.2,2,2.6,SE,6673,6786,6802
05-09-2022 01:47,59.9,2,2,2.6,SE,6679,6791,6804
05-09-2022 01:47,60,2,2,2.6,SE,6684,6800,6809
05-09-2022 01:48,60,2,2,2.8,SE,6686,6803,6813
05-09-2022 01:49,60,2.2,1.8,2.6,SE,6686,6803,6815
05-09-2022 01:49,60,2.2,1.8,2.6,SE,6687,6803,6814
05-09-2022 01:50,60,2.2,1.8,2.8,SE,6691,6805,6817
05-09-2022 01:50,60,2.2,1.8,2.6,SE,6689,6802,6815
05-09-2022 01:51,60,2.2,2,2.6,SE,6691,6804,6815
05-09-2022 01:51,59.9,2.2,1.8,2.6,SE,6684,6799,6811
05-09-2022 01:52,59.9,2.2,1.8,2.6,SE,6697,6814,6822
05-09-2022 01:53,60,2.2,2,2.8,SE,6688,6801,6812
05-09-2022 01:54,60,2.2,2,2.8,SE,6688,6800,6809
05-09-2022 01:54,59.9,2,2,2.8,SE,6686,6797,6810
05-09-2022 01:55,59.9,2,2.2,2.8,SE,6683,6794,6806
05-09-2022 01:55,60,2,2,2.6,SE,6685,6802,6813
05-09-2022 01:56,60.1,2,2,2.8,SE,6728,6843,6853
05-09-2022 01:56,60,2,2.2,2.8,SE,6690,6805,6815
05-09-2022 01:57,60,2,2.2,2.8,SE,6726,6842,6852
05-09-2022 01:58,60,2.2,2.2,2.8,SE,6724,6842,6849
05-09-2022 01:58,60,2.2,2.2,2.8,SE,6725,6841,6851
05-09-2022 01:59,60,2.2,2,2.8,SE,6726,6843,6849
05-09-2022 01:59,60,2.4,2,2.8,SE,6724,6841,6849
05-09-2022 02:00,60,2.2,2,2.8,SE,6721,6840,6846
05-09-2022 02:00,60,2.2,2,2.6,SE,6723,6839,6851
05-09-2022 02:01,60,2,2,2.6,SE,6725,6841,6850
05-09-2022 02:01,60.1,2,2,2.6,SE,6725,6840,6848
05-09-2022 02:02,60.1,2.2,2,2.8,SE,6723,6838,6850
05-09-2022 02:02,60,2.2,2,2.6,SE,6721,6837,6848
05-09-2022 02:03,60,2.2,2,2.6,SE,6722,6836,6845
05-09-2022 02:03,59.9,2.2,2,2.6,SE,6713,6831,6839
05-09-2022 02:04,59.9,2,2,2.6,SE,6708,6823,6833
05-09-2022 02:04,59.9,2.2,1.8,2.6,SE,6706,6820,6833
05-09-2022 02:05,60,2.2,1.8,2.6,SE,6713,6827,6840
05-09-2022 02:06,60,2.2,1.8,2.6,SE,6707,6820,6825
05-09-2022 02:06,59.9,2.2,1.8,2.6,SE,6711,6826,6836
05-09-2022 02:07,60,2.2,2,2.6,SE,6711,6824,6835
05-09-2022 02:07,60,2,2,2.6,SE,6707,6823,6831
05-09-2022 02:08,59.9,2,2,2.6,SE,6711,6826,6833
05-09-2022 02:09,59.9,2,2,2.6,SE,6708,6822,6828
05-09-2022 02:09,59.9,2,1.8,2.6,SE,6705,6821,6827
05-09-2022 02:10,59.9,2,2,2.6,SE,6707,6823,6828
05-09-2022 02:10,59.9,2,2,2.6,SE,6703,6820,6828
05-09-2022 02:11,59.9,2,2,2.6,SE,6707,6823,6830
05-09-2022 02:11,60,2,2,2.6,SE,6710,6825,6836
05-09-2022 02:12,60,2,2,2.6,SE,6706,6827,6832
05-09-2022 02:12,60,2,2,2.6,SE,6716,6833,6843
05-09-2022 02:13,60,2,1.8,2.6,SE,6709,6826,6837
05-09-2022 02:13,59.9,2,1.8,2.6,SE,6709,6825,6837
05-09-2022 02:14,60,2,1.8,2.6,SE,6711,6828,6838
05-09-2022 02:14,60,2,1.8,2.6,SE,6712,6829,6837
05-09-2022 02:15,60,2,1.8,2.6,SE,6715,6829,6840
05-09-2022 02:15,60,2,1.8,2.6,SE,6719,6834,6839
05-09-2022 02:16,60,2,2,2.6,SE,6716,6830,6840
05-09-2022 02:16,60,2,2,2.6,SE,6717,6834,6841
05-09-2022 02:17,60,2,2,2.6,SE,6711,6827,6837
05-09-2022 02:18,60,2,2,2.6,SE,6720,6835,6844
05-09-2022 02:18,60,2,2,2.6,SE,6725,6842,6850
05-09-2022 02:19,60,2,2,2.6,SE,6722,6840,6849
05-09-2022 02:19,60,2,2,2.6,SE,6720,6835,6844
05-09-2022 02:20,60,2,2,2.6,SE,6715,6830,6846
05-09-2022 02:21,60,2,2,2.6,SE,6713,6830,6839
05-09-2022 02:21,60,2,2,2.6,SE,6719,6835,6844
05-09-2022 02:22,60,2,2,2.6,SE,6719,6834,6843
05-09-2022 02:22,60,2,2,2.6,SE,6730,6842,6854
05-09-2022 02:23,60,2,2,2.6,SE,6723,6837,6845
05-09-2022 02:23,60,2,2,2.6,SE,6720,6834,6843
05-09-2022 02:24,60,2,2.2,2.6,SE,6721,6835,6844
05-09-2022 02:24,59.9,2,2.2,2.6,SE,6715,6828,6837
05-09-2022 02:25,59.9,2,2.2,2.6,SE,6705,6820,6828
05-09-2022 02:25,59.9,2,2.2,2.6,SE,6697,6811,6821
05-09-2022 02:26,60,2,2.2,2.8,SE,6696,6809,6821
05-09-2022 02:26,59.9,2,2.2,2.8,SE,6692,6807,6816
05-09-2022 02:27,60,2,2,2.6,SE,6707,6822,6833
05-09-2022 02:27,60,2,2,2.6,SE,6709,6824,6836
05-09-2022 02:28,60,2,2,2.6,SE,6731,6846,6861
05-09-2022 02:28,60.1,2,2,2.8,SE,6730,6848,6860
05-09-2022 02:29,60,2,2,2.6,SE,6733,6850,6859
05-09-2022 02:30,60,2,2,2.6,SE,6731,6849,6859
05-09-2022 02:30,60,2.2,2,2.6,SE,6726,6841,6852
05-09-2022 02:31,59.9,2,2,2.6,SE,6721,6835,6845
05-09-2022 02:31,59.9,2,2,2.8,SE,6691,6804,6815
05-09-2022 02:32,59.9,2,2,2.8,SE,6684,6809,6807
05-09-2022 02:33,59.9,2,2,2.6,SE,6685,6798,6805
05-09-2022 02:33,59.9,2,2,2.6,SE,6683,6797,6804
05-09-2022 02:34,60,2,2,2.8,SE,6690,6803,6810
05-09-2022 02:34,59.9,2,2,2.8,SE,6686,6798,6806
05-09-2022 02:35,60,2,2,2.6,SE,6689,6801,6811
05-09-2022 02:35,60,2,2,2.6,SE,6689,6798,6809
05-09-2022 02:36,59.9,2,2,2.6,SE,6687,6800,6809
05-09-2022 02:36,59.9,2,2,2.6,SE,6688,6802,6813
05-09-2022 02:37,60,2,2,2.8,SE,6694,6806,6817
05-09-2022 02:37,60,2,2,2.8,SE,6689,6802,6813
05-09-2022 02:38,60,2,2,2.6,SE,6699,6808,6820
05-09-2022 02:38,59.9,2,2,2.6,SE,6696,6805,6817
05-09-2022 02:39,59.9,2,2,2.8,SE,6708,6817,6826
05-09-2022 02:39,59.9,2,2,2.8,SE,6707,6819,6828
05-09-2022 02:40,60,2,2,2.8,SE,6704,6818,6828
05-09-2022 02:41,60,2,2,2.8,SE,6717,6831,6841
05-09-2022 02:41,60,2,2,2.8,SE,6704,6819,6833
05-09-2022 02:42,60,2,2,2.8,SE,6706,6821,6833
05-09-2022 02:42,59.9,2,2,2.8,SE,6701,6813,6826
05-09-2022 02:43,59.9,2,2,2.8,SE,6703,6813,6827
05-09-2022 02:43,59.9,2.2,2,2.8,SE,6706,6820,6832
05-09-2022 02:44,59.9,2.2,2,2.8,SE,6685,6798,6810
05-09-2022 02:45,60,2,2,2.8,SE,6728,6841,6853
05-09-2022 02:45,60,2,2,2.8,SE,6729,6843,6853
05-09-2022 02:46,59.9,2,2,2.8,SE,6727,6840,6851
05-09-2022 02:46,60,2,2,2.8,SE,6733,6846,6856
05-09-2022 02:47,60,2,2,2.8,SE,6731,6842,6852
05-09-2022 02:47,60,2,2,2.8,SE,6707,6819,6833
05-09-2022 02:48,60,2,2,2.8,SE,6704,6816,6826
05-09-2022 02:48,59.9,2,2,2.8,SE,6699,6813,6823
05-09-2022 02:49,59.9,2,2,2.8,SE,6704,6805,6828
05-09-2022 02:49,59.9,2,2,2.8,SE,6699,6812,6808
05-09-2022 02:50,59.9,2,2,2.8,SE,6701,6814,6823
05-09-2022 02:50,59.9,2,2,2.8,SE,6705,6818,6830
05-09-2022 02:51,59.9,2,2,2.8,SE,6696,6811,6820
05-09-2022 02:51,59.9,2,2,2.8,SE,6700,6816,6823
05-09-2022 02:52,60,2,2,2.8,SE,6709,6821,6833
05-09-2022 02:53,60,2,2,2.8,SE,6705,6819,6830
05-09-2022 02:53,60,2,2,2.8,SE,6702,6816,6828
05-09-2022 02:54,60,2,2,2.8,SE,6706,6821,6832
05-09-2022 02:54,59.9,2,2,2.8,SE,6699,6811,6825
05-09-2022 02:55,59.9,2,2,2.8,SE,6704,6818,6828
05-09-2022 02:55,60,2,2,2.8,SE,6708,6820,6827
05-09-2022 02:56,60,2,2,2.6,SE,6702,6814,6828
05-09-2022 02:57,59.9,2,2,2.6,SE,6702,6813,6826
05-09-2022 02:57,59.9,2,2,2.6,SE,6705,6818,6828
05-09-2022 02:58,60,2,2,2.6,SE,6706,6811,6831
05-09-2022 02:58,59.9,2,2,2.6,SE,6700,6815,6830
05-09-2022 02:59,60,2,2,2.6,SE,6737,6854,6864
05-09-2022 02:59,60,2,2,2.6,SE,6737,6853,6865
05-09-2022 03:00,60,2,2,2.6,SE,6735,6851,6863
05-09-2022 03:00,60,2,2,2.6,SE,6738,6855,6864
05-09-2022 03:01,60,2,2,2.6,SE,6714,6832,6841
05-09-2022 03:01,60,2,2,2.6,SE,6710,6828,6838
05-09-2022 03:02,60,2,2,2.6,SE,6707,6826,6833
05-09-2022 03:02,59.9,1.8,2,2.6,SE,6698,6816,6823
05-09-2022 03:03,59.9,2,2,2.6,SE,6697,6815,6821
05-09-2022 03:03,59.9,2,2,2.6,SE,6698,6817,6822
05-09-2022 03:04,59.9,2,2,2.8,SE,6700,6815,6826
05-09-2022 03:05,59.9,2,2,2.6,SE,6699,6816,6818
05-09-2022 03:05,60,2,2,2.6,SE,6698,6816,6827
05-09-2022 03:06,59.9,2,2,2.6,SE,6699,6815,6825
05-09-2022 03:06,60.1,2,2,2.6,SE,6726,6841,6854
05-09-2022 03:07,60.1,2,2,2.6,SE,6707,6823,6835
05-09-2022 03:07,60,2,2,2.6,SE,6706,6821,6832
05-09-2022 03:08,60,2,2,2.6,SE,6709,6825,6833
05-09-2022 03:09,59.9,2,2,2.6,SE,6709,6824,6835
05-09-2022 03:09,59.9,2,2,2.6,SE,6700,6813,6822
05-09-2022 03:10,59.9,2,2,2.6,SE,6698,6814,6821
05-09-2022 03:10,59.9,2,2,2.8,SE,6707,6823,6832
05-09-2022 03:11,59.9,2,2,2.6,SE,6739,6855,6861
05-09-2022 03:11,59.9,2,2,2.6,SE,6732,6849,6854
05-09-2022 03:12,60,2,2,2.6,SE,6732,6851,6858
05-09-2022 03:12,60,2,2,2.6,SE,6737,6854,6862
05-09-2022 03:13,60,2,2,2.8,SE,6741,6859,6868
05-09-2022 03:13,60,2,2,2.6,SE,6713,6829,6841
05-09-2022 03:14,59.9,2,2,2.6,SE,6703,6817,6829
05-09-2022 03:14,59.9,2,2,2.6,SE,6701,6816,6826
05-09-2022 03:15,59.9,2,2,2.6,SE,6707,6820,6832
05-09-2022 03:15,59.9,2,2,2.6,SE,6703,6818,6827
05-09-2022 03:16,59.9,2,2,2.6,SE,6696,6809,6818
05-09-2022 03:17,59.9,2,2,2.6,SE,6703,6818,6827
05-09-2022 03:17,59.9,2,2,2.6,SE,6704,6817,6826
05-09-2022 03:18,59.9,2,2,2.6,SE,6698,6811,6822
05-09-2022 03:18,60,2,2,2.6,SE,6700,6814,6824
05-09-2022 03:19,59.9,2,2,2.6,SE,6704,6818,6826
05-09-2022 03:19,59.9,2,2,2.8,SE,6697,6810,6820
05-09-2022 03:20,59.9,2,2,2.6,SE,6696,6810,6821
05-09-2022 03:21,60,2,2,2.6,SE,6706,6819,6829
05-09-2022 03:22,59.9,2,2,2.8,SE,6701,6816,6825
05-09-2022 03:22,59.9,2,2,2.8,SE,6701,6820,6826
05-09-2022 03:23,59.9,2,2,2.8,SE,6703,6820,6830
05-09-2022 03:23,59.9,2,2.2,2.8,SE,6703,6818,6830
05-09-2022 03:24,60,2,2,2.8,SE,6709,6824,6834
05-09-2022 03:24,60,2,2,2.8,SE,6711,6827,6839
05-09-2022 03:25,59.9,2,2,2.8,SE,6704,6816,6829
05-09-2022 03:25,59.9,2,2,2.8,SE,6704,6818,6828
05-09-2022 03:26,60,2,2,2.8,SE,6706,6819,6832
05-09-2022 03:26,60,2,2,2.8,SE,6706,6819,6833
05-09-2022 03:27,60,2,2,2.8,SE,6709,6822,6834
05-09-2022 03:27,60,2,2,2.8,SE,6712,6826,6838
05-09-2022 03:28,60,2,2,2.8,SE,6741,6855,6865
05-09-2022 03:29,60,2,2,2.8,SE,6743,6855,6863
05-09-2022 03:29,60,2,2,2.8,SE,6733,6847,6859
05-09-2022 03:30,60,2,2,2.6,SE,6709,6825,6835
05-09-2022 03:30,60,2.2,2,2.6,SE,6708,6824,6834
05-09-2022 03:31,60,2.2,2,2.8,SE,6711,6826,6836
05-09-2022 03:31,60,2.2,2,2.8,SE,6714,6825,6837
05-09-2022 03:32,60,2.2,2,2.6,SE,6716,6830,6841
05-09-2022 03:33,59.9,2,2,2.6,SE,6707,6821,6831
05-09-2022 03:34,60,2,2,2.6,SE,6734,6851,6860
05-09-2022 03:34,59.9,2,2,2.8,SE,6733,6850,6857
05-09-2022 03:35,60,2,2,2.6,SE,6706,6821,6833
05-09-2022 03:35,60,2,2,2.6,SE,6701,6819,6829
05-09-2022 03:36,59.9,2,2,2.6,SE,6701,6814,6826
05-09-2022 03:36,59.9,2,2,2.6,SE,6703,6817,6829
05-09-2022 03:37,60,2,2,2.6,SE,6734,6849,6861
05-09-2022 03:37,60,2,2,2.6,SE,6737,6852,6864
05-09-2022 03:38,60,2,2,2.8,SE,6736,6852,6865
05-09-2022 03:38,60,2,2,2.8,SE,6741,6854,6868
05-09-2022 03:39,60,2.2,2,2.8,SE,6739,6852,6865
05-09-2022 03:39,60,2.2,2,2.8,SE,6738,6853,6865
05-09-2022 03:40,60,2.2,2,2.6,SE,6741,6857,6867
05-09-2022 03:41,60,2.2,2,2.6,SE,6742,6858,6865
05-09-2022 03:41,60,2.2,2,2.8,SE,6738,6852,6862
05-09-2022 03:42,60,2,2,2.6,SE,6735,6848,6859
05-09-2022 03:42,60,2,2,2.8,SE,6738,6852,6863
05-09-2022 03:43,60,2,2,2.8,SE,6735,6851,6860
05-09-2022 03:43,59.9,2,2,2.8,SE,6735,6853,6860
05-09-2022 03:44,59.9,2,2,2.8,SE,6728,6843,6850
05-09-2022 03:45,60,2,2,2.8,SE,6705,6822,6831
05-09-2022 03:46,60,2,2,2.8,SE,6714,6820,6842
05-09-2022 03:46,60,2,2,2.8,SE,6704,6817,6830
05-09-2022 03:47,60.1,2,2,2.6,SE,6720,6826,6847
05-09-2022 03:47,60,2,2,2.6,SE,6712,6821,6837
05-09-2022 03:48,60,2,2,2.6,SE,6713,6825,6843
05-09-2022 03:49,60,2,2,2.6,SE,6709,6819,6829
05-09-2022 03:49,60,2,2,2.6,SE,6711,6822,6836
05-09-2022 03:50,60,2,2,2.6,SE,6710,6829,6838
05-09-2022 03:50,60,2,2,2.6,SE,6717,6829,6842
05-09-2022 03:51,59.9,2,2,2.6,SE,6706,6817,6833
05-09-2022 03:51,60,2,2,2.8,SE,6708,6817,6830
05-09-2022 03:52,59.9,2,2,2.6,SE,6705,6820,6832
05-09-2022 03:53,59.9,2,2,2.6,SE,6697,6812,6826
05-09-2022 03:53,59.9,2,2,2.6,SE,6710,6822,6833
05-09-2022 03:54,59.9,2,2,2.6,SE,6706,6819,6828
05-09-2022 03:54,60,2,2,2.6,SE,6742,6855,6867
05-09-2022 03:55,60,2,2,2.6,SE,6744,6856,6869
05-09-2022 03:55,60,2,2,2.6,SE,6736,6848,6862
05-09-2022 03:56,59.9,2,2,2.6,SE,6733,6846,6856
05-09-2022 03:57,59.9,2.2,2,2.6,SE,6707,6821,6835
05-09-2022 03:57,59.9,2.2,2,2.6,SE,6698,6809,6823
05-09-2022 03:58,59.9,2,2,2.6,SE,6707,6822,6834
05-09-2022 03:58,59.9,2,2,2.6,SE,6693,6805,6819
05-09-2022 03:59,59.9,2,2,2.6,SE,6699,6813,6823
05-09-2022 03:59,59.9,2,2,2.6,SE,6704,6816,6830
05-09-2022 04:00,59.9,2,2,2.6,SE,6717,6831,6826
05-09-2022 04:00,59.9,2,2,2.6,SE,6700,6811,6827
05-09-2022 04:01,59.9,2,2,2.6,SE,6697,6806,6820
05-09-2022 04:01,59.9,2,2,2.6,SE,6700,6813,6824
05-09-2022 04:02,59.9,2,2,2.6,SE,6709,6822,6834
05-09-2022 04:02,59.9,2,2,2.6,SE,6706,6818,6828
05-09-2022 04:03,59.9,2,2,2.6,SE,6702,6815,6826
05-09-2022 04:03,60,2,2,2.6,SE,6710,6823,6836
05-09-2022 04:04,60,2,2,2.6,SE,6710,6823,6831
05-09-2022 04:05,60,2,2,2.6,SE,6707,6822,6832
05-09-2022 04:05,59.9,2,2,2.6,SE,6701,6811,6827
05-09-2022 04:06,59.9,2,2,2.6,SE,6689,6797,6814
05-09-2022 04:06,60,2,2,2.8,SE,6696,6806,6820
05-09-2022 04:07,60,2,2,2.8,SE,6710,6818,6836
05-09-2022 04:07,60,2,2,2.8,SE,6695,6802,6818
05-09-2022 04:08,60,2,2,2.8,SE,6701,6808,6825
05-09-2022 04:09,59.9,2,2,2.8,SE,6709,6817,6836
05-09-2022 04:09,60,2,2,2.8,SE,6706,6814,6833
05-09-2022 04:10,59.9,2,2,2.8,SE,6730,6838,6855
05-09-2022 04:10,59.9,2,2,2.8,SE,6726,6832,6850
05-09-2022 04:11,59.9,2,2,2.8,SE,6727,6834,6854
05-09-2022 04:11,59.9,2,2,2.8,SE,6723,6831,6849
05-09-2022 04:12,59.9,2,2,2.8,SE,6706,6816,6833
05-09-2022 04:12,59.9,2,2,2.8,SE,6706,6818,6834
05-09-2022 04:13,59.9,2.2,2,2.8,SE,6710,6817,6838
05-09-2022 04:13,59.9,2,2,2.8,SE,6695,6804,6823
05-09-2022 04:14,59.9,2,2,2.8,SE,6691,6802,6818
05-09-2022 04:15,59.9,2,2,2.8,SE,6705,6814,6831
05-09-2022 04:15,59.9,2,2,2.8,SE,6699,6807,6827
05-09-2022 04:16,59.9,2,2,2.8,SE,6694,6805,6822
05-09-2022 04:17,59.9,2,2,2.8,SE,6699,6808,6826
05-09-2022 04:17,60,2,2,2.8,SE,6693,6804,6819
05-09-2022 04:18,60,2,2.2,2.8,SE,6687,6801,6816
05-09-2022 04:18,60,2,2.2,2.8,SE,6692,6806,6821
05-09-2022 04:19,59.9,2,2.2,2.8,SE,6710,6824,6838
05-09-2022 04:20,59.9,2,2.2,2.8,SE,6696,6807,6822
05-09-2022 04:20,59.9,2,2.2,2.8,SE,6700,6811,6824
05-09-2022 04:21,60,2,2,2.8,SE,6731,6844,6855
05-09-2022 04:21,59.9,2,2,2.8,SE,6728,6842,6852
05-09-2022 04:22,59.9,2,2,2.8,SE,6729,6841,6851
05-09-2022 04:22,59.9,2,2,2.8,SE,6731,6843,6855
05-09-2022 04:23,59.9,2,2,2.8,SE,6731,6844,6854
05-09-2022 04:23,59.9,2,2,2.8,SE,6728,6842,6851
05-09-2022 04:24,59.9,2,2,2.8,SE,6699,6810,6823
05-09-2022 04:24,59.9,2,2,2.8,SE,6692,6803,6816
05-09-2022 04:25,59.9,2,2,2.8,SE,6704,6814,6829
05-09-2022 04:25,60,2,2,2.8,SE,6702,6814,6829
05-09-2022 04:26,59.9,2,2,2.8,SE,6704,6814,6829
05-09-2022 04:26,59.9,2,2,2.8,SE,6701,6814,6824
05-09-2022 04:27,59.9,2,2,2.8,SE,6695,6805,6819
05-09-2022 04:27,60,2,2,2.8,SE,6705,6815,6829
05-09-2022 04:28,59.9,2,2,2.8,SE,6707,6818,6832
05-09-2022 04:29,59.9,2,2,2.8,SE,6701,6812,6826
05-09-2022 04:29,60,2,2,2.8,SE,6710,6819,6836
05-09-2022 04:30,60,2,2,2.8,SE,6703,6815,6830
05-09-2022 04:30,59.9,2,2,2.8,SE,6707,6819,6831
05-09-2022 04:31,59.9,2,2,2.8,SE,6688,6798,6813
05-09-2022 04:32,60,2.2,2,2.8,SE,6681,6791,6807
05-09-2022 04:32,60,2,2,2.8,SE,6707,6816,6832
05-09-2022 04:33,59.9,2,2,2.8,SE,6689,6799,6812
05-09-2022 04:33,59.9,2,2,2.8,SE,6695,6802,6817
05-09-2022 04:34,60,2,2,2.8,SE,6704,6814,6825
05-09-2022 04:34,60,2,2,2.8,SE,6696,6807,6819
05-09-2022 04:35,59.9,2,2,2.6,SE,6689,6802,6812
05-09-2022 04:36,60,2,2,2.6,SE,6696,6807,6818
05-09-2022 04:36,60,2,2,2.8,SE,6695,6806,6820
05-09-2022 04:37,60,2,2,2.8,SE,6702,6811,6827
05-09-2022 04:38,59.9,2,2,2.8,SE,6692,6799,6816
05-09-2022 04:38,59.8,2,2,2.6,SE,6685,6792,6808
05-09-2022 04:39,59.9,2,2,2.8,SE,6693,6799,6817
05-09-2022 04:39,60,2,2,2.8,SE,6691,6799,6815
05-09-2022 04:40,60,2,2,2.6,SE,6726,6834,6849
05-09-2022 04:41,60,2,2,2.6,SE,6726,6837,6851
05-09-2022 04:41,60,2,2,2.8,SE,6714,6825,6838
05-09-2022 04:42,59.9,2,2,2.6,SE,6707,6819,6831
05-09-2022 04:42,59.9,2,2,2.6,SE,6694,6806,6820
05-09-2022 04:43,59.9,2,2,2.6,SE,6684,6795,6810
05-09-2022 04:44,59.9,2,2.2,2.8,SE,6689,6802,6815
05-09-2022 04:44,59.9,2,2.2,2.8,SE,6695,6806,6818
05-09-2022 04:45,59.9,2,2.2,2.6,SE,6700,6807,6823
05-09-2022 04:45,59.9,2,2.2,2.8,SE,6697,6805,6819
05-09-2022 04:46,60,2,2.2,2.6,SE,6736,6841,6856
05-09-2022 04:47,59.9,2,2,2.6,SE,6706,6807,6822
05-09-2022 04:47,59.9,2,2,2.6,SE,6692,6796,6810
05-09-2022 04:48,59.9,2,2,2.6,SE,6691,6792,6807
05-09-2022 04:48,59.9,2,2,2.6,SE,6695,6795,6809
05-09-2022 04:49,60,2.2,2,2.6,SE,6700,6809,6823
05-09-2022 04:49,60,2.2,2,2.6,SE,6698,6808,6823
05-09-2022 04:50,60,2,2,2.6,SE,6736,6848,6860
05-09-2022 04:50,60,2,2,2.6,SE,6728,6834,6849
05-09-2022 04:51,59.9,2,2,2.6,SE,6732,6842,6853
05-09-2022 04:52,60,2,2,2.6,SE,6729,6839,6850
05-09-2022 04:52,59.9,2,2,2.6,SE,6723,6827,6842
05-09-2022 04:53,59.9,2,2,2.6,SE,6726,6825,6840
05-09-2022 04:53,59.9,2,2,2.6,SE,6722,6828,6840
05-09-2022 04:54,59.9,2,2,2.6,SE,6721,6827,6841
05-09-2022 04:54,59.9,2.2,2,2.6,SE,6716,6830,6839
05-09-2022 04:55,60,2,2,2.6,SE,6721,6826,6838
05-09-2022 04:56,60,2,2,2.6,SE,6724,6824,6837
05-09-2022 04:57,59.9,2,2,2.6,SE,6723,6816,6834
05-09-2022 04:57,60,2,2,2.6,SE,6723,6832,6845
05-09-2022 04:58,59.9,2,2,2.6,SE,6723,6831,6845
05-09-2022 04:58,59.9,2,2,2.6,SE,6722,6833,6846
05-09-2022 04:59,59.9,2,2,2.6,SE,6713,6821,6834
05-09-2022 04:59,59.9,2,2,2.8,SE,6718,6826,6838
05-09-2022 05:00,59.9,2,2,2.6,SE,6712,6825,6835
05-09-2022 05:00,59.9,2,2,2.6,SE,6715,6828,6837
05-09-2022 05:01,59.9,2,2,2.6,SE,6718,6822,6832
05-09-2022 05:01,59.9,2,2,2.6,SE,6713,6821,6830
05-09-2022 05:02,60,2,2,2.6,SE,6720,6818,6820
05-09-2022 05:02,60,2,2,2.6,SE,6715,6821,6827
05-09-2022 05:03,59.9,2,2,2.8,SE,6713,6825,6833
05-09-2022 05:04,59.9,2,2,2.8,SE,6706,6823,6830
05-09-2022 05:04,59.9,2,2,2.8,SE,6704,6819,6824
05-09-2022 05:05,59.9,2,2,2.8,SE,6705,6815,6822
05-09-2022 05:05,59.9,2,2,2.6,SE,6703,6811,6822
05-09-2022 05:06,59.9,2,2,2.6,SE,6705,6810,6820
05-09-2022 05:06,59.9,2,2,2.6,SE,6704,6808,6825
05-09-2022 05:07,59.9,2,2,2.8,SE,6708,6820,6829
05-09-2022 05:08,59.9,2,2,2.6,SE,6705,6809,6818
05-09-2022 05:08,59.9,2,2,2.6,SE,6707,6800,6814
05-09-2022 05:09,59.9,2,2,2.6,SE,6703,6804,6820
05-09-2022 05:09,59.9,2,2,2.6,SE,6707,6804,6820
05-09-2022 05:10,60,2,2,2.6,SE,6701,6808,6824
05-09-2022 05:10,59.9,2,2,2.6,SE,6699,6805,6819
05-09-2022 05:11,59.9,2,2,2.6,SE,6692,6809,6823
05-09-2022 05:11,59.9,2,2,2.8,SE,6705,6816,6828
05-09-2022 05:12,60,2,2,2.6,SE,6695,6815,6824
05-09-2022 05:12,59.9,2,2,2.6,SE,6699,6816,6823
05-09-2022 05:13,59.9,2,2,2.6,SE,6702,6813,6823
05-09-2022 05:13,60,2,2,2.6,SE,6704,6813,6825
05-09-2022 05:14,59.9,2,2,2.8,SE,6700,6802,6811
05-09-2022 05:14,59.9,2,2,2.6,SE,6712,6812,6822
05-09-2022 05:15,59.9,2,2,2.8,SE,6703,6817,6825
05-09-2022 05:16,60,2,2,2.8,SE,6706,6819,6825
05-09-2022 05:16,59.9,2,2,2.8,SE,6698,6816,6827
05-09-2022 05:17,59.9,2,2,2.8,SE,6700,6817,6828
05-09-2022 05:17,59.9,2,2,2.8,SE,6698,6813,6822
05-09-2022 05:18,60,2,2,2.8,SE,6707,6817,6825
05-09-2022 05:18,59.9,2,2,2.8,SE,6703,6807,6821
05-09-2022 05:19,59.9,2,2,2.8,SE,6704,6805,6820
05-09-2022 05:20,59.9,2,2,2.8,SE,6697,6811,6817
05-09-2022 05:20,60,2,2,2.8,SE,6704,6817,6824
05-09-2022 05:21,59.9,2,2,2.8,SE,6706,6815,6829
05-09-2022 05:21,59.9,2,2,2.6,SE,6700,6807,6820
05-09-2022 05:22,59.9,2,2,2.8,SE,6699,6820,6827
05-09-2022 05:22,60,2,2,2.8,SE,6697,6817,6824
05-09-2022 05:23,60,2,2,2.8,SE,6715,6822,6834
05-09-2022 05:23,59.9,2,2,2.8,SE,6711,6821,6831
05-09-2022 05:24,59.8,2,2,2.6,SE,6689,6813,6820
05-09-2022 05:24,59.9,2,2,2.6,SE,6678,6815,6818
05-09-2022 05:25,60,2,2,2.8,SE,6712,6829,6839
05-09-2022 05:25,60,2,2,2.8,SE,6704,6823,6832
05-09-2022 05:26,59.9,2,2,2.8,SE,6713,6817,6827
05-09-2022 05:26,59.9,2,2,2.8,SE,6711,6816,6825
05-09-2022 05:27,60,2,2,2.8,SE,6713,6821,6834
05-09-2022 05:28,59.9,2,2,2.6,SE,6707,6821,6829
05-09-2022 05:28,59.9,2,2,2.6,SE,6703,6816,6824
05-09-2022 05:29,59.9,2,2,2.6,SE,6696,6816,6823
05-09-2022 05:29,60,2.2,2,2.6,SE,6702,6824,6829
05-09-2022 05:30,59.9,2.2,2,2.6,SE,6685,6819,6818
05-09-2022 05:31,59.9,2.2,2,2.8,SE,6681,6817,6819
05-09-2022 05:32,59.9,2.2,2,2.6,SE,6689,6800,6807
05-09-2022 05:32,60,2.2,2,2.6,SE,6690,6801,6809
05-09-2022 05:33,60,2,2,2.6,SE,6673,6793,6799
05-09-2022 05:33,60,2,2,2.6,SE,6671,6793,6800
05-09-2022 05:34,59.9,2.2,2,2.6,SE,6667,6803,6795
05-09-2022 05:34,59.9,2.2,2,2.6,SE,6684,6803,6808
05-09-2022 05:35,59.9,2.2,2,2.6,SE,6675,6787,6794
05-09-2022 05:35,59.9,2.2,2,2.6,SE,6679,6791,6795
05-09-2022 05:36,59.9,2,2,2.8,SE,6668,6783,6791
05-09-2022 05:36,60,2,2,2.6,SE,6703,6817,6821
05-09-2022 05:37,60,2,2,2.6,SE,6690,6818,6822
05-09-2022 05:37,59.9,2,2,2.6,SE,6696,6811,6819
05-09-2022 05:38,59.9,2,2,2.6,SE,6706,6814,6822
05-09-2022 05:39,59.9,2,2,2.6,SE,6669,6778,6790
05-09-2022 05:40,59.9,2,2,2.6,SE,6668,6776,6788
05-09-2022 05:40,60,2,2,2.6,SE,6691,6810,6824
05-09-2022 05:41,60,2,2,2.6,SE,6676,6793,6808
05-09-2022 05:41,60,2,2,2.6,SE,6705,6813,6827
05-09-2022 05:42,60,2,2,2.6,SE,6709,6816,6831
05-09-2022 05:42,60,2,2,2.6,SE,6699,6797,6812
05-09-2022 05:43,59.9,2,2,2.6,SE,6678,6786,6797
05-09-2022 05:44,59.9,2,2,2.6,SE,6674,6779,6793
05-09-2022 05:44,59.9,2,2,2.6,SE,6679,6780,6795
05-09-2022 05:45,59.9,2,2,2.6,SE,6685,6770,6787
05-09-2022 05:45,59.9,2,2,2.6,SE,6699,6802,6818
05-09-2022 05:46,59.9,2,2,2.6,SE,6679,6789,6802
05-09-2022 05:46,59.9,2,2,2.6,SE,6679,6782,6791
05-09-2022 05:47,60,2.2,2,2.6,SE,6687,6797,6809
05-09-2022 05:47,60,2.2,2,2.6,SE,6675,6782,6797
05-09-2022 05:48,60,2.2,2.2,2.6,SE,6691,6789,6803
05-09-2022 05:48,60,2.2,2.2,2.6,SE,6687,6779,6796
05-09-2022 05:49,60,2.2,2,2.8,SE,6689,6799,6803
05-09-2022 05:50,59.9,2.2,2,2.8,SE,6680,6788,6803
05-09-2022 05:50,59.9,2.2,2,2.8,SE,6682,6785,6802
05-09-2022 05:51,59.9,2.2,2,2.8,SE,6688,6781,6808
05-09-2022 05:52,59.9,2.2,2,2.8,SE,6674,6771,6789
05-09-2022 05:52,59.9,2.2,2,2.8,SE,6709,6821,6830
05-09-2022 05:53,60,2.2,2,2.8,SE,6715,6823,6834
05-09-2022 05:53,59.9,2.2,2,2.8,SE,6703,6816,6826
05-09-2022 05:54,59.9,2,1.8,2.8,SE,6702,6820,6833
05-09-2022 05:54,59.9,2,1.8,2.8,SE,6718,6830,6841
05-09-2022 05:55,60,2,2,2.8,SE,6715,6822,6835
05-09-2022 05:56,59.9,2.2,2,2.8,SE,6689,6792,6810
05-09-2022 05:56,59.9,2.2,2,2.8,SE,6678,6795,6808
05-09-2022 05:57,59.9,2.2,2,2.8,SE,6676,6790,6806
05-09-2022 05:57,59.9,2.2,2,2.8,SE,6682,6779,6798
05-09-2022 05:58,59.9,2.2,2,2.8,SE,6675,6781,6805
05-09-2022 05:58,59.9,2,2,2.8,SE,6676,6784,6799
05-09-2022 05:59,59.9,2,2,2.8,SE,6689,6791,6803
05-09-2022 05:59,59.9,2,2,2.8,SE,6673,6794,6805
05-09-2022 06:00,59.8,2,2,2.8,SE,6669,6788,6796
05-09-2022 06:00,59.9,2,2,2.8,SE,6677,6782,6793
05-09-2022 06:01,59.9,2,2,2.8,SE,6674,6783,6802
05-09-2022 06:01,59.9,2,2,2.8,SE,6672,6776,6788
05-09-2022 06:02,59.9,2,2,2.8,SE,6659,6778,6785
05-09-2022 06:02,59.9,2,1.8,2.6,SE,6689,6801,6817
05-09-2022 06:03,59.9,2,1.8,2.6,SE,6664,6778,6788
05-09-2022 06:04,59.9,2,1.8,2.6,SE,6680,6798,6810
05-09-2022 06:04,59.9,2,1.8,2.6,SE,6688,6790,6800
05-09-2022 06:05,60,2,2,2.6,SE,6668,6806,6814
05-09-2022 06:05,59.9,2,1.8,2.6,SE,6680,6797,6804
05-09-2022 06:06,59.9,2,1.8,2.6,SE,6673,6794,6803
05-09-2022 06:06,59.9,2,1.8,2.6,SE,6675,6785,6795
05-09-2022 06:07,59.9,2,1.8,2.6,SE,6670,6778,6787
05-09-2022 06:08,59.9,2,2,2.6,SE,6678,6788,6796
05-09-2022 06:08,60,2,2,2.6,SE,6708,6820,6828
05-09-2022 06:09,59.9,2,2,2.6,SE,6691,6820,6827
05-09-2022 06:10,59.9,2,1.8,2.6,SE,6704,6817,6822
05-09-2022 06:10,60,2,2,2.6,SE,6677,6788,6793
05-09-2022 06:11,59.9,2,2,2.6,SE,6684,6788,6790
05-09-2022 06:11,59.9,2,1.8,2.6,SE,6672,6777,6789
05-09-2022 06:12,59.9,2,2,2.6,SE,6673,6781,6794
05-09-2022 06:12,59.9,2,2,2.6,SE,6676,6783,6797
05-09-2022 06:13,60,2,2,2.6,SE,6679,6784,6795
05-09-2022 06:13,59.9,2,2,2.6,SE,6685,6790,6801
05-09-2022 06:14,60,2,2,2.6,SE,6678,6788,6792
05-09-2022 06:14,59.9,2,2,2.6,SE,6667,6782,6785
05-09-2022 06:15,59.9,2,1.8,2.6,SE,6681,6788,6799
05-09-2022 06:16,59.9,2,1.8,2.6,SE,6678,6785,6799
05-09-2022 06:16,60,2,1.8,2.6,SE,6662,6789,6792
05-09-2022 06:17,60,2,1.8,2.6,SE,6676,6791,6807
05-09-2022 06:17,60,2,1.8,2.6,SE,6705,6796,6807
05-09-2022 06:18,60,2,1.8,2.6,SE,6727,6802,6812
05-09-2022 06:18,59.9,2,1.8,2.6,SE,6683,6775,6785
05-09-2022 06:19,59.9,2,1.8,2.6,SE,6684,6785,6797
05-09-2022 06:20,59.8,2,1.8,2.6,SE,6695,6776,6783
05-09-2022 06:20,59.9,2,1.8,2.8,SE,6692,6811,6826
05-09-2022 06:21,59.9,2.2,1.8,3,SE,6693,6811,6821
05-09-2022 06:21,59.9,2.2,1.8,3,SE,6702,6815,6830
05-09-2022 06:22,60,2.2,1.8,3,SE,6722,6814,6819
05-09-2022 06:22,60,2.2,1.8,3,SE,6691,6795,6806
05-09-2022 06:23,59.9,2.2,1.8,3,SE,6684,6786,6790
05-09-2022 06:23,59.9,2.2,1.8,3,SE,6667,6777,6786
05-09-2022 06:24,59.9,2.2,2,3,SE,6683,6793,6804
05-09-2022 06:24,59.9,2.2,2,3,SE,6673,6776,6789
05-09-2022 06:25,59.9,2.2,2,3,SE,6678,6773,6789
05-09-2022 06:25,59.9,2.2,2,3,SE,6676,6777,6786
05-09-2022 06:26,60,2.2,2,3,SE,6660,6779,6784
05-09-2022 06:26,60,2,2,2.6,SE,6667,6772,6781
05-09-2022 06:27,59.8,2,2,2.6,SE,6684,6777,6786
05-09-2022 06:28,59.9,2,1.8,2.6,SE,6670,6770,6789
05-09-2022 06:28,59.9,2,1.8,2.6,SE,6667,6774,6785
05-09-2022 06:29,59.9,2,1.8,2.6,SE,6667,6777,6790
05-09-2022 06:30,59.9,2.2,1.8,2.6,SE,6670,6771,6781
05-09-2022 06:31,60,2.2,2,2.6,SE,6654,6775,6787
05-09-2022 06:31,60,2.2,2,2.6,SE,6669,6775,6785
05-09-2022 06:32,59.9,2.2,1.8,2.6,SE,6654,6769,6783
05-09-2022 06:32,59.9,2.2,2,2.6,SE,6673,6770,6785
05-09-2022 06:33,60,2,2,2.6,SE,6662,6778,6790
05-09-2022 06:33,60,2.2,2,2.6,SE,6678,6771,6786
05-09-2022 06:34,59.9,2.2,2,2.6,SE,6644,6767,6787
05-09-2022 06:34,59.9,2.2,2,2.6,SE,6648,6772,6785
05-09-2022 06:35,60,2.2,2,2.6,SE,6666,6779,6795
05-09-2022 06:35,59.9,2.2,2,2.6,SE,6655,6775,6790
05-09-2022 06:36,59.9,2,2,2.6,SE,6666,6765,6787
05-09-2022 06:36,59.9,2,2,2.8,SE,6659,6774,6785
05-09-2022 06:37,59.9,2,2,2.6,SE,6656,6764,6776
05-09-2022 06:37,59.9,2,2,2.8,SE,6615,6756,6761
05-09-2022 06:38,59.9,2,2,2.8,SE,6645,6770,6782
05-09-2022 06:38,59.9,2,2,2.8,SE,6649,6769,6778
05-09-2022 06:39,59.9,2,2,2.6,SE,6666,6769,6781
05-09-2022 06:40,59.9,2,2,2.6,SE,6699,6797,6806
05-09-2022 06:40,59.9,2,1.8,2.6,SE,6691,6806,6811
05-09-2022 06:41,59.9,2,1.8,2.6,SE,6688,6804,6812
05-09-2022 06:41,59.9,2,2,2.6,SE,6659,6796,6802
05-09-2022 06:42,60,2,2,2.6,SE,6662,6797,6805
05-09-2022 06:43,59.9,2,2,2.6,SE,6665,6781,6791
05-09-2022 06:43,59.9,2,2,2.6,SE,6668,6780,6786
05-09-2022 06:44,60,2,2,2.8,SE,6678,6776,6780
05-09-2022 06:44,60,2.2,2.2,2.8,SE,6672,6772,6776
05-09-2022 06:45,60,2.2,2,2.8,SE,6670,6777,6784
05-09-2022 06:45,59.9,2.2,2,2.8,SE,6658,6769,6777
05-09-2022 06:46,59.9,2.4,2.4,2.8,SE,6652,6770,6783
05-09-2022 06:46,59.9,2.4,2.6,2.8,SE,6644,6769,6779
05-09-2022 06:47,60,2.2,2.4,2.8,SE,6696,6806,6814
05-09-2022 06:48,59.9,2.4,2.4,2.8,SE,6691,6802,6807
05-09-2022 06:48,59.9,2.4,2.2,2.8,SE,6675,6800,6805
05-09-2022 06:49,60,2.2,2.2,2.8,SE,6691,6790,6794
05-09-2022 06:49,59.9,2.2,2.2,2.8,SE,6678,6797,6801
05-09-2022 06:50,59.9,2.2,2.2,2.8,SE,6668,6801,6805
05-09-2022 06:51,59.9,2.2,2.2,2.8,SE,6679,6799,6805
05-09-2022 06:52,59.9,2.2,2.2,2.8,SE,6671,6802,6806
05-09-2022 06:52,59.9,2.2,2.2,2.8,SE,6685,6798,6806
05-09-2022 06:53,60,2.2,2.2,2.8,SE,6689,6808,6813
05-09-2022 06:53,60,2.2,2,2.8,SE,6685,6805,6804
05-09-2022 06:54,59.9,2.2,2,2.8,SE,6689,6807,6807
05-09-2022 06:55,59.9,2.2,2,2.8,SE,6634,6776,6771
05-09-2022 06:55,59.9,2.2,2,2.8,SE,6641,6773,6767
05-09-2022 06:56,59.9,2.2,2,2.8,SE,6665,6771,6775
05-09-2022 06:56,60,2.2,2,2.8,SE,6649,6769,6772
05-09-2022 06:57,60,2.2,2,2.8,SE,6647,6773,6772
05-09-2022 06:57,59.9,2.2,2,2.8,SE,6640,6774,6778
05-09-2022 06:58,59.9,2.2,2,2.8,SE,6652,6765,6772
05-09-2022 06:58,59.9,2.2,2,2.8,SE,6654,6769,6775
05-09-2022 06:59,59.9,2.2,2.2,2.8,SE,6646,6768,6774
05-09-2022 06:59,59.9,2.2,2.2,2.8,SE,6647,6746,6753
05-09-2022 07:00,59.9,2,2.2,2.8,SE,6637,6745,6758
05-09-2022 07:00,59.9,2,2,2.8,SE,6719,6822,6831
05-09-2022 07:01,59.9,2,2,2.8,SE,6692,6801,6813
05-09-2022 07:01,59.9,2,2.2,2.8,SE,6696,6814,6828
05-09-2022 07:02,59.9,2.4,2.2,3,SE,6705,6828,6834
05-09-2022 07:03,59.9,2.2,2.2,2.8,SE,6683,6813,6821
05-09-2022 07:03,59.8,2.2,2.2,2.8,SE,6682,6808,6817
05-09-2022 07:04,59.9,2.2,2.2,2.8,SE,6699,6816,6823
05-09-2022 07:04,59.8,2.2,2.2,2.8,SE,6694,6810,6817
05-09-2022 07:05,59.9,2.2,2.2,2.8,SE,6711,6827,6837
05-09-2022 07:05,59.8,2.2,2.2,2.8,SE,6704,6825,6829
05-09-2022 07:06,59.9,2.2,2.2,2.8,SE,6707,6816,6819
05-09-2022 07:07,59.8,2.2,2.2,2.8,SE,6694,6818,6821
05-09-2022 07:07,59.9,2.2,2.2,2.8,SE,6701,6822,6822
05-09-2022 07:08,60,2.2,2.2,2.8,SE,6738,6854,6851
05-09-2022 07:08,59.9,2.2,2.2,2.8,SE,6732,6839,6836
05-09-2022 07:09,59.9,2.2,2.4,2.8,SE,6748,6844,6839
05-09-2022 07:09,59.8,2.2,2.4,2.8,SE,6723,6851,6850
05-09-2022 07:10,59.8,2.2,2.4,2.8,SE,6731,6838,6840
05-09-2022 07:10,59.9,2.2,2.4,2.8,SE,6721,6825,6829
05-09-2022 07:11,59.9,2.4,2.4,2.8,SE,6713,6797,6807
05-09-2022 07:11,59.9,2.4,2.4,2.8,SE,6695,6820,6818
05-09-2022 07:12,59.9,2.4,2.4,2.8,SE,6702,6819,6819
05-09-2022 07:12,59.9,2.4,2.4,3,SE,6717,6825,6825
05-09-2022 07:13,59.9,2.6,2.2,3,SE,6708,6830,6827
05-09-2022 07:14,59.9,2.6,2.2,3,SE,6710,6825,6824
05-09-2022 07:15,59.9,2.6,2.2,3,SE,6701,6814,6816
05-09-2022 07:15,59.9,2.6,2.2,2.8,SE,6694,6819,6819
05-09-2022 07:16,59.9,2.6,2.4,2.8,SE,6697,6815,6817
05-09-2022 07:16,60,2.6,2.2,2.8,SE,6701,6814,6817
05-09-2022 07:17,59.9,2.6,2.4,2.8,SE,6705,6796,6803
05-09-2022 07:17,59.9,2.6,2.2,2.8,SE,6719,6768,6787
05-09-2022 07:18,59.9,2.6,2.2,2.8,SE,6719,6798,6806
05-09-2022 07:19,59.9,2.6,2.2,2.8,SE,6699,6801,6813
05-09-2022 07:19,60,2.6,2.2,2.8,SE,6697,6821,6823
05-09-2022 07:20,60,2.6,2.2,2.8,SE,6715,6825,6828
05-09-2022 07:20,60,2.6,2.2,2.8,SE,6714,6831,6835
05-09-2022 07:21,60,2.6,2.2,2.8,SE,6719,6826,6832
05-09-2022 07:21,59.9,2.6,2.2,2.8,SE,6711,6827,6830
05-09-2022 07:22,59.9,2.6,2.2,2.8,SE,6676,6788,6793
05-09-2022 07:22,60,2.6,2.2,2.8,SE,6734,6847,6847
05-09-2022 07:23,59.9,2.6,2.2,2.8,SE,6738,6840,6845
05-09-2022 07:23,60,2.6,2.2,2.8,SE,6728,6840,6841
05-09-2022 07:24,60,2.6,2.2,2.8,SE,6721,6848,6844
05-09-2022 07:24,59.9,3.2,2.8,3.4,SE,6729,6836,6838
05-09-2022 07:25,59.9,2.6,2.2,2.8,SE,6709,6828,6828
05-09-2022 07:25,60,2.6,2.2,2.8,SE,6707,6814,6814
05-09-2022 07:26,59.9,2.8,2.4,2.8,SE,6708,6809,6808
05-09-2022 07:27,59.9,2.8,2.4,2.8,SE,6696,6792,6795
05-09-2022 07:27,60,2.8,2.4,2.8,SE,6690,6804,6801
05-09-2022 07:28,60,2.8,2.4,2.8,SE,6692,6807,6805
05-09-2022 07:28,60,2.8,2.4,2.8,SE,6687,6809,6805
05-09-2022 07:29,60,2.6,2.2,2.8,SE,6702,6812,6802
05-09-2022 07:29,59.9,2.8,2.2,2.8,SE,6692,6799,6796
05-09-2022 07:31,60,2.8,2.6,3,SE,6683,6797,6790
05-09-2022 07:31,60,2.6,2.4,3,SE,6678,6795,6791
05-09-2022 07:32,60,2.6,2.4,3,SE,6681,6795,6781
05-09-2022 07:32,60,2.6,2.4,3,SE,6670,6798,6783
05-09-2022 07:33,60,2.2,2.2,3,SE,6709,6825,6815
05-09-2022 07:33,60,2.2,2.2,3,SE,6714,6829,6816
05-09-2022 07:34,59.9,2.4,2.2,3,SE,6727,6842,6830
05-09-2022 07:34,59.9,2.2,2.2,3,SE,6723,6842,6829
05-09-2022 07:35,59.9,2.2,2.2,3,SE,6737,6854,6841
05-09-2022 07:35,59.9,2.2,2.2,3,SE,6729,6839,6828
05-09-2022 07:36,59.9,2.4,2.2,3,SE,6713,6831,6820
05-09-2022 07:36,59.9,2.4,2.2,3,SE,6704,6818,6809
05-09-2022 07:37,59.9,2.2,2.4,3,SE,6714,6823,6811
05-09-2022 07:37,59.9,2.2,2.4,3,SE,6708,6827,6812
05-09-2022 07:38,59.9,2.2,2.4,3,SE,6680,6811,6794
05-09-2022 07:39,59.9,2.2,2.4,3,SE,6661,6811,6790
05-09-2022 07:39,60,2.2,2.4,3,SE,6702,6819,6812
05-09-2022 07:40,59.9,2.2,2.4,3,SE,6688,6803,6793
05-09-2022 07:40,60,2.2,2.4,2.8,SE,6692,6808,6800
05-09-2022 07:41,60,2.2,2.4,2.8,SE,6684,6814,6799
05-09-2022 07:41,59.9,2.2,2.4,2.8,SE,6698,6813,6797
05-09-2022 07:42,59.9,2.2,2.4,2.8,SE,6704,6817,6797
05-09-2022 07:43,60,2.2,2.4,2.8,SE,6689,6798,6781
05-09-2022 07:43,60,2.2,2.4,2.8,SE,6684,6792,6774
05-09-2022 07:44,59.9,2.4,2.6,3,SE,6648,6786,6760
05-09-2022 07:44,60,2.4,2.6,3,SE,6670,6794,6773
05-09-2022 07:45,60,2.6,2.6,3,SE,6678,6798,6781
05-09-2022 07:45,60,3.2,3,3.4,SE,6681,6798,6785
05-09-2022 07:46,59.9,2.6,2.6,3,SE,6672,6783,6765
05-09-2022 07:46,59.9,2.6,2.6,3,SE,6670,6792,6776
05-09-2022 07:47,59.9,2.2,2.4,2.8,SE,6676,6784,6774
05-09-2022 07:48,59.9,2.2,2.4,2.8,SE,6663,6786,6774
05-09-2022 07:48,59.9,2.2,2.4,3,SE,6675,6784,6769
05-09-2022 07:49,59.9,2.2,2.4,3,SE,6674,6774,6763
05-09-2022 07:49,59.9,2.4,2.4,3,SE,6668,6776,6762
05-09-2022 07:50,59.9,2.2,2.2,2.8,SE,6658,6773,6758
05-09-2022 07:51,59.9,2.2,2.2,2.8,SE,6659,6764,6751
05-09-2022 07:51,59.8,2.2,2.2,2.8,SE,6677,6796,6776
05-09-2022 07:52,59.9,2.8,2.8,3.4,SE,6707,6817,6799
05-09-2022 07:52,60.1,2.2,2.2,2.8,SE,6721,6827,6813
05-09-2022 07:53,60.1,2.2,2.2,2.8,SE,6708,6831,6814
05-09-2022 07:53,60,2.2,2.2,2.8,SE,6721,6838,6828
05-09-2022 07:54,59.9,2.2,2.2,2.8,SE,6714,6838,6823
05-09-2022 07:55,59.8,2.2,2.2,2.8,SE,6688,6805,6788
05-09-2022 07:55,59.8,2.2,2.2,2.8,SE,6681,6810,6791
05-09-2022 07:56,59.9,2.2,2.4,2.8,SE,6683,6798,6784
05-09-2022 07:57,60,2.2,2.4,3,SE,6677,6802,6786
05-09-2022 07:57,59.9,2.2,2.4,2.8,SE,6679,6814,6796
05-09-2022 07:58,60,2.2,2.4,2.8,SE,6711,6797,6783
05-09-2022 07:58,60,2.2,2.4,2.8,SE,6707,6810,6791
05-09-2022 07:59,59.8,2.2,2.4,2.8,SE,6696,6817,6797
05-09-2022 07:59,59.8,2.2,2.2,2.8,SE,6666,6790,6770
05-09-2022 08:00,59.9,2.2,2.2,2.8,SE,6647,6786,6765
05-09-2022 08:00,59.9,2.2,2.2,2.8,SE,6657,6778,6760
05-09-2022 08:01,59.9,2.2,2.2,2.8,SE,6639,6758,6740
05-09-2022 08:01,59.9,2.2,2.2,2.8,SE,6640,6746,6729
05-09-2022 08:02,60,2.2,2.2,2.8,SE,6680,6792,6778
05-09-2022 08:03,59.9,2.2,2.2,2.8,SE,6664,6773,6759
05-09-2022 08:03,59.9,2.2,2.2,2.8,SE,6651,6777,6762
05-09-2022 08:04,60,2.2,2.2,2.8,SE,6660,6765,6749
05-09-2022 08:04,60,2.4,2.4,2.8,SE,6666,6785,6768
05-09-2022 08:05,60,2.8,3,3.4,SE,6660,6778,6761
05-09-2022 08:05,59.9,2.4,2.6,3,SE,6655,6777,6754
05-09-2022 08:06,59.9,2.4,2.6,3,SE,6653,6777,6758
05-09-2022 08:07,60,2.4,2.6,3,SE,6666,6788,6771
05-09-2022 08:07,60,2.4,2.6,3,SE,6641,6768,6746
05-09-2022 08:08,60,2.4,2.6,3,SE,6654,6770,6749
05-09-2022 08:08,59.9,2.2,2.6,3,SE,6653,6771,6749
05-09-2022 08:09,59.9,2.4,2.8,3,SE,6646,6758,6731
05-09-2022 08:09,59.9,2.4,2.8,3,SE,6649,6766,6738
05-09-2022 08:10,59.9,2.6,2.8,3,SE,6614,6748,6723
05-09-2022 08:10,59.9,2.8,2.8,3,SE,6609,6739,6711
05-09-2022 08:11,60,2.8,2.8,3,SE,6614,6732,6706
05-09-2022 08:11,60,2.8,2.8,3,SE,6619,6736,6709
05-09-2022 08:12,59.9,2.8,3,3,SE,6627,6753,6719
05-09-2022 08:12,59.9,2.8,2.8,3,SE,6608,6738,6714
05-09-2022 08:13,59.9,2.6,2.8,3,SE,6616,6734,6708
05-09-2022 08:13,59.9,2.6,2.8,3,SE,6627,6746,6720
05-09-2022 08:14,59.9,2.6,2.8,3,SE,6611,6725,6691
05-09-2022 08:15,59.9,2.8,3,3,SE,6616,6735,6706
05-09-2022 08:15,60,2.8,3.6,3.8,SE,6597,6724,6695
05-09-2022 08:16,60,2.8,3.6,3.6,SE,6591,6718,6685
05-09-2022 08:16,59.8,2.8,3.8,3.8,SE,6564,6710,6673
05-09-2022 08:17,60,2.8,3.8,3.6,SE,6591,6715,6685
05-09-2022 08:17,59.9,2.6,3.6,3.6,SE,6598,6720,6692
05-09-2022 08:18,59.9,2.6,3.8,3.6,SE,6605,6721,6694
05-09-2022 08:19,60,2.8,3.6,3.6,SE,6592,6710,6687
05-09-2022 08:19,59.9,3.2,4,3.8,SE,6611,6734,6708
05-09-2022 08:20,60,3.4,3.6,3.8,SE,6603,6727,6698
05-09-2022 08:20,60,3,3.2,3.4,SE,6623,6734,6709
05-09-2022 08:21,60,2.8,2.8,3,SE,6624,6735,6705
05-09-2022 08:21,59.9,2.6,2.8,3,SE,6611,6719,6692
05-09-2022 08:22,60,2.8,3,3.4,SE,6619,6740,6717
05-09-2022 08:22,60,2.8,3,3.4,SE,6622,6742,6715
05-09-2022 08:23,60,2.8,3,3.2,SE,6593,6718,6690
05-09-2022 08:23,59.9,2.6,2.8,3,SE,6588,6701,6679
05-09-2022 08:24,60,3.4,3.2,3.6,SE,6580,6691,6663
05-09-2022 08:24,60,3.2,3,3.2,SE,6590,6706,6678
05-09-2022 08:25,59.9,3,3.2,3.2,SE,6574,6699,6664
05-09-2022 08:26,60,3,3.4,3.2,SE,6592,6707,6682
05-09-2022 08:27,59.9,3,3.4,3.4,SE,6596,6703,6674
05-09-2022 08:27,59.8,3,3.6,3.6,SE,6578,6694,6668
05-09-2022 08:28,59.9,3,3.6,3.8,SE,6565,6668,6648
05-09-2022 08:28,59.9,3.6,4.2,4.2,SE,6574,6688,6661
05-09-2022 08:29,59.9,3,3.6,3.4,SE,6570,6679,6657
05-09-2022 08:29,60,3,3.6,3.4,SE,6581,6687,6670
05-09-2022 08:30,60,2.8,3.6,3.4,SE,6576,6690,6667
05-09-2022 08:31,60,3,3.4,3.2,SE,6583,6689,6667
05-09-2022 08:31,59.9,3,3.6,3.6,SE,6650,6782,6758
05-09-2022 08:32,60,3,3.4,3.8,SE,6666,6780,6750
05-09-2022 08:32,60,3.2,3.6,3.8,SE,6662,6783,6753
05-09-2022 08:33,60,3.2,3.4,3.2,SE,6669,6781,6757
05-09-2022 08:33,60,3,3.4,3.2,SE,6671,6782,6755
05-09-2022 08:34,60,2.8,3.6,3.4,SE,6668,6786,6763
05-09-2022 08:34,60,2.8,3.6,3.4,SE,6676,6780,6758
05-09-2022 08:35,60.1,3,3.2,3.2,SE,6672,6784,6756
05-09-2022 08:35,60,3,3.4,3.6,SE,6677,6784,6761
05-09-2022 08:36,60,3.2,3.8,3.8,SE,6643,6765,6744
05-09-2022 08:36,60,3.2,4,3.6,SE,6661,6771,6753
05-09-2022 08:37,59.9,3.2,4,3.4,SE,6654,6769,6748
05-09-2022 08:37,60,3,4.2,3.6,SE,6654,6769,6755
05-09-2022 08:38,60,3,3.8,3.4,SE,6675,6784,6762
05-09-2022 08:39,59.9,3,3.4,3.2,SE,6659,6783,6759
05-09-2022 08:39,59.9,3,3.2,3.2,SE,6691,6803,6779
05-09-2022 08:40,59.9,3.2,3.2,3.6,SE,6674,6794,6767
05-09-2022 08:40,60,3.2,3.2,3.6,SE,6686,6804,6782
05-09-2022 08:41,59.9,3,3.2,3.2,SE,6688,6800,6778
05-09-2022 08:42,59.9,2.8,3.4,3.2,SE,6659,6778,6753
05-09-2022 08:42,59.9,2.8,3.4,3.2,SE,6659,6775,6754
05-09-2022 08:43,59.9,3,3.4,3.2,SE,6648,6777,6752
05-09-2022 08:43,59.9,3,3.4,3.2,SE,6651,6772,6750
05-09-2022 08:44,59.9,3.2,3.6,3.8,SE,6656,6769,6746
05-09-2022 08:44,60,3.2,3.6,3.8,SE,6673,6776,6761
05-09-2022 08:45,60,3.8,4.4,4.2,SE,6675,6785,6764
05-09-2022 08:46,60,3,4,3.4,SE,6675,6785,6765
05-09-2022 08:46,60,3,3.6,3.4,SE,6658,6766,6751
05-09-2022 08:47,60,3,3.2,3.2,SE,6645,6774,6751
05-09-2022 08:47,60,3,3.2,3.2,SE,6648,6777,6754
05-09-2022 08:48,60,3,3.8,4,SE,6662,6777,6757
05-09-2022 08:48,60,3.8,4.2,4.4,SE,6659,6774,6756
05-09-2022 08:49,60,3,3.8,3.4,SE,6644,6755,6730
05-09-2022 08:49,60,2.8,4,3.6,SE,6652,6742,6719
05-09-2022 08:50,60,2.8,3.4,3.4,SE,6648,6767,6740
05-09-2022 08:51,60.1,2.8,3.6,3.4,SE,6662,6781,6752
05-09-2022 08:51,60.1,2.8,3.4,3.4,SE,6649,6783,6748
05-09-2022 08:52,60.1,3,3.2,3.6,SE,6674,6791,6759
05-09-2022 08:52,60.1,3.2,3.2,3.8,SE,6668,6786,6754
05-09-2022 08:53,60.1,3.2,3.4,3.6,SE,6659,6784,6754
05-09-2022 08:54,60.1,2.8,3.6,3.4,SE,6634,6768,6732
05-09-2022 08:54,60.1,3,4,3.6,SE,6624,6767,6732
05-09-2022 08:55,60,3,3.6,3.6,SE,6642,6773,6739
05-09-2022 08:56,60,3,3.2,3.6,SE,6643,6769,6737
05-09-2022 08:56,60,3,3.2,3.6,SE,6638,6755,6725
05-09-2022 08:57,60,3.2,3.6,3.6,SE,6643,6763,6734
05-09-2022 08:57,60,3.6,4,4.2,SE,6643,6769,6739
05-09-2022 08:58,60,2.8,3.6,3.6,SE,6636,6759,6729
05-09-2022 08:58,60,3,3.2,3.6,SE,6639,6761,6729
05-09-2022 08:59,60,3,3.4,3.6,SE,6626,6757,6724
05-09-2022 08:59,60,3,3.4,3.8,SE,6628,6754,6720
05-09-2022 09:00,60,3.2,3.6,4,SE,6641,6769,6737
05-09-2022 09:00,60,3.6,3.4,4.2,SE,6642,6765,6731
05-09-2022 09:01,60,3.4,3.8,4.2,SE,6616,6738,6707
05-09-2022 09:01,60,3.2,4,4.2,SE,6615,6726,6696
05-09-2022 09:02,60.1,3.2,3.8,4,SE,6615,6732,6701
05-09-2022 09:03,60.1,3.2,3.8,4,SE,6617,6740,6708
05-09-2022 09:03,60,3.2,3.6,3.8,SE,6620,6744,6715
05-09-2022 09:04,60.1,3.4,3.6,4.4,SE,6631,6727,6703
05-09-2022 09:05,60.1,3.6,3.6,4.4,SE,6610,6736,6706
05-09-2022 09:06,60,3.8,3.8,4.4,SE,6613,6731,6702
05-09-2022 09:06,60,3.4,3.6,4.2,SE,6604,6732,6702
05-09-2022 09:07,60,3.6,3.4,4,SE,6601,6729,6701
05-09-2022 09:08,60,3.6,3.2,4.2,SE,6605,6730,6705
05-09-2022 09:08,60,3.6,3.2,4.2,SE,6617,6718,6698
05-09-2022 09:09,60,3.8,3.8,4.4,SE,6609,6727,6701
05-09-2022 09:09,60,3.8,4,4.4,SE,6604,6723,6698
05-09-2022 09:10,59.9,3.8,4.2,4.4,SE,6601,6720,6693
05-09-2022 09:10,59.9,4,4.4,4.8,SE,6593,6716,6689
05-09-2022 09:11,60,3.6,3.8,4.2,SE,6599,6709,6686
05-09-2022 09:11,59.9,3.6,3.8,4.2,SE,6619,6742,6718
05-09-2022 09:12,59.9,3.6,3.8,4.4,SE,6590,6716,6689
05-09-2022 09:12,59.9,4.2,4.4,4.8,SE,6591,6715,6688
05-09-2022 09:13,59.9,3.8,4,4.4,SE,6595,6715,6685
05-09-2022 09:14,59.9,3.8,4,4.4,SE,6602,6712,6684
05-09-2022 09:14,59.9,3.4,3.6,4,SE,6652,6770,6746
05-09-2022 09:15,59.9,3.4,4,4.2,SE,6651,6774,6748
05-09-2022 09:15,60,3.4,4,4.2,SE,6663,6777,6754
05-09-2022 09:16,59.9,3.6,4.4,4.8,SE,6652,6779,6753
05-09-2022 09:16,59.8,3.6,4.2,4.6,SE,6665,6779,6757
05-09-2022 09:17,59.9,3.4,4,4.2,SE,6702,6811,6787
05-09-2022 09:18,60,3.8,3.8,4.2,SE,6697,6818,6796
05-09-2022 09:18,60,3.6,3.8,4.2,SE,6689,6811,6787
05-09-2022 09:19,59.9,3.2,3.4,3.6,SE,6689,6823,6792
05-09-2022 09:19,59.9,3.2,3.4,3.8,SE,6682,6809,6779
05-09-2022 09:20,59.9,3.4,3.4,4,SE,6674,6787,6759
05-09-2022 09:20,59.9,3.4,3.6,4.2,SE,6676,6797,6771
05-09-2022 09:21,59.9,3.4,3.6,3.8,SE,6666,6791,6764
05-09-2022 09:21,59.9,3.4,3.8,4,SE,6647,6786,6753
05-09-2022 09:22,59.9,3.6,4.4,4.4,SE,6650,6791,6759
05-09-2022 09:22,59.9,3.6,4.2,4.2,SE,6663,6799,6767
05-09-2022 09:23,59.9,3.4,4.2,4,SE,6672,6792,6763
05-09-2022 09:23,59.9,3.6,4.4,4.4,SE,6668,6796,6766
05-09-2022 09:24,59.9,3.6,3.8,4.4,SE,6670,6789,6758
05-09-2022 09:24,60,4.4,3.8,4.8,SE,6675,6788,6759
05-09-2022 09:25,59.9,3.8,3.6,4.4,SE,6685,6811,6783
05-09-2022 09:26,59.9,3.8,3.6,4.4,SE,6675,6804,6773
05-09-2022 09:26,59.9,4,3.6,4.4,SE,6660,6790,6764
05-09-2022 09:27,60,4.6,4.4,5.2,SE,6670,6795,6764
05-09-2022 09:27,59.9,3.8,3.6,4.4,SE,6665,6786,6756
05-09-2022 09:28,59.9,3.8,3.6,4.6,SE,6657,6792,6758
05-09-2022 09:28,59.9,3.8,3.4,4.2,SE,6653,6784,6749
05-09-2022 09:29,59.9,3.8,3.6,4.4,SE,6658,6788,6752
05-09-2022 09:30,59.9,3.6,4,4.2,SE,6640,6775,6742
05-09-2022 09:30,59.9,3.6,4,4.6,SE,6669,6785,6756
05-09-2022 09:31,59.9,3.8,4,4.4,SE,6681,6798,6770
05-09-2022 09:31,59.9,3.8,3.6,4,SE,6686,6797,6771
05-09-2022 09:32,59.9,3.6,3.8,4.4,SE,6696,6809,6780
05-09-2022 09:32,60,3.6,3.6,4.4,SE,6688,6807,6778
05-09-2022 09:33,59.9,3.4,3.4,4,SE,6656,6792,6758
05-09-2022 09:33,59.9,3.6,3.8,4.2,SE,6658,6804,6768
05-09-2022 09:34,59.9,3.6,3.6,4.2,SE,6677,6815,6785
05-09-2022 09:34,59.9,3.8,3.6,4.2,SE,6678,6812,6781
05-09-2022 09:35,59.9,4,3.6,4.4,SE,6671,6793,6766
05-09-2022 09:35,59.9,3.6,3.6,4,SE,6680,6784,6759
05-09-2022 09:36,59.9,3.8,3.8,4.6,SE,6672,6805,6776
05-09-2022 09:36,59.9,3.6,4.2,4.4,SE,6669,6804,6775
05-09-2022 09:37,59.9,3.6,4,4.4,SE,6676,6798,6773
05-09-2022 09:38,59.9,3.6,3.8,4.4,SE,6678,6797,6771
05-09-2022 09:38,59.9,3.8,3.4,4.4,SE,6676,6780,6760
05-09-2022 09:39,60,3.8,3.2,4.2,SE,6674,6783,6762
05-09-2022 09:39,59.9,3.8,3.4,4,SE,6667,6800,6771
05-09-2022 09:40,59.9,3.8,3.2,4.2,SE,6668,6796,6767
05-09-2022 09:40,59.8,3.6,3.4,4,SE,6664,6795,6769
05-09-2022 09:41,59.9,3.4,3.6,4,SE,6669,6798,6770
05-09-2022 09:42,59.9,3.4,3.6,4.2,SE,6676,6791,6763
05-09-2022 09:42,59.9,3.6,3.6,4.2,SE,6664,6797,6767
05-09-2022 09:43,59.9,3.6,3.6,4.2,SE,6675,6800,6773
05-09-2022 09:43,59.9,4,3.8,4.4,SE,6682,6800,6768
05-09-2022 09:44,60,4,4,4.4,SE,6668,6805,6775
05-09-2022 09:44,59.9,3.6,4,4.4,SE,6670,6792,6760
05-09-2022 09:45,59.9,4.2,4.4,4.8,SE,6668,6800,6767
05-09-2022 09:46,59.9,3.8,4,4.4,SE,6670,6790,6760
05-09-2022 09:46,59.9,4,3.8,4.8,SE,6666,6789,6757
05-09-2022 09:47,59.9,4.6,4.2,5.2,SE,6661,6786,6752
05-09-2022 09:47,59.9,4.2,4.2,4.6,SE,6661,6797,6764
05-09-2022 09:48,59.9,4.8,4.4,5.2,SE,6653,6780,6749
05-09-2022 09:49,59.9,4.2,4.4,5,SE,6655,6787,6749
05-09-2022 09:50,59.9,4.2,4.4,5,SE,6657,6793,6749
05-09-2022 09:50,59.9,4.6,4.6,5.4,SE,6662,6784,6753
05-09-2022 09:51,59.9,5,4.6,5.8,SE,6655,6787,6752
05-09-2022 09:51,59.9,5.4,5.4,6.6,SE,6636,6776,6741
05-09-2022 09:52,59.9,5.4,5.2,6,SE,6648,6787,6753
05-09-2022 09:52,60,5.4,5.2,6,SE,6665,6792,6765
05-09-2022 09:53,59.9,5.6,5.8,6.6,SE,6659,6791,6761
05-09-2022 09:54,60,5.4,5.2,6.2,SE,6662,6780,6754
05-09-2022 09:54,59.9,5.4,5,6,SE,6659,6790,6754
05-09-2022 09:55,59.9,5.4,5.2,6.2,SE,6657,6791,6758
05-09-2022 09:55,59.9,5.6,5.4,6.4,SE,6661,6790,6758
05-09-2022 09:56,59.9,5.8,5.6,6.4,SE,6665,6793,6761
05-09-2022 09:56,59.9,5.8,5.6,6.6,SE,6652,6787,6755
05-09-2022 09:57,59.9,6,6,6.6,SE,6640,6785,6750
05-09-2022 09:57,60,5.8,6.4,7,SE,6642,6785,6753
05-09-2022 09:58,59.9,5.8,6,6.6,SE,6645,6778,6748
05-09-2022 09:58,59.9,5.2,5.6,6.2,SE,6641,6775,6745
05-09-2022 09:59,59.9,6,5.8,6.8,SE,6659,6784,6756
05-09-2022 09:59,59.9,5.8,5.6,7,SE,6656,6781,6753
05-09-2022 10:00,59.9,5.6,5.6,6.2,SE,6660,6781,6753
05-09-2022 10:00,59.9,5.8,5.6,6.2,SE,6652,6784,6752
05-09-2022 10:01,59.9,5.4,5.2,6,SE,6652,6793,6757
05-09-2022 10:02,60,5.8,5.6,6.4,SE,6645,6781,6746
05-09-2022 10:02,59.9,5.2,5,6,SE,6643,6775,6746
05-09-2022 10:03,59.9,6.2,5.6,6.8,SE,6650,6783,6750
05-09-2022 10:03,59.9,5.8,5,6.6,SE,6652,6777,6746
05-09-2022 10:04,59.9,6.4,5.4,7.2,SE,6641,6776,6746
05-09-2022 10:04,59.9,5.8,5.2,6.2,SE,6655,6784,6754
05-09-2022 10:05,59.9,6.2,6,6.8,SE,6646,6785,6757
05-09-2022 10:06,59.9,5.4,5.6,6,SE,6657,6781,6749
05-09-2022 10:06,59.9,5.4,5.4,5.8,SE,6655,6770,6743
05-09-2022 10:07,59.9,5.4,5.8,6.4,SE,6649,6774,6745
05-09-2022 10:07,60,5.2,5.4,6.2,SE,6649,6780,6749
05-09-2022 10:08,59.9,5.4,5.4,6.4,SE,6644,6775,6740
05-09-2022 10:08,59.9,5.4,5.2,6.2,SE,6626,6770,6733
05-09-2022 10:09,59.9,5.2,5.4,6,SE,6647,6773,6738
05-09-2022 10:09,59.9,5.4,5.6,6,SE,6641,6759,6725
05-09-2022 10:10,59.9,5.4,5.2,5.8,SE,6644,6777,6740
05-09-2022 10:10,59.9,5.2,5,5.8,SE,6646,6772,6741
05-09-2022 10:11,59.9,5,5,5.6,SE,6646,6769,6734
05-09-2022 10:11,59.9,5.2,5.2,6.2,SE,6646,6773,6740
05-09-2022 10:12,59.9,5.4,5.4,6.4,SE,6629,6772,6731
05-09-2022 10:12,59.9,5.2,5.4,6.2,SE,6638,6767,6731
05-09-2022 10:13,59.9,5.6,5.4,6,SE,6631,6761,6725
05-09-2022 10:14,59.9,5.6,5.4,6,SE,6643,6775,6737
05-09-2022 10:14,59.9,5.4,5.2,6,SE,6631,6771,6729
05-09-2022 10:15,59.9,5.8,5.8,6.2,SE,6637,6760,6726
05-09-2022 10:15,59.9,5.2,5.2,6,SE,6648,6774,6734
05-09-2022 10:16,59.9,5.6,5.4,6.4,SE,6656,6774,6738
05-09-2022 10:16,59.9,5.2,5.4,6,SE,6640,6774,6736
05-09-2022 10:17,59.9,5.4,5.8,6.4,SE,6643,6775,6739
05-09-2022 10:18,59.9,5,5.4,6,SE,6637,6773,6739
05-09-2022 10:18,59.9,5.4,5.2,5.8,SE,6641,6774,6740
05-09-2022 10:19,59.9,5.2,5.4,5.8,SE,6638,6767,6735
05-09-2022 10:19,59.9,5.6,5.6,6.2,SE,6641,6763,6730
05-09-2022 10:20,59.9,5.4,5.2,6.2,SE,6637,6761,6726
05-09-2022 10:21,60,5.6,5.2,6.2,SE,6642,6770,6735
05-09-2022 10:21,59.9,5.2,5.2,6,SE,6634,6760,6725
05-09-2022 10:22,59.9,5.2,5.2,6,SE,6633,6763,6729
05-09-2022 10:22,59.9,5.4,5.2,5.8,SE,6626,6763,6728
05-09-2022 10:23,60,5.6,5.2,5.8,SE,6633,6763,6729
05-09-2022 10:23,59.9,6,5.4,6.2,SE,6629,6763,6730
05-09-2022 10:24,60,5.6,5,6,SE,6632,6755,6724
05-09-2022 10:24,59.9,5.4,4.8,5.6,SE,6625,6753,6722
05-09-2022 10:25,59.9,5.2,5,5.6,SE,6625,6750,6720
05-09-2022 10:26,59.9,5.2,5,5.6,SE,6634,6744,6715
05-09-2022 10:26,60,5.6,5.4,6,SE,6615,6740,6709
05-09-2022 10:27,59.9,5.4,5.2,5.6,SE,6616,6744,6713
05-09-2022 10:27,60,5.4,5,5.8,SE,6616,6746,6712
05-09-2022 10:28,59.9,5.6,5.4,6,SE,6610,6738,6699
05-09-2022 10:28,59.9,5.2,4.8,5.8,SE,6607,6735,6695
05-09-2022 10:29,59.9,5.8,5.4,6.2,SE,6616,6735,6700
05-09-2022 10:30,60,5.2,5.2,6.2,SE,6619,6747,6715
05-09-2022 10:30,60,5.6,5.4,6.2,SE,6615,6745,6714
05-09-2022 10:31,59.9,5,4.8,5.8,SE,6615,6744,6710
05-09-2022 10:31,59.9,5.4,5,5.8,SE,6609,6738,6707
05-09-2022 10:32,60,5.4,4.8,5.8,SE,6585,6738,6702
05-09-2022 10:32,60,5.6,4.8,5.8,SE,6594,6744,6707
05-09-2022 10:33,60,5.2,5,5.8,SE,6610,6744,6713
05-09-2022 10:33,60,5.2,5,5.8,SE,6593,6740,6709
05-09-2022 10:34,59.9,5,4.8,5.4,SE,6615,6730,6700
05-09-2022 10:34,59.9,5,4.8,5.6,SE,6617,6738,6705
05-09-2022 10:35,59.9,4.8,4.6,5.4,SE,6608,6719,6690
05-09-2022 10:35,60,5.2,4.8,5.6,SE,6616,6735,6710
05-09-2022 10:36,59.9,5.2,4.8,5.6,SE,6611,6737,6707
05-09-2022 10:36,59.9,5.2,4.8,5.4,SE,6614,6740,6715
05-09-2022 10:37,59.9,5.4,5.2,5.8,SE,6608,6729,6704
05-09-2022 10:38,59.9,5.4,5.4,6,SE,6613,6742,6713
05-09-2022 10:38,59.9,4.8,4.8,5.6,SE,6609,6741,6712
05-09-2022 10:39,60,5,4.8,5.8,SE,6609,6731,6700
05-09-2022 10:39,59.9,5.2,4.6,5.6,SE,6622,6734,6706
05-09-2022 10:40,60,5,4.4,5.6,SE,6615,6740,6711
05-09-2022 10:40,59.9,5,4.6,5.6,SE,6609,6739,6714
05-09-2022 10:41,59.9,5.2,5,5.6,SE,6619,6744,6716
05-09-2022 10:42,59.8,5.6,5.4,6.2,SE,6618,6733,6709
05-09-2022 10:42,59.9,5.2,5.2,5.6,SE,6621,6748,6723
05-09-2022 10:43,59.9,4.8,5,5.4,SE,6620,6738,6715
05-09-2022 10:43,59.9,4.8,5,5.4,SE,6613,6732,6708
05-09-2022 10:44,60,5,5,5.6,SE,6626,6745,6722
05-09-2022 10:44,59.9,5,5,5.6,SE,6617,6739,6715
05-09-2022 10:45,60,4.6,4.8,5.4,SE,6620,6742,6722
05-09-2022 10:45,60,4.8,4.6,5.4,SE,6616,6743,6723
05-09-2022 10:46,60,5,4.4,5.2,SE,6616,6742,6721
05-09-2022 10:46,60,5,4.4,5.2,SE,6613,6726,6704
05-09-2022 10:47,59.9,4.6,4.4,5,SE,6612,6727,6707
05-09-2022 10:47,59.9,5.2,4.8,5.6,SE,6609,6723,6705
05-09-2022 10:48,60,4.8,4.8,5.6,SE,6617,6727,6711
05-09-2022 10:48,60,4.8,4.8,5.4,SE,6623,6742,6719
05-09-2022 10:49,60,5.4,5.6,6.2,SE,6622,6748,6721
05-09-2022 10:50,60,5,5.2,5.8,SE,6621,6747,6718
05-09-2022 10:50,60,5.2,5.2,5.6,SE,6605,6737,6711
05-09-2022 10:51,60,4.8,5.2,5.4,SE,6609,6745,6712
05-09-2022 10:51,60,5,5.2,5.6,SE,6602,6736,6705
05-09-2022 10:52,60,4.6,5,5.4,SE,6624,6750,6723
05-09-2022 10:53,60,4.6,5.2,5.6,SE,6615,6744,6720
05-09-2022 10:54,60,4.6,5.4,5.6,SE,6606,6745,6727
05-09-2022 10:54,59.9,4.8,5,5.6,SE,6607,6746,6723
05-09-2022 10:55,59.9,5,5.2,5.6,SE,6614,6744,6715
05-09-2022 10:55,59.9,4.8,5.2,5.4,SE,6625,6746,6720
05-09-2022 10:56,59.9,5,5.2,5.6,SE,6622,6744,6714
05-09-2022 10:56,59.9,5,5,5.6,SE,6621,6739,6711
05-09-2022 10:57,59.9,5,5.4,5.6,SE,6614,6741,6713
05-09-2022 10:57,59.9,4.8,5.2,5.8,SE,6608,6737,6707
05-09-2022 10:58,59.9,5,5,5.8,SE,6609,6737,6706
05-09-2022 10:58,59.9,5,5,5.8,SE,6600,6731,6699
05-09-2022 10:59,60,5,5,5.8,SE,6609,6726,6697
05-09-2022 10:59,59.9,5,4.8,5.6,SE,6602,6723,6697
05-09-2022 11:00,59.9,4.8,4.8,5.6,SE,6604,6717,6705
05-09-2022 11:01,59.9,5.2,5.4,6,SE,6602,6715,6694
05-09-2022 11:02,59.9,4.6,5,5.6,SE,6614,6718,6693
05-09-2022 11:02,59.9,4.6,4.8,5.6,SE,6613,6737,6706
05-09-2022 11:03,59.9,4.6,4.8,5.6,SE,6619,6745,6719
05-09-2022 11:03,59.9,4.6,4.8,5.6,SE,6589,6727,6704
05-09-2022 11:04,59.9,4.8,4.8,5.6,SE,6609,6736,6710
05-09-2022 11:05,59.9,4.8,4.6,5,SE,6609,6725,6700
05-09-2022 11:05,59.9,4.8,4.8,5.2,SE,6606,6727,6703
05-09-2022 11:06,59.9,5,4.8,5.4,SE,6579,6721,6686
05-09-2022 11:06,59.9,4.8,4.4,5.2,SE,6579,6716,6679
05-09-2022 11:07,59.9,5,4.4,5.4,SE,6599,6731,6699
05-09-2022 11:08,60,5,4.6,5.6,SE,6603,6721,6694
05-09-2022 11:08,60,5.6,5.2,6,SE,6607,6710,6686
05-09-2022 11:09,59.9,5,5.2,5.4,SE,6608,6728,6699
05-09-2022 11:09,59.9,5.6,5.6,5.8,SE,6606,6729,6701
05-09-2022 11:10,59.9,5,5,5.2,SE,6601,6723,6692
05-09-2022 11:10,59.9,5,5,5.4,SE,6607,6726,6696
05-09-2022 11:11,59.9,4.8,5,5.6,SE,6602,6725,6693
05-09-2022 11:11,59.9,5,5,5.8,SE,6594,6730,6699
05-09-2022 11:12,59.9,4.8,4.8,5.4,SE,6588,6722,6686
05-09-2022 11:12,60,4.6,4.8,5.2,SE,6577,6727,6686
05-09-2022 11:13,60,4.8,5,5.2,SE,6582,6706,6676
05-09-2022 11:14,60,5,5.4,5.4,SE,6591,6707,6681
05-09-2022 11:14,60,5,5,5.2,SE,6596,6716,6686
05-09-2022 11:15,60,5.2,5.2,5.4,SE,6597,6712,6684
05-09-2022 11:15,60,5.2,5.2,6,SE,6597,6713,6688
05-09-2022 11:16,60,5.2,5,5.8,SE,6582,6704,6674
05-09-2022 11:17,60,5.2,5,5.4,SE,6578,6701,6675
05-09-2022 11:17,60,5.2,5.2,5.6,SE,6580,6706,6679
05-09-2022 11:18,59.9,4.8,5.2,5.4,SE,6575,6692,6673
05-09-2022 11:18,59.9,5.6,5.8,5.8,SE,6557,6678,6656
05-09-2022 11:19,59.9,5,5.4,5.4,SE,6549,6690,6657
05-09-2022 11:19,59.9,5.2,5.6,5.4,SE,6568,6680,6661
05-09-2022 11:20,59.9,5.2,5.6,6,SE,6571,6693,6669
05-09-2022 11:20,59.9,5.4,5.6,6,SE,6575,6699,6674
05-09-2022 11:21,59.9,5.2,5.4,5.6,SE,6564,6696,6675
05-09-2022 11:21,59.9,5.2,5.6,5.6,SE,6571,6686,6667
05-09-2022 11:22,59.9,5.2,5.4,5.6,SE,6571,6696,6672
05-09-2022 11:22,59.9,5.2,5.2,5.4,SE,6571,6683,6663
05-09-2022 11:23,59.9,5.4,5.4,5.4,SE,6579,6695,6668
05-09-2022 11:23,60,5.6,5.4,5.8,SE,6580,6698,6669
05-09-2022 11:24,60,5.8,5.6,6,SE,6574,6687,6664
05-09-2022 11:25,60,5.2,5.6,5.8,SE,6549,6670,6650
05-09-2022 11:25,60,5.2,6,6,SE,6581,6698,6675
05-09-2022 11:26,60,5.2,5.8,6,SE,6583,6689,6667
05-09-2022 11:26,60,5.4,5.8,6,SE,6573,6693,6669
05-09-2022 11:27,59.9,5.2,5.4,5.6,SE,6578,6700,6675
05-09-2022 11:27,59.9,5.6,5.6,6,SE,6580,6698,6672
05-09-2022 11:28,59.9,5.8,5.6,6,SE,6577,6676,6658
05-09-2022 11:29,59.9,5.6,5.6,6,SE,6576,6700,6676
05-09-2022 11:30,59.9,5.4,5.8,6,SE,6560,6687,6665
05-09-2022 11:30,59.9,5.2,5.6,5.8,SE,6575,6699,6673
05-09-2022 11:31,59.9,5.2,5.6,5.8,SE,6566,6692,6664
05-09-2022 11:31,59.9,5.2,5.6,5.8,SE,6574,6688,6661
05-09-2022 11:32,59.9,6,6.2,6.6,SE,6579,6689,6658
05-09-2022 11:32,59.9,6.2,6.2,6.8,SE,6580,6702,6671
05-09-2022 11:33,59.9,5.6,5.8,6.2,SE,6564,6696,6667
05-09-2022 11:33,60,5.4,5.8,6,SE,6562,6700,6671
05-09-2022 11:34,59.9,5.4,5.8,6.4,SE,6581,6699,6674
05-09-2022 11:34,59.9,5.4,6,6.4,SE,6558,6687,6659
05-09-2022 11:35,59.9,5.4,5.6,6.2,SE,6580,6694,6664
05-09-2022 11:35,60,5.6,5.6,6.4,SE,6567,6695,6665
05-09-2022 11:36,60,5.8,5.8,6.4,SE,6588,6705,6680
05-09-2022 11:37,59.9,5.4,5.8,6.2,SE,6587,6706,6678
05-09-2022 11:37,59.9,5.4,5.6,5.8,SE,6581,6707,6680
05-09-2022 11:38,59.9,5.4,6,6,SE,6569,6688,6660
05-09-2022 11:38,59.9,5.2,5.6,6,SE,6582,6692,6667
05-09-2022 11:39,59.9,5.4,5.4,5.8,SE,6603,6719,6696
05-09-2022 11:39,59.9,5.6,5.4,6,SE,6605,6733,6707
05-09-2022 11:40,59.9,5.6,5.2,5.8,SE,6608,6728,6701
05-09-2022 11:41,60,5.4,5.2,5.8,SE,6607,6740,6706
05-09-2022 11:41,60,5.2,5,5.8,SE,6606,6742,6711
05-09-2022 11:42,59.9,5.4,5.6,6,SE,6613,6732,6706
05-09-2022 11:42,60,5.4,5.4,6,SE,6606,6724,6699
05-09-2022 11:43,59.9,5.4,5.4,6,SE,6606,6733,6706
05-09-2022 11:43,59.9,5.2,5.4,6,SE,6607,6735,6705
05-09-2022 11:44,59.9,5.4,5.4,6.2,SE,6591,6731,6700
05-09-2022 11:44,60,5.8,5.6,6.6,SE,6601,6738,6705
05-09-2022 11:45,59.9,5.2,5,5.6,SE,6605,6727,6700
05-09-2022 11:45,59.9,5.2,5.2,5.8,SE,6614,6721,6699
05-09-2022 11:46,59.9,5.4,5.4,5.6,SE,6605,6730,6708
05-09-2022 11:46,60,5.4,5.4,5.8,SE,6619,6737,6714
05-09-2022 11:47,59.9,5.4,5.2,5.6,SE,6619,6738,6715
05-09-2022 11:47,60,5.6,5.8,6.2,SE,6618,6729,6708
05-09-2022 11:48,59.9,5.4,5.4,6.2,SE,6630,6748,6722
05-09-2022 11:49,59.9,6,6.2,6.6,SE,6622,6741,6716
05-09-2022 11:49,59.9,5.2,5.6,6.2,SE,6628,6745,6716
05-09-2022 11:50,59.9,5.2,5.4,6,SE,6633,6747,6716
05-09-2022 11:50,60,5.2,5.8,6.2,SE,6621,6747,6720
05-09-2022 11:51,60,5.6,5.6,6,SE,6616,6745,6714
05-09-2022 11:51,60,5.6,5.6,6,SE,6625,6739,6708
05-09-2022 11:52,60,5.4,5.6,5.8,SE,6616,6752,6721
05-09-2022 11:53,60,5.4,5.8,5.6,SE,6620,6759,6726
05-09-2022 11:53,60,5,5.6,5.4,SE,6630,6749,6721
05-09-2022 11:54,59.9,5.2,5.8,5.6,SE,6641,6751,6726
05-09-2022 11:54,59.9,5.2,5.8,5.6,SE,6635,6744,6722
05-09-2022 11:55,59.9,5.8,6.6,6,SE,6635,6734,6715
05-09-2022 11:55,60,5.2,5.8,5.4,SE,6649,6765,6734
05-09-2022 11:56,59.9,5.6,5.8,5.6,SE,6636,6769,6742
05-09-2022 11:56,60,5.6,5.8,5.6,SE,6649,6781,6751
05-09-2022 11:57,60,5.2,5.8,5.4,SE,6669,6787,6765
05-09-2022 11:57,60,5,5.6,5.4,SE,6673,6795,6771
05-09-2022 11:58,60,5,5.6,5.8,SE,6691,6804,6781
05-09-2022 11:58,60,5,5.4,5.6,SE,6689,6810,6784
05-09-2022 11:59,60,5.2,5.6,5.6,SE,6691,6819,6798
05-09-2022 11:59,60,4.8,5,5.4,SE,6699,6824,6801
05-09-2022 12:00,60,5.2,5,5.6,SE,6724,6849,6827
05-09-2022 12:01,60,5.2,5,5.4,SE,6730,6849,6825
05-09-2022 12:01,60,5.2,5.2,5.4,SE,6690,6803,6786
05-09-2022 12:02,60,5.8,5.4,6.2,SE,6684,6807,6788
05-09-2022 12:02,60,5.4,5.4,6,SE,6697,6816,6796
05-09-2022 12:03,60,5.6,5.8,6.2,SE,6692,6811,6791
05-09-2022 12:03,60,5.2,5.2,5.6,SE,6692,6827,6802
05-09-2022 12:04,60,5.2,5,5.6,SE,6703,6827,6803
05-09-2022 12:05,60.1,5.2,5.2,5.4,SE,6704,6834,6805
05-09-2022 12:05,60,5.6,5.6,5.8,SE,6702,6830,6809
05-09-2022 12:06,60,5.2,5.2,5.4,SE,6704,6824,6800
05-09-2022 12:06,60,5,5.4,5.8,SE,6714,6829,6803
05-09-2022 12:07,60,5,5.6,5.8,SE,6706,6821,6796
05-09-2022 12:08,60,5,5.4,5.8,SE,6660,6781,6759
05-09-2022 12:08,60,5.2,5.4,5.8,SE,6621,6754,6728
05-09-2022 12:09,60,5.4,5.6,5.6,SE,6620,6754,6729
05-09-2022 12:09,59.9,5.4,5.6,5.6,SE,6616,6750,6726
05-09-2022 12:10,59.9,5.4,6,6,SE,6608,6746,6714
05-09-2022 12:10,60,5.6,6,6,SE,6624,6749,6724
05-09-2022 12:11,59.9,5.4,5.4,5.8,SE,6629,6736,6712
05-09-2022 12:11,59.9,5.2,5.2,5.8,SE,6628,6740,6716
05-09-2022 12:12,60,5.2,5.4,5.8,SE,6611,6744,6715
05-09-2022 12:13,59.9,5,5,5.4,SE,6609,6738,6713
05-09-2022 12:13,59.9,5,5.2,5.4,SE,6596,6738,6712
05-09-2022 12:14,59.9,5.4,5.2,5.4,SE,6603,6736,6711
05-09-2022 12:14,60,5.4,5.4,5.8,SE,6617,6745,6720
05-09-2022 12:15,60,5.4,5.4,5.8,SE,6631,6752,6729
05-09-2022 12:15,59.9,5.4,5.6,5.8,SE,6628,6757,6728
05-09-2022 12:16,59.9,5.4,5.6,5.8,SE,6632,6751,6728
05-09-2022 12:17,60,5.4,5.6,5.8,SE,6620,6746,6725
05-09-2022 12:17,60,5.2,5.6,5.6,SE,6614,6742,6720
05-09-2022 12:18,60,5.2,5.8,5.8,SE,6611,6739,6711
05-09-2022 12:18,60,5.2,5.8,5.8,SE,6610,6738,6712
05-09-2022 12:19,59.9,5.2,5.6,5.8,SE,6611,6738,6715
05-09-2022 12:19,59.9,5.4,5.8,5.8,SE,6618,6745,6721
05-09-2022 12:20,59.9,5.2,5.6,5.8,SE,6622,6743,6722
05-09-2022 12:20,59.9,5.2,5.6,5.8,SE,6625,6751,6731
05-09-2022 12:21,59.9,4.8,5.4,5.6,SE,6619,6747,6730
05-09-2022 12:22,59.9,4.8,5.8,5.8,SE,6625,6745,6728
05-09-2022 12:22,60,4.8,5.8,5.8,SE,6624,6727,6710
05-09-2022 12:23,59.9,5,5.6,6,SE,6621,6748,6727
05-09-2022 12:23,59.9,5.2,5.8,6,SE,6616,6741,6718
05-09-2022 12:24,59.9,5.4,6,5.8,SE,6617,6745,6727
05-09-2022 12:25,60,5.4,6,5.6,SE,6618,6740,6727
05-09-2022 12:25,60,5.4,5.8,5.8,SE,6618,6742,6724
05-09-2022 12:26,60,5.2,5.6,5.6,SE,6614,6726,6710
05-09-2022 12:26,59.9,5,5.8,5.6,SE,6621,6742,6723
05-09-2022 12:27,59.9,5,5.4,5.4,SE,6620,6738,6719
05-09-2022 12:27,59.9,5.2,5.6,5.8,SE,6600,6728,6703
05-09-2022 12:28,59.9,5.2,5.4,5.8,SE,6608,6733,6710
05-09-2022 12:29,60,5,5.6,5.4,SE,6629,6747,6723
05-09-2022 12:29,60,5.2,5.6,5.4,SE,6628,6755,6730
05-09-2022 12:30,60,5.2,5.4,5.4,SE,6625,6740,6722
05-09-2022 12:30,60,5.2,5.8,5.6,SE,6626,6726,6705
05-09-2022 12:31,60,5,5.4,5.4,SE,6618,6740,6723
05-09-2022 12:31,60,5.2,5.6,5.4,SE,6606,6721,6704
05-09-2022 12:32,59.9,5.6,5.4,5.8,SE,6598,6732,6714
05-09-2022 12:32,59.9,5.6,5.4,5.8,SE,6617,6733,6711
05-09-2022 12:33,59.9,5.2,5.2,5.4,SE,6622,6744,6729
05-09-2022 12:33,59.9,5.2,5.2,5.2,SE,6620,6738,6721
05-09-2022 12:34,59.9,5.2,5.6,5.4,SE,6620,6732,6716
05-09-2022 12:34,59.9,5.2,6,5.6,SE,6617,6726,6715
05-09-2022 12:35,60,5,5.6,5.4,SE,6611,6731,6718
05-09-2022 12:35,60,5.4,5.6,6,SE,6620,6732,6716
05-09-2022 12:36,60,5.2,5.6,6,SE,6612,6745,6722
05-09-2022 12:37,59.9,5,5.4,5.4,SE,6612,6740,6718
05-09-2022 12:37,60,5,5.4,5.4,SE,6622,6738,6717
05-09-2022 12:38,60,5.6,6,6,SE,6622,6739,6718
05-09-2022 12:38,60,5.8,6.4,6.2,SE,6610,6733,6712
05-09-2022 12:39,59.9,5.4,6,5.8,SE,6623,6729,6713
05-09-2022 12:39,59.9,5.4,5.8,6.2,SE,6617,6736,6707
05-09-2022 12:40,59.9,5.6,5.8,6.2,SE,6613,6733,6704
05-09-2022 12:41,59.9,5.6,5.6,6,SE,6611,6733,6704
05-09-2022 12:41,59.9,5,5.6,5.8,SE,6620,6730,6714
05-09-2022 12:42,59.9,5.2,5.6,5.6,SE,6578,6731,6703
05-09-2022 12:42,59.9,5.2,5.6,5.6,SE,6605,6730,6703
05-09-2022 12:43,59.9,5.4,5.6,5.6,SE,6601,6724,6702
05-09-2022 12:43,60,5.4,5.4,5.4,SE,6610,6710,6692
05-09-2022 12:44,60,5.4,5.2,5.8,SE,6660,6807,6762
05-09-2022 12:44,60,5.6,5.6,6.2,SE,6683,6807,6780
05-09-2022 12:45,59.9,5.6,5.8,6,SE,6684,6802,6772
05-09-2022 12:45,59.9,5,5.2,5.6,SE,6679,6799,6771
05-09-2022 12:46,59.9,5,5.6,5.8,SE,6664,6806,6776
05-09-2022 12:46,59.9,5,5.6,5.8,SE,6661,6806,6777
05-09-2022 12:47,60,5.2,5.6,5.6,SE,6675,6817,6784
05-09-2022 12:47,60,5.4,5.4,5.6,SE,6695,6816,6783
05-09-2022 12:48,60,5.6,5.4,5.8,SE,6689,6819,6788
05-09-2022 12:49,60,5.2,5.2,5.6,SE,6699,6816,6784
05-09-2022 12:49,60,5,5.2,5.4,SE,6692,6811,6784
05-09-2022 12:50,59.9,5,5.4,5.6,SE,6675,6806,6785
05-09-2022 12:50,60,5,5.6,5.8,SE,6671,6805,6779
05-09-2022 12:51,60,5,5.6,5.8,SE,6686,6814,6789
05-09-2022 12:51,60,5.4,5.6,6,SE,6679,6815,6783
05-09-2022 12:52,60,5.4,5.6,6,SE,6678,6807,6779
05-09-2022 12:53,60,6,6.2,6.4,SE,6693,6816,6790
05-09-2022 12:53,60,6,6,6.2,SE,6697,6818,6792
05-09-2022 12:54,60,5.4,5.6,5.8,SE,6675,6807,6783
05-09-2022 12:54,59.9,5.8,6.2,6.4,SE,6675,6807,6784
05-09-2022 12:55,60,5,5.4,5.6,SE,6688,6809,6786
05-09-2022 12:55,60,5,5.4,5.8,SE,6681,6803,6778
05-09-2022 12:56,60,5.2,5.4,6,SE,6673,6797,6775
05-09-2022 12:56,60,5.4,5.6,6,SE,6671,6791,6770
05-09-2022 12:57,59.9,5.4,5.8,6.2,SE,6668,6791,6767
05-09-2022 12:57,59.9,5.6,5.8,6.4,SE,6665,6787,6765
05-09-2022 12:58,59.8,5.6,6.4,6.6,SE,6652,6772,6750
05-09-2022 12:58,59.8,5.2,6,6.2,SE,6643,6771,6748
05-09-2022 12:59,59.9,5.4,5.8,6.2,SE,6640,6750,6727
05-09-2022 12:59,59.9,6,6.2,6.8,SE,6628,6746,6723
05-09-2022 13:00,59.9,5.6,6,6.4,SE,6628,6745,6720
05-09-2022 13:01,59.9,5.2,5.4,5.8,SE,6625,6742,6716
05-09-2022 13:01,59.9,5.6,5.8,6,SE,6599,6710,6684
05-09-2022 13:02,59.9,5.6,6,6.2,SE,6601,6708,6684
05-09-2022 13:02,60,5.2,5.8,5.8,SE,6581,6696,6674
05-09-2022 13:03,59.9,5.2,5.8,5.8,SE,6594,6693,6668
05-09-2022 13:04,59.9,5.6,6,6.4,SE,6638,6767,6737
05-09-2022 13:04,59.9,5.2,5.8,6,SE,6632,6764,6736
05-09-2022 13:05,60,5.6,5.8,6,SE,6653,6769,6740
05-09-2022 13:05,60,5.4,5.4,5.8,SE,6647,6762,6735
05-09-2022 13:06,59.9,5.4,5.8,6,SE,6648,6737,6719
05-09-2022 13:06,59.9,6.4,6.6,6.8,SE,6636,6743,6722
05-09-2022 13:07,60,5.6,5.8,5.8,SE,6644,6754,6731
05-09-2022 13:07,60,5.6,5.8,5.6,SE,6632,6763,6739
05-09-2022 13:08,60,5.2,5.6,5.8,SE,6629,6751,6727
05-09-2022 13:08,59.9,5.6,6,5.8,SE,6629,6745,6721
05-09-2022 13:09,60,5,5.4,5.4,SE,6634,6743,6721
05-09-2022 13:09,59.9,5.2,5.4,5.6,SE,6627,6738,6714
05-09-2022 13:10,59.9,5.2,5.8,5.8,SE,6624,6733,6704
05-09-2022 13:10,59.9,5.2,5.6,5.6,SE,6614,6726,6697
05-09-2022 13:11,59.9,5.2,5.4,5.2,SE,6623,6730,6703
05-09-2022 13:11,59.9,5.8,6.2,6.2,SE,6618,6744,6712
05-09-2022 13:12,60,5,5.8,5.6,SE,6598,6737,6704
05-09-2022 13:13,59.9,4.8,5.4,5.4,SE,6604,6731,6699
05-09-2022 13:13,59.9,4.8,5,5.2,SE,6615,6731,6704
05-09-2022 13:14,60,4.8,5.2,5.6,SE,6616,6735,6707
05-09-2022 13:14,60,4.8,5.4,5.4,SE,6612,6736,6706
05-09-2022 13:15,59.9,5.2,6,5.8,SE,6611,6723,6700
05-09-2022 13:16,59.9,5.2,5.6,5.4,SE,6612,6709,6684
05-09-2022 13:16,59.9,5.6,5.8,5.8,SE,6613,6729,6700
05-09-2022 13:17,60,5.2,5.6,5.2,SE,6603,6724,6695
05-09-2022 13:17,60,5,5.4,5.2,SE,6615,6735,6708
05-09-2022 13:18,59.9,4.8,5.4,5.2,SE,6605,6726,6698
05-09-2022 13:18,59.9,5.2,5.8,5.8,SE,6611,6731,6701
05-09-2022 13:19,60,5,5.6,5.8,SE,6601,6733,6698
05-09-2022 13:19,60,4.8,5.4,5.4,SE,6604,6726,6694
05-09-2022 13:20,60,5.2,5.4,5.4,SE,6595,6729,6696
05-09-2022 13:21,59.9,5.4,6,5.8,SE,6610,6729,6702
05-09-2022 13:21,60,5,5.4,5.2,SE,6614,6723,6697
05-09-2022 13:22,60,4.8,5.6,5.6,SE,6610,6729,6703
05-09-2022 13:22,59.9,5,5.6,5.6,SE,6593,6707,6678
05-09-2022 13:23,59.9,5,5.2,5.6,SE,6594,6705,6674
05-09-2022 13:24,60,5.2,5.4,5,SE,6592,6713,6688
05-09-2022 13:25,60,5.4,5.6,5,SE,6592,6713,6687
05-09-2022 13:25,60,5.2,5.4,5,SE,6597,6709,6686
05-09-2022 13:26,59.9,5.2,5.4,5.2,SE,6610,6726,6698
05-09-2022 13:26,59.9,5.4,5.8,5.6,SE,6609,6709,6683
05-09-2022 13:27,59.9,5,5.2,5.4,SE,6588,6698,6670
05-09-2022 13:28,59.9,5,5.6,5.4,SE,6599,6715,6690
05-09-2022 13:29,59.9,5,5.6,5.4,SE,6604,6716,6686
05-09-2022 13:29,59.9,4.8,5.2,5,SE,6602,6718,6691
05-09-2022 13:30,59.9,4.6,5,5,SE,6601,6717,6689
05-09-2022 13:31,60,5,5.2,5.2,SE,6592,6695,6670
05-09-2022 13:31,60,5.2,5.2,5.4,SE,6592,6703,6676
05-09-2022 13:32,60,5,5.4,5.2,SE,6600,6718,6695
05-09-2022 13:32,59.9,4.8,5.2,5,SE,6594,6710,6688
05-09-2022 13:33,59.9,5,5.2,5,SE,6596,6712,6688
05-09-2022 13:33,59.9,5,5.4,5.2,SE,6600,6717,6692
05-09-2022 13:34,60,5,5.4,5.2,SE,6599,6718,6694
05-09-2022 13:34,60,5,5.6,5.4,SE,6589,6714,6686
05-09-2022 13:35,59.9,5.4,5.8,5.8,SE,6595,6703,6682
05-09-2022 13:36,60,5.2,5.6,5.8,SE,6600,6712,6689
05-09-2022 13:36,60,5,5.2,5,SE,6609,6717,6696
05-09-2022 13:37,59.9,4.8,5,5,SE,6595,6713,6688
05-09-2022 13:37,59.9,4.6,5,5,SE,6592,6708,6683
05-09-2022 13:38,60,4.6,5,5,SE,6594,6702,6677
05-09-2022 13:38,60,4.6,4.6,4.8,SE,6594,6692,6672
05-09-2022 13:39,60,4.6,4.8,5,SE,6596,6699,6679
05-09-2022 13:40,60,5,5,5.4,SE,6588,6709,6682
05-09-2022 13:40,60,5,4.8,5.2,SE,6591,6712,6685
05-09-2022 13:41,59.9,4.8,4.6,4.6,SE,6598,6725,6695
05-09-2022 13:41,59.9,4.8,4.8,5,SE,6587,6719,6687
05-09-2022 13:42,59.9,4.8,4.8,5,SE,6600,6729,6695
05-09-2022 13:42,59.9,4.8,4.8,5.4,SE,6608,6729,6697
05-09-2022 13:43,60.1,5,4.8,5.4,SE,6616,6742,6709
05-09-2022 13:43,60.1,5.2,5.2,6.2,SE,6611,6734,6700
05-09-2022 13:44,60,5,5,5.8,SE,6596,6731,6692
05-09-2022 13:44,60,5.2,5.2,5.6,SE,6599,6736,6699
05-09-2022 13:45,60,5,5,5.4,SE,6602,6725,6690
05-09-2022 13:45,59.9,5,5,5.4,SE,6607,6731,6699
05-09-2022 13:46,59.9,4.6,5,5.2,SE,6599,6725,6691
05-09-2022 13:46,59.9,4.6,4.6,5,SE,6597,6728,6694
05-09-2022 13:47,59.9,4.8,4.6,5.2,SE,6597,6719,6689
05-09-2022 13:48,59.9,4.8,4.6,5.2,SE,6595,6716,6687
05-09-2022 13:48,59.9,4.8,5,5.4,SE,6604,6724,6696
05-09-2022 13:49,60,4.6,4.8,5.2,SE,6611,6727,6696
05-09-2022 13:49,60,4.8,5,5,SE,6602,6723,6694
05-09-2022 13:50,59.9,4.8,5,5,SE,6608,6728,6697
05-09-2022 13:50,59.9,4.8,5,5,SE,6599,6718,6684
05-09-2022 13:51,60,4.6,4.8,5,SE,6595,6726,6692
05-09-2022 13:52,59.9,4.6,4.8,5.2,SE,6600,6732,6698
05-09-2022 13:52,59.9,4.6,4.8,5.2,SE,6590,6726,6692
05-09-2022 13:53,60,4.8,5,5.4,SE,6604,6734,6703
05-09-2022 13:53,60,5.4,5.8,6.2,SE,6605,6731,6701
05-09-2022 13:54,60,4.6,5,5.2,SE,6611,6730,6700
05-09-2022 13:54,59.9,5,5,5,SE,6610,6720,6694
05-09-2022 13:55,60,4.8,5,5,SE,6619,6724,6694
05-09-2022 13:55,60,5.4,5.2,5.6,SE,6614,6728,6696
05-09-2022 13:56,60,5,4.8,5.2,SE,6600,6730,6685
05-09-2022 13:56,59.9,4.6,4.6,5,SE,6587,6724,6684
05-09-2022 13:57,59.9,4.6,4.8,5.2,SE,6605,6727,6697
05-09-2022 13:57,60,4.8,4.8,5.2,SE,6608,6728,6698
05-09-2022 13:58,60,4.6,5,5,SE,6617,6731,6705
05-09-2022 13:58,59.9,4.8,5,5.2,SE,6610,6726,6699
05-09-2022 13:59,59.9,5.6,5.6,5.8,SE,6604,6724,6697
05-09-2022 14:00,60,5,5,5.2,SE,6611,6728,6701
05-09-2022 14:00,60,4.8,5.2,5,SE,6604,6729,6696
05-09-2022 14:01,60,5,5.2,5.4,SE,6607,6731,6700
05-09-2022 14:01,60,4.6,5.2,5.4,SE,6605,6719,6689
05-09-2022 14:02,59.9,4.6,5.2,5.4,SE,6601,6726,6698
05-09-2022 14:02,59.9,4.6,4.8,5,SE,6595,6720,6694
05-09-2022 14:03,59.9,4.6,5,5,SE,6601,6722,6695
05-09-2022 14:04,60,4.8,5.2,5.4,SE,6608,6722,6695
05-09-2022 14:04,60,5,5,5.4,SE,6614,6722,6694
05-09-2022 14:05,59.9,4.8,5.2,5.2,SE,6606,6720,6690
05-09-2022 14:05,59.9,5,5.4,5.6,SE,6595,6717,6685
05-09-2022 14:06,59.9,5,5.4,5.4,SE,6590,6716,6681
05-09-2022 14:06,60,4.8,5,5.4,SE,6605,6723,6693
05-09-2022 14:07,59.9,4.6,5,5,SE,6619,6724,6693
05-09-2022 14:07,59.9,4.8,5.2,5.4,SE,6614,6733,6703
05-09-2022 14:08,60,4.6,5,5.2,SE,6618,6734,6705
05-09-2022 14:08,60,4.4,5,5,SE,6614,6733,6703
05-09-2022 14:09,60,4.8,5.4,5.2,SE,6601,6727,6696
05-09-2022 14:09,60,4.8,5.4,5.4,SE,6601,6724,6693
05-09-2022 14:10,59.9,4.8,5.2,5.2,SE,6614,6725,6694
05-09-2022 14:10,60,5.4,5.8,5.8,SE,6612,6727,6696
05-09-2022 14:11,60,4.8,5.2,5,SE,6620,6728,6698
05-09-2022 14:12,60,4.6,5.2,5.2,SE,6601,6727,6694
05-09-2022 14:12,59.9,4.4,4.8,4.8,SE,6603,6728,6693
05-09-2022 14:13,59.9,4.4,4.6,4.8,SE,6611,6725,6693
05-09-2022 14:13,59.9,4.6,5,5,SE,6619,6727,6698
05-09-2022 14:14,59.9,4.8,5,5.2,SE,6603,6733,6707
05-09-2022 14:14,60,5,4.8,5,SE,6622,6737,6710
05-09-2022 14:15,59.9,4.8,5,5.2,SE,6624,6736,6708
05-09-2022 14:16,60,5,5,5.2,SE,6619,6729,6707
05-09-2022 14:16,60,4.8,5,5.2,SE,6617,6735,6706
05-09-2022 14:17,59.9,4.4,5,5,SE,6613,6724,6694
05-09-2022 14:17,60,4.4,5.4,5.4,SE,6619,6731,6698
05-09-2022 14:18,60,4.6,5.4,5.4,SE,6604,6732,6706
05-09-2022 14:18,60,4.8,5.2,5.4,SE,6602,6730,6705
05-09-2022 14:19,59.9,4.8,5,5.4,SE,6605,6721,6694
05-09-2022 14:19,59.9,4.8,5,5.4,SE,6609,6721,6701
05-09-2022 14:20,59.9,5,5,5.4,SE,6598,6723,6701
05-09-2022 14:20,60,4.8,4.8,5.4,SE,6612,6729,6704
05-09-2022 14:21,60,5,5.2,5.2,SE,6606,6713,6689
05-09-2022 14:21,60,4.8,5.4,5.2,SE,6611,6719,6692
05-09-2022 14:22,59.9,4.6,4.8,4.8,SE,6612,6723,6699
05-09-2022 14:22,59.9,4.6,4.8,5.2,SE,6610,6721,6693
05-09-2022 14:23,59.9,4.8,5,5.2,SE,6609,6724,6698
05-09-2022 14:24,59.9,5,5,5.4,SE,6600,6717,6692
05-09-2022 14:24,59.9,4.6,5,4.8,SE,6602,6702,6684
05-09-2022 14:25,59.9,4.6,5,4.8,SE,6602,6710,6693
05-09-2022 14:25,60,4.6,5.2,5,SE,6598,6724,6704
05-09-2022 14:26,59.9,4.6,5.2,5,SE,6610,6726,6704
05-09-2022 14:26,59.9,5.2,5.6,5.6,SE,6608,6732,6709
05-09-2022 14:27,60,4.8,5,5.2,SE,6617,6733,6706
05-09-2022 14:28,59.9,4.8,4.8,5.4,SE,6614,6732,6706
05-09-2022 14:28,59.9,4.8,4.8,5.4,SE,6614,6736,6708
05-09-2022 14:29,60,4.4,4.6,4.8,SE,6613,6733,6706
05-09-2022 14:29,60,4.4,5,5,SE,6610,6736,6710
05-09-2022 14:30,59.9,4.4,4.8,5.2,SE,6614,6735,6712
05-09-2022 14:30,59.9,5.2,5.2,5.4,SE,6614,6725,6703
05-09-2022 14:31,60,4.8,4.8,5,SE,6615,6723,6703
05-09-2022 14:31,60,5,4.8,5.2,SE,6615,6728,6706
05-09-2022 14:32,59.9,5.2,4.8,5.4,SE,6613,6714,6696
05-09-2022 14:32,60,5.4,5.4,5.6,SE,6604,6718,6694
05-09-2022 14:33,59.9,4.8,5,5.2,SE,6614,6719,6695
05-09-2022 14:33,60,4.8,5.2,5.4,SE,6616,6740,6716
05-09-2022 14:34,59.9,4.8,5.2,5.4,SE,6610,6733,6706
05-09-2022 14:34,59.9,4.8,4.8,5.2,SE,6614,6730,6703
05-09-2022 14:35,60,4.8,5,5.2,SE,6618,6716,6697
05-09-2022 14:36,60,5,4.8,5.6,SE,6618,6731,6708
05-09-2022 14:36,59.9,5.2,5,5.6,SE,6602,6724,6702
05-09-2022 14:37,59.9,4.8,5,5.2,SE,6602,6740,6715
05-09-2022 14:37,59.9,5,5.2,5.4,SE,6604,6727,6700
05-09-2022 14:38,59.9,4.6,5,5.4,SE,6622,6738,6707
05-09-2022 14:38,60,4.6,4.8,5.2,SE,6614,6738,6712
05-09-2022 14:39,59.9,4.6,4.8,5.2,SE,6604,6738,6714
05-09-2022 14:40,59.9,5,5.2,5.6,SE,6606,6731,6701
05-09-2022 14:40,59.9,4.8,5,5.6,SE,6615,6725,6700
05-09-2022 14:41,60,5,5,5.2,SE,6610,6727,6705
05-09-2022 14:41,59.9,4.8,5,5,SE,6615,6726,6707
05-09-2022 14:42,59.9,4.8,5.2,5.2,SE,6608,6733,6708
05-09-2022 14:42,59.9,5,5.2,5.4,SE,6612,6733,6708
05-09-2022 14:43,59.9,4.6,4.8,5,SE,6625,6736,6711
05-09-2022 14:43,59.9,4.6,5,5,SE,6620,6737,6711
05-09-2022 14:44,59.9,4.8,4.6,5.4,SE,6598,6739,6710
05-09-2022 14:44,60,4.8,4.6,5.4,SE,6608,6739,6714
05-09-2022 14:45,59.9,5,4.8,5.2,SE,6596,6730,6695
05-09-2022 14:45,59.9,4.8,5,5.2,SE,6606,6736,6702
05-09-2022 14:46,60,4.8,4.6,4.8,SE,6624,6746,6716
05-09-2022 14:46,60,4.8,4.6,4.8,SE,6632,6748,6716
05-09-2022 14:47,59.9,4.6,4.6,5,SE,6635,6745,6716
05-09-2022 14:48,59.9,4.8,4.6,5.2,SE,6624,6750,6721
05-09-2022 14:48,59.9,5,4.8,5.4,SE,6609,6734,6699
05-09-2022 14:49,59.9,4.8,4.8,5.2,SE,6605,6745,6710
05-09-2022 14:49,59.9,4.6,5,5.2,SE,6624,6742,6720
05-09-2022 14:50,60,4.8,5,5.2,SE,6624,6742,6720
05-09-2022 14:50,59.9,4.8,4.8,5,SE,6630,6742,6723
05-09-2022 14:51,60,4.8,5,5,SE,6630,6745,6724
05-09-2022 14:52,59.9,5,5,5.2,SE,6624,6736,6713
05-09-2022 14:52,59.9,4.8,4.8,5.2,SE,6626,6739,6713
05-09-2022 14:53,60,4.8,5,5.2,SE,6609,6740,6717
05-09-2022 14:53,59.9,4.8,4.8,5,SE,6611,6736,6711
05-09-2022 14:54,60,4.6,5,5,SE,6625,6738,6716
05-09-2022 14:54,59.9,4.8,5.2,5,SE,6625,6735,6712
05-09-2022 14:55,60,5,5,4.8,SE,6622,6753,6732
05-09-2022 14:55,60,5,5,4.8,SE,6621,6750,6730
05-09-2022 14:56,60,5,5.2,5.2,SE,6631,6745,6728
05-09-2022 14:56,60,4.8,5,5.2,SE,6629,6749,6734
05-09-2022 14:57,59.9,5,5.2,5.2,SE,6616,6739,6718
05-09-2022 14:57,59.9,5,5.2,5.4,SE,6625,6737,6718
05-09-2022 14:58,59.9,4.8,5.2,5.2,SE,6621,6740,6718
05-09-2022 14:58,59.9,5,5.2,5.2,SE,6615,6741,6716
05-09-2022 14:59,60,5,5.2,5.2,SE,6628,6752,6734
05-09-2022 15:00,60,5.2,5.2,5.4,SE,6624,6751,6721
05-09-2022 15:00,59.9,5.4,5.2,5.2,SE,6621,6750,6718
05-09-2022 15:01,60,5,5.2,5,SE,6627,6757,6731
05-09-2022 15:01,59.9,5.4,5.2,5.2,SE,6623,6752,6721
05-09-2022 15:02,60,5.8,6,5.8,SE,6644,6748,6722
05-09-2022 15:02,60,5,5.2,5,SE,6636,6745,6716
05-09-2022 15:03,60,5,5,4.8,SE,6629,6752,6722
05-09-2022 15:04,59.9,5.4,5,5,SE,6616,6754,6724
05-09-2022 15:04,59.9,5.2,5,5,SE,6628,6749,6719
05-09-2022 15:05,59.9,5.2,5,4.8,SE,6629,6745,6714
05-09-2022 15:05,59.9,5.2,5,5,SE,6626,6735,6708
05-09-2022 15:06,59.9,5.2,5.4,5.4,SE,6629,6742,6712
05-09-2022 15:06,59.9,5,5.4,5.4,SE,6625,6740,6709
05-09-2022 15:07,59.9,5,5.2,5,SE,6620,6736,6707
05-09-2022 15:07,59.9,5,5.2,5,SE,6633,6742,6715
05-09-2022 15:08,60,5.4,5.4,5.2,SE,6629,6735,6707
05-09-2022 15:08,59.9,5.4,5.4,5.2,SE,6631,6746,6713
05-09-2022 15:09,60,5.2,5.4,5.2,SE,6629,6738,6710
05-09-2022 15:09,59.9,5.4,5.4,5.4,SE,6630,6752,6723
05-09-2022 15:10,60,5.4,5.6,5.4,SE,6627,6742,6715
05-09-2022 15:10,60,5,5.6,5.4,SE,6626,6741,6718
05-09-2022 15:11,59.9,5,5.4,5.2,SE,6622,6740,6713
05-09-2022 15:12,59.9,5,5,5.2,SE,6628,6744,6716
05-09-2022 15:12,59.9,5.2,5.2,5.2,SE,6609,6722,6695
05-09-2022 15:13,59.9,5,5.2,5,SE,6618,6734,6707
05-09-2022 15:13,59.9,5,5,4.8,SE,6619,6737,6709
05-09-2022 15:14,60,5.4,5.4,5.2,SE,6622,6734,6708
05-09-2022 15:15,59.9,5.4,5.2,5.2,SE,6615,6730,6702
05-09-2022 15:15,59.9,5.2,5.2,5,SE,6619,6731,6706
05-09-2022 15:16,59.9,5.2,5.2,5.2,SE,6625,6744,6712
05-09-2022 15:16,59.9,5.2,5,5.2,SE,6629,6741,6712
05-09-2022 15:17,59.9,5,4.8,4.8,SE,6617,6746,6712
05-09-2022 15:17,60,5,4.8,4.8,SE,6618,6743,6711
05-09-2022 15:18,60,5.2,4.8,5.4,SE,6619,6733,6705
05-09-2022 15:18,60,5.4,5,5.2,SE,6622,6731,6702
05-09-2022 15:19,59.9,5.4,5,5,SE,6611,6735,6705
05-09-2022 15:19,59.9,5.2,4.8,4.8,SE,6621,6736,6707
05-09-2022 15:20,59.9,5.4,5.4,5.2,SE,6623,6736,6709
05-09-2022 15:20,59.9,5.8,6,6,SE,6618,6724,6699
05-09-2022 15:21,59.9,5,5.2,5,SE,6617,6727,6703
05-09-2022 15:21,59.9,5,5.4,5.2,SE,6622,6729,6705
05-09-2022 15:22,60,5.2,5.6,5.4,SE,6628,6742,6709
05-09-2022 15:22,59.9,5.2,5.6,5.6,SE,6632,6738,6707
05-09-2022 15:23,59.9,5.2,5.2,4.8,SE,6618,6730,6698
05-09-2022 15:24,59.9,5,5,5,SE,6625,6738,6711
05-09-2022 15:25,59.9,4.8,5,4.8,SE,6624,6738,6708
05-09-2022 15:25,59.9,4.8,5,4.8,SE,6626,6731,6704
05-09-2022 15:26,60,4.8,5.4,5,SE,6623,6737,6708
05-09-2022 15:27,59.9,5.4,5.6,5.6,SE,6616,6743,6710
05-09-2022 15:27,59.9,4.8,5,5,SE,6618,6737,6708
05-09-2022 15:28,59.9,5.2,4.6,5,SE,6625,6746,6714
05-09-2022 15:28,60,4.8,4.4,4.8,SE,6627,6743,6714
05-09-2022 15:29,59.9,4.6,4.2,4.6,SE,6611,6733,6707
05-09-2022 15:29,60,4.6,4.2,4.6,SE,6610,6745,6714
05-09-2022 15:30,59.9,4.6,4.4,4.6,SE,6621,6737,6712
05-09-2022 15:30,59.9,4.6,4.4,4.6,SE,6621,6741,6713
05-09-2022 15:31,60,4.8,4.2,4.6,SE,6639,6740,6713
05-09-2022 15:31,59.9,4.8,4,4.6,SE,6620,6735,6710
05-09-2022 15:32,60,5,4.4,4.6,SE,6627,6735,6712
05-09-2022 15:32,59.9,5,4.4,4.6,SE,6615,6736,6708
05-09-2022 15:33,59.9,4.6,4.2,4.6,SE,6625,6732,6697
05-09-2022 15:33,59.9,4.6,4.4,4.6,SE,6611,6738,6705
05-09-2022 15:34,59.9,4.6,4.6,4.8,SE,6621,6747,6714
05-09-2022 15:34,59.9,4.8,4,4.6,SE,6624,6741,6711
05-09-2022 15:35,59.9,4.6,4,4.6,SE,6629,6744,6716
05-09-2022 15:36,59.9,5,4.4,4.6,SE,6621,6743,6716
05-09-2022 15:36,60,4.8,4.4,4.8,SE,6640,6741,6708
05-09-2022 15:37,60,4.4,4.2,4.4,SE,6630,6744,6712
05-09-2022 15:37,59.9,4.6,4.4,4.6,SE,6623,6745,6717
05-09-2022 15:38,60,4.4,4.6,4.8,SE,6630,6752,6725
05-09-2022 15:39,59.9,4.6,4.4,4.8,SE,6629,6744,6719
05-09-2022 15:40,59.9,4.8,4.4,5,SE,6634,6739,6716
05-09-2022 15:40,59.9,4.8,4.6,4.8,SE,6620,6737,6714
05-09-2022 15:41,59.9,5.2,4.8,5,SE,6640,6735,6707
05-09-2022 15:42,60,4.6,4.2,4.6,SE,6629,6749,6717
05-09-2022 15:42,60,4.6,4.2,4.6,SE,6615,6740,6708
05-09-2022 15:43,59.9,4.6,4,4.6,SE,6626,6744,6708
05-09-2022 15:43,60,4.6,4.2,4.6,SE,6628,6751,6713
05-09-2022 15:44,60,5,4.6,4.8,SE,6641,6749,6719
05-09-2022 15:45,60,4.6,4.4,4.4,SE,6624,6739,6710
05-09-2022 15:45,59.9,4.6,4.2,4.4,SE,6625,6746,6714
05-09-2022 15:46,59.9,4.4,4.6,4.6,SE,6610,6750,6718
05-09-2022 15:47,59.9,4.6,4.2,4.6,SE,6626,6744,6714
05-09-2022 15:48,59.9,4.8,4.4,4.6,SE,6615,6737,6708
05-09-2022 15:49,59.9,4.6,5.2,4.6,SE,6616,6730,6704
05-09-2022 15:50,59.9,4.6,4.8,4.6,SE,6630,6741,6715
05-09-2022 15:51,60,4.8,4.4,4.4,SE,6625,6747,6719
05-09-2022 15:51,60,4.8,4.2,4.4,SE,6623,6742,6715
05-09-2022 15:52,59.9,5,4.2,4.8,SE,6635,6744,6718
05-09-2022 15:52,59.9,5.2,4.4,4.8,SE,6609,6738,6709
05-09-2022 15:53,59.9,4.8,4.4,4.4,SE,6629,6741,6714
05-09-2022 15:54,59.9,4.6,4.6,4.6,SE,6626,6739,6711
05-09-2022 15:54,59.9,5,4.6,5,SE,6616,6739,6710
05-09-2022 15:55,59.9,4.8,4.2,4.8,SE,6630,6738,6715
05-09-2022 15:55,60,5,4,5,SE,6631,6741,6714
05-09-2022 15:56,60,5.4,4.2,5.2,SE,6635,6745,6720
05-09-2022 15:56,60,5.6,4.6,5.2,SE,6633,6751,6727
05-09-2022 15:57,59.9,4.8,4,4.6,SE,6648,6745,6722
05-09-2022 15:57,59.9,4.8,4.2,4.6,SE,6637,6742,6718
05-09-2022 15:58,59.9,4.8,4.6,5,SE,6629,6752,6725
05-09-2022 15:59,60,4.8,4.4,4.8,SE,6637,6736,6716
05-09-2022 15:59,60,5,4.6,5.2,SE,6640,6753,6732
05-09-2022 16:00,59.9,5.2,4.2,5.2,SE,6635,6754,6728
05-09-2022 16:00,59.9,5,4.4,4.8,SE,6638,6743,6721
05-09-2022 16:01,60,5,4.4,4.8,SE,6642,6751,6727
05-09-2022 16:01,60,4.8,4.6,4.8,SE,6646,6751,6726
05-09-2022 16:02,60,4.6,4.4,4.8,SE,6639,6757,6729
05-09-2022 16:03,59.9,4.8,4.4,4.8,SE,6642,6734,6717
05-09-2022 16:03,60,4.8,4.4,4.8,SE,6652,6767,6739
05-09-2022 16:04,60,5,4.4,5.4,SE,6658,6763,6739
05-09-2022 16:04,60,5,4.6,5.2,SE,6648,6756,6732
05-09-2022 16:05,60,5,4.4,4.8,SE,6649,6744,6728
05-09-2022 16:05,59.9,5,4.4,4.8,SE,6645,6744,6726
05-09-2022 16:06,59.8,4.6,4.4,4.6,SE,6646,6759,6733
05-09-2022 16:06,59.9,5.2,5,5,SE,6647,6758,6728
05-09-2022 16:07,60,4.6,4.2,4.4,SE,6650,6763,6733
05-09-2022 16:07,59.9,4.4,4.2,4.4,SE,6652,6755,6725
05-09-2022 16:08,59.9,4.6,4.4,5,SE,6651,6759,6729
05-09-2022 16:08,59.9,4.8,4.4,4.8,SE,6656,6751,6723
05-09-2022 16:09,60,4.6,4.2,4.4,SE,6650,6768,6742
05-09-2022 16:09,59.9,4.4,4.4,4.6,SE,6652,6765,6741
05-09-2022 16:10,59.9,4.6,4.4,4.6,SE,6651,6765,6741
05-09-2022 16:11,60,4.4,4.2,4.4,SE,6648,6759,6735
05-09-2022 16:11,60,4.4,3.8,4.4,SE,6642,6754,6734
05-09-2022 16:12,60,4.8,3.8,4.8,SE,6658,6767,6743
05-09-2022 16:12,59.9,4.8,4,4.4,SE,6649,6765,6735
05-09-2022 16:13,59.9,4.6,4,4.2,SE,6656,6772,6741
05-09-2022 16:13,60,4.8,4.4,4.4,SE,6653,6769,6736
05-09-2022 16:14,60,4.6,4.6,4.4,SE,6651,6768,6739
05-09-2022 16:15,59.9,4.4,4.4,4.4,SE,6652,6750,6724
05-09-2022 16:15,59.9,4.4,4.4,4.4,SE,6649,6760,6731
05-09-2022 16:16,59.9,4.6,4.4,4.6,SE,6644,6763,6733
05-09-2022 16:16,59.9,4.8,4.2,4.8,SE,6656,6767,6740
05-09-2022 16:17,59.9,4.8,4.4,4.6,SE,6648,6764,6740
05-09-2022 16:17,59.9,5,4.6,4.6,SE,6642,6764,6741
05-09-2022 16:18,59.9,4.4,4.4,4.4,SE,6640,6760,6733
05-09-2022 16:18,59.9,4.4,4.4,4.6,SE,6633,6750,6725
05-09-2022 16:19,60,4.4,4.4,4.6,SE,6646,6761,6736
05-09-2022 16:19,59.9,4.4,4.4,4.6,SE,6647,6762,6736
05-09-2022 16:20,59.9,4.8,4.4,5,SE,6645,6760,6735
05-09-2022 16:20,60,4.6,4.4,4.8,SE,6645,6758,6731
05-09-2022 16:21,60,4.6,4.2,4.4,SE,6630,6748,6726
05-09-2022 16:21,59.9,4.6,4.4,4.6,SE,6637,6749,6727
05-09-2022 16:22,59.9,4.4,4.2,4.6,SE,6636,6745,6724
05-09-2022 16:23,59.9,4.2,4,4.4,SE,6643,6762,6736
05-09-2022 16:23,59.9,4.4,4,4.6,SE,6628,6745,6718
05-09-2022 16:24,60,4.4,4,4.6,SE,6632,6757,6732
05-09-2022 16:24,59.9,4.4,4.2,4.8,SE,6639,6760,6738
05-09-2022 16:25,59.9,4.4,4.2,4.6,SE,6651,6754,6732
05-09-2022 16:25,60,4.6,4.4,4.6,SE,6636,6757,6733
05-09-2022 16:26,60,4.4,4.2,4.4,SE,6631,6759,6734
05-09-2022 16:27,59.9,4.2,3.8,4.2,SE,6638,6747,6723
05-09-2022 16:28,60,4.4,3.8,4.4,SE,6639,6761,6738
05-09-2022 16:29,59.9,4.8,4.4,5,SE,6639,6748,6721
05-09-2022 16:29,59.8,4.8,4.6,5,SE,6647,6755,6728
05-09-2022 16:30,60,4.6,4.6,4.8,SE,6635,6755,6730
05-09-2022 16:30,59.9,4.6,4.6,4.6,SE,6637,6753,6731
05-09-2022 16:31,59.9,4.8,4.6,4.8,SE,6643,6745,6724
05-09-2022 16:31,59.9,4.8,4.6,5,SE,6649,6762,6730
05-09-2022 16:32,60,4.4,3.6,4.6,SE,6650,6755,6725
05-09-2022 16:32,59.9,4.4,3.6,4.4,SE,6645,6764,6731
05-09-2022 16:33,59.9,4.4,3.6,4.4,SE,6643,6767,6737
05-09-2022 16:33,59.9,4.4,4.2,4.4,SE,6637,6759,6730
05-09-2022 16:34,59.9,4.2,4,4.2,SE,6626,6754,6726
05-09-2022 16:35,59.9,4.2,3.8,4.2,SE,6626,6757,6728
05-09-2022 16:35,59.9,4.2,4,4.4,SE,6615,6750,6714
05-09-2022 16:36,60,4.2,4,4.4,SE,6622,6749,6717
05-09-2022 16:36,60,4.2,4,4.2,SE,6641,6749,6723
05-09-2022 16:37,59.9,4.2,3.8,4.4,SE,6639,6759,6731
05-09-2022 16:37,59.9,4,3.8,4.2,SE,6635,6758,6729
05-09-2022 16:38,59.9,4.2,4,4,SE,6641,6757,6731
05-09-2022 16:39,59.9,4.2,3.8,3.8,SE,6652,6751,6728
05-09-2022 16:39,59.9,4,3.6,3.8,SE,6635,6753,6729
05-09-2022 16:40,60,4,3.6,4,SE,6637,6758,6729
05-09-2022 16:40,59.9,4.2,4,4.2,SE,6649,6758,6735
05-09-2022 16:41,59.9,4.4,3.8,4.4,SE,6651,6765,6738
05-09-2022 16:41,59.9,4.4,4,4.4,SE,6653,6768,6742
05-09-2022 16:42,59.9,4.4,4.4,4.4,SE,6646,6762,6739
05-09-2022 16:42,59.9,4.6,4.4,4.4,SE,6661,6763,6739
05-09-2022 16:43,59.9,4.2,3.8,4.2,SE,6639,6770,6744
05-09-2022 16:43,59.9,4.4,3.8,4.4,SE,6614,6761,6726
05-09-2022 16:44,59.9,4.2,3.6,4.2,SE,6649,6776,6748
05-09-2022 16:44,59.9,4.2,3.6,4,SE,6658,6779,6756
05-09-2022 16:45,59.9,4.2,3.8,4.4,SE,6655,6775,6751
05-09-2022 16:45,59.9,4.6,4.2,4.6,SE,6653,6774,6753
05-09-2022 16:46,59.9,4.2,3.8,4,SE,6658,6786,6760
05-09-2022 16:47,59.9,4.2,3.8,4.2,SE,6657,6781,6756
05-09-2022 16:47,59.9,4,3.6,4.2,SE,6647,6778,6747
05-09-2022 16:48,60,4,3.6,4.2,SE,6645,6774,6743
05-09-2022 16:48,59.9,4.2,3.8,4.2,SE,6644,6785,6751
05-09-2022 16:49,59.9,3.8,3.6,4.2,SE,6665,6785,6759
05-09-2022 16:51,59.9,3.8,3.4,4,SE,6681,6795,6770
05-09-2022 16:51,60,3.8,3.6,4,SE,6676,6791,6768
05-09-2022 16:52,59.9,3.8,3.4,4,SE,6680,6794,6771
05-09-2022 16:52,59.9,3.6,3.4,4,SE,6677,6796,6772
05-09-2022 16:53,60,3.6,3.2,3.6,SE,6682,6805,6782
05-09-2022 16:53,60,3.6,3.2,4,SE,6677,6803,6779
05-09-2022 16:54,59.9,3.6,3.4,4,SE,6678,6798,6774
05-09-2022 16:54,59.9,3.6,3.2,3.8,SE,6688,6811,6790
05-09-2022 16:55,59.9,3.4,3.2,3.8,SE,6690,6816,6794
05-09-2022 16:55,60,3.4,3.2,4,SE,6700,6822,6803
05-09-2022 16:56,60,3.4,3.4,4,SE,6708,6826,6807
05-09-2022 16:56,59.9,3.2,3.4,3.8,SE,6708,6825,6803
05-09-2022 16:57,59.9,3.2,3.2,3.8,SE,6720,6836,6813
05-09-2022 16:57,59.9,3.2,3.2,3.8,SE,6716,6832,6810
05-09-2022 16:58,59.9,3,3,3.6,SE,6734,6845,6832
05-09-2022 16:59,59.9,3,3,3.6,SE,6733,6857,6841
05-09-2022 16:59,59.9,3,3,3.6,SE,6740,6862,6852
05-09-2022 17:00,59.9,3,3,3.6,SE,6748,6868,6857
05-09-2022 17:00,60,3,3,3.6,SE,6768,6884,6868
05-09-2022 17:01,60,3,3,3.6,SE,6709,6826,6810
05-09-2022 17:01,60,3.2,3.2,3.8,SE,6712,6831,6810
05-09-2022 17:02,60,3,3,3.6,SE,6720,6835,6815
05-09-2022 17:03,60,3,2.8,3.4,SE,6725,6846,6825
05-09-2022 17:03,59.9,3,3,3.4,SE,6722,6839,6818
05-09-2022 17:04,59.9,2.8,3,3.4,SE,6745,6846,6826
05-09-2022 17:04,60,2.8,3,3.4,SE,6737,6848,6829
05-09-2022 17:05,60,2.8,2.8,3.4,SE,6732,6846,6829
05-09-2022 17:05,60,2.8,3.2,3.4,SE,6734,6843,6828
05-09-2022 17:06,59.9,2.8,2.8,3.4,SE,6740,6846,6832
05-09-2022 17:06,59.9,2.8,2.8,3.2,SE,6735,6855,6837
05-09-2022 17:07,59.9,2.8,2.8,3.2,SE,6730,6851,6828
05-09-2022 17:07,59.9,2.8,2.8,3.2,SE,6732,6855,6835
05-09-2022 17:08,59.9,2.6,2.6,3.2,SE,6735,6854,6838
05-09-2022 17:08,59.9,2.6,2.6,3.2,SE,6739,6854,6835
05-09-2022 17:09,59.9,2.6,2.6,3.2,SE,6667,6760,6754
05-09-2022 17:09,60,2.6,2.6,3.2,SE,6671,6769,6761
05-09-2022 17:10,59.9,2.6,2.6,3.2,SE,6674,6782,6770
05-09-2022 17:11,59.9,2.6,2.6,3.2,SE,6674,6791,6778
05-09-2022 17:11,59.9,2.6,2.6,3.2,SE,6660,6777,6763
05-09-2022 17:12,60,2.6,2.8,3.2,SE,6668,6779,6771
05-09-2022 17:12,59.9,2.6,2.6,3.2,SE,6672,6784,6772
05-09-2022 17:13,60,2.6,2.6,3.2,SE,6682,6784,6774
05-09-2022 17:14,59.9,2.8,2.8,3.2,SE,6682,6789,6768
05-09-2022 17:14,59.9,2.8,2.8,3.2,SE,6677,6798,6779
05-09-2022 17:15,59.9,2.8,3,3.2,SE,6677,6792,6773
05-09-2022 17:15,59.9,2.8,2.8,3.2,SE,6686,6805,6782
05-09-2022 17:16,60,2.8,2.8,3.2,SE,6684,6803,6779
05-09-2022 17:16,59.9,2.8,2.6,3.2,SE,6677,6796,6770
05-09-2022 17:17,60,2.8,2.6,3.2,SE,6683,6784,6765
05-09-2022 17:17,59.9,2.8,2.6,3.2,SE,6692,6785,6762
05-09-2022 17:18,60,3,2.6,3.2,SE,6685,6801,6781
05-09-2022 17:18,59.9,2.8,2.6,3.2,SE,6686,6797,6776
05-09-2022 17:19,59.9,2.8,2.6,3.2,SE,6672,6806,6786
05-09-2022 17:20,59.9,2.6,2.6,3.2,SE,6690,6797,6777
05-09-2022 17:20,59.9,2.6,2.6,3.2,SE,6686,6799,6780
05-09-2022 17:21,60,2.8,2.6,3.2,SE,6673,6795,6780
05-09-2022 17:21,59.9,2.8,2.6,3.4,SE,6681,6796,6778
05-09-2022 17:22,60,2.8,2.8,3.4,SE,6681,6795,6784
05-09-2022 17:23,59.9,2.8,2.8,3.4,SE,6685,6788,6775
05-09-2022 17:23,60,3.2,3.2,3.8,SE,6671,6769,6764
05-09-2022 17:24,59.9,2.8,2.8,3.4,SE,6682,6787,6777
05-09-2022 17:24,60,2.8,2.8,3.4,SE,6682,6788,6776
05-09-2022 17:25,60,2.8,2.8,3.4,SE,6678,6785,6775
05-09-2022 17:26,59.9,3,2.8,3.4,SE,6681,6765,6761
05-09-2022 17:27,60,3,3,3.4,SE,6684,6783,6772
05-09-2022 17:27,59.9,3,2.8,3.4,SE,6680,6787,6777
05-09-2022 17:28,59.9,2.8,2.8,3.2,SE,6678,6794,6785
05-09-2022 17:28,59.9,2.8,3,3.4,SE,6684,6799,6787
05-09-2022 17:29,59.9,2.8,2.8,3.2,SE,6687,6779,6774
05-09-2022 17:29,60,2.8,2.8,3.2,SE,6681,6796,6788
05-09-2022 17:30,60,2.6,3,3,SE,6678,6777,6768
05-09-2022 17:30,60,2.6,2.8,3,SE,6680,6798,6786
05-09-2022 17:31,59.9,2.8,3,3,SE,6671,6782,6768
05-09-2022 17:31,60,2.8,3,3.2,SE,6675,6781,6770
05-09-2022 17:32,59.9,3,3.2,3.4,SE,6676,6789,6774
05-09-2022 17:32,60,2.6,3,3.2,SE,6663,6778,6765
05-09-2022 17:33,59.9,2.6,3,3.2,SE,6663,6783,6765
05-09-2022 17:33,59.9,3,3.4,3.6,SE,6666,6784,6765
05-09-2022 17:34,59.9,2.8,3,3.2,SE,6655,6768,6751
05-09-2022 17:35,60,3,3.2,3.2,SE,6649,6757,6746
05-09-2022 17:35,59.9,2.8,3,3.4,SE,6618,6736,6723
05-09-2022 17:36,60,2.8,3,3.4,SE,6636,6734,6730
05-09-2022 17:36,59.9,2.8,3.2,3.4,SE,6614,6750,6734
05-09-2022 17:37,60,3,3.2,3.4,SE,6645,6766,6748
05-09-2022 17:38,60,3,3.2,3.4,SE,6640,6753,6735
05-09-2022 17:39,60,3,3.2,3.4,SE,6650,6749,6740
05-09-2022 17:40,59.8,3,3.2,3.2,SE,6631,6746,6729
05-09-2022 17:41,59.9,2.8,3.2,3.2,SE,6627,6751,6730
05-09-2022 17:41,59.9,2.8,3,3.2,SE,6627,6754,6734
05-09-2022 17:42,60,3,3.2,3.2,SE,6641,6756,6735
05-09-2022 17:42,59.9,3,3.2,3.2,SE,6637,6759,6738
05-09-2022 17:43,59.9,2.8,3.2,3.2,SE,6631,6755,6728
05-09-2022 17:43,60,2.8,3.2,3.2,SE,6621,6753,6730
05-09-2022 17:44,60,2.8,3.2,3.2,SE,6632,6749,6731
05-09-2022 17:44,60,3,3.2,3.2,SE,6639,6762,6742
05-09-2022 17:45,59.9,3,3.2,3.2,SE,6636,6756,6736
05-09-2022 17:46,60,3,3.4,3.4,SE,6649,6761,6739
05-09-2022 17:47,60,3,3.4,3.4,SE,6658,6762,6742
05-09-2022 17:47,60,3,3.2,3.4,SE,6640,6770,6748
05-09-2022 17:48,59.9,3,3.4,3.4,SE,6640,6761,6736
05-09-2022 17:48,60,2.8,3.4,3.4,SE,6606,6762,6723
05-09-2022 17:49,59.9,2.8,3.4,3.4,SE,6612,6754,6726
05-09-2022 17:50,60,2.8,3.4,3.2,SE,6632,6766,6740
05-09-2022 17:50,59.9,2.8,3.2,3.2,SE,6643,6765,6743
05-09-2022 17:51,59.9,2.8,3.2,3.2,SE,6646,6769,6746
05-09-2022 17:51,60,2.8,3.2,3.2,SE,6641,6766,6744
05-09-2022 17:52,60,2.8,3.2,3.4,SE,6642,6766,6745
05-09-2022 17:52,59.9,2.8,3.2,3.4,SE,6633,6767,6743
05-09-2022 17:53,59.9,2.8,3.2,3.4,SE,6646,6760,6737
05-09-2022 17:53,59.9,2.8,3.2,3.2,SE,6645,6759,6736
05-09-2022 17:54,60,2.8,3,3.2,SE,6640,6772,6747
05-09-2022 17:54,60,3,3.4,3.6,SE,6640,6773,6748
05-09-2022 17:55,60,2.6,2.8,3,SE,6653,6772,6750
05-09-2022 17:55,60,2.6,3,3.2,SE,6646,6766,6744
05-09-2022 17:56,59.8,2.6,2.8,3,SE,6624,6765,6744
05-09-2022 17:57,59.9,2.6,3,3,SE,6631,6764,6750
05-09-2022 17:58,60,2.6,3,3.2,SE,6655,6772,6755
05-09-2022 17:58,59.9,2.6,2.8,3,SE,6653,6753,6737
05-09-2022 17:59,60,2.6,2.8,3,SE,6725,6849,6831
05-09-2022 18:00,59.9,2.6,2.8,3,SE,6726,6847,6824
05-09-2022 18:01,60,2.6,2.8,3,SE,6721,6845,6827
05-09-2022 18:02,60,2.6,3,3,SE,6734,6833,6816
05-09-2022 18:02,60,2.6,3,3,SE,6734,6840,6822
05-09-2022 18:03,60,2.6,3,3,SE,6732,6847,6828
05-09-2022 18:03,59.9,2.6,3,3,SE,6720,6843,6824
05-09-2022 18:04,59.9,2.6,3,3.2,SE,6711,6845,6828
05-09-2022 18:04,59.9,2.6,3,3,SE,6703,6839,6824
05-09-2022 18:05,60,3.2,3.2,3.4,SE,6726,6845,6827
05-09-2022 18:05,60,2.6,2.8,3,SE,6727,6853,6836
05-09-2022 18:06,59.9,2.6,2.8,3,SE,6707,6849,6831
05-09-2022 18:06,59.9,2.6,2.8,3,SE,6728,6840,6821
05-09-2022 18:07,59.9,2.6,2.8,3,SE,6729,6847,6831
05-09-2022 18:07,60,2.6,2.8,3,SE,6722,6841,6825
05-09-2022 18:08,60,2.6,2.6,3,SE,6719,6847,6826
05-09-2022 18:09,59.9,2.6,2.6,3,SE,6724,6841,6826
05-09-2022 18:10,59.9,2.6,2.6,3,SE,6721,6850,6832
05-09-2022 18:10,60,2.8,2.6,3.2,SE,6729,6853,6837
05-09-2022 18:11,59.9,2.6,2.6,3,SE,6722,6843,6828
05-09-2022 18:11,60,2.6,2.8,3,SE,6724,6839,6828
05-09-2022 18:12,59.9,2.6,3,3,SE,6724,6846,6832
05-09-2022 18:12,59.9,2.6,3,3.2,SE,6711,6843,6829
05-09-2022 18:13,60,2.8,3,3.2,SE,6718,6846,6834
05-09-2022 18:14,60,2.8,3,3.2,SE,6724,6831,6819
05-09-2022 18:14,59.9,2.8,3,3.2,SE,6716,6836,6822
05-09-2022 18:15,60,3,3.2,3.2,SE,6723,6831,6814
05-09-2022 18:15,60,3,3.2,3.2,SE,6725,6842,6829
05-09-2022 18:16,59.9,2.8,3,3.2,SE,6718,6838,6820
05-09-2022 18:16,60,2.8,3,3.2,SE,6704,6822,6805
05-09-2022 18:17,59.9,2.8,3,3,SE,6715,6834,6816
05-09-2022 18:17,60,2.8,3,3,SE,6714,6828,6812
05-09-2022 18:18,60,2.8,2.8,3.2,SE,6715,6840,6825
05-09-2022 18:18,60,3,3,3.2,SE,6719,6837,6822
05-09-2022 18:19,59.9,3,3,3.2,SE,6709,6828,6812
05-09-2022 18:19,59.9,3,2.8,3.2,SE,6705,6812,6803
05-09-2022 18:20,59.9,3,2.8,3.2,SE,6700,6832,6816
05-09-2022 18:20,60,3,3,3.2,SE,6706,6840,6825
05-09-2022 18:21,59.9,3,2.6,3.4,SE,6710,6831,6822
05-09-2022 18:22,59.9,3.2,2.8,3.4,SE,6712,6830,6819
05-09-2022 18:22,60,3.2,2.8,3.2,SE,6722,6835,6824
05-09-2022 18:23,59.9,3.2,3,3.2,SE,6705,6821,6809
05-09-2022 18:23,60,3,3,3.2,SE,6712,6827,6816
05-09-2022 18:24,59.9,3.2,3,3.2,SE,6706,6829,6816
05-09-2022 18:24,59.9,3.2,3.2,3.4,SE,6713,6833,6817
05-09-2022 18:26,59.9,3,3.2,3.4,SE,6705,6818,6798
05-09-2022 18:26,59.9,3,2.8,3.2,SE,6690,6811,6791
05-09-2022 18:27,59.9,3,2.8,3.2,SE,6676,6800,6780
05-09-2022 18:27,59.9,3,2.8,3.2,SE,6674,6786,6769
05-09-2022 18:28,60,3,2.8,3.2,SE,6685,6801,6790
05-09-2022 18:28,59.9,3,2.8,3.2,SE,6674,6808,6797
05-09-2022 18:29,59.9,3,2.8,3.2,SE,6676,6804,6790
05-09-2022 18:29,59.9,3,2.8,3.2,SE,6666,6794,6782
05-09-2022 18:30,59.9,3,2.8,3.2,SE,6677,6798,6786
05-09-2022 18:30,59.9,3,2.8,3.2,SE,6681,6795,6783
05-09-2022 18:31,59.9,3,2.8,3.2,SE,6689,6794,6781
05-09-2022 18:31,59.9,3,2.8,3.2,SE,6652,6795,6774
05-09-2022 18:32,60,3,2.8,3.2,SE,6678,6805,6792
05-09-2022 18:32,59.8,3,2.8,3.2,SE,6677,6807,6791
05-09-2022 18:33,59.9,3,3,3.4,SE,6673,6797,6792
05-09-2022 18:34,59.9,3,3,3.4,SE,6683,6802,6794
05-09-2022 18:34,59.9,3,3,3.4,SE,6679,6801,6796
05-09-2022 18:35,59.9,3,3,3.4,SE,6677,6795,6791
05-09-2022 18:35,59.9,3,3,3.2,SE,6675,6790,6786
05-09-2022 18:36,59.9,2.8,2.8,3.2,SE,6682,6795,6791
05-09-2022 18:36,59.9,2.8,2.8,3.2,SE,6682,6792,6786
05-09-2022 18:37,59.9,2.8,2.8,3.2,SE,6678,6797,6791
05-09-2022 18:38,59.9,2.8,2.8,3.2,SE,6684,6797,6789
05-09-2022 18:38,59.9,2.8,2.8,3.2,SE,6681,6791,6785
05-09-2022 18:39,60,2.8,2.8,3.2,SE,6665,6789,6780
05-09-2022 18:39,59.9,2.8,2.8,3.2,SE,6673,6796,6788
05-09-2022 18:40,60,3,2.8,3.2,SE,6695,6787,6785
05-09-2022 18:40,59.9,3,2.8,3.2,SE,6685,6788,6784
05-09-2022 18:41,59.9,3,2.8,3.2,SE,6679,6802,6792
05-09-2022 18:41,59.9,3,2.8,3.2,SE,6666,6799,6784
05-09-2022 18:42,59.9,3,2.8,3.2,SE,6684,6802,6790
05-09-2022 18:42,59.9,3.2,3,3.4,SE,6682,6802,6793
05-09-2022 18:43,59.9,2.8,3,3.2,SE,6676,6797,6789
05-09-2022 18:43,60,2.8,3,3.2,SE,6680,6796,6790
05-09-2022 18:44,59.9,2.8,3,3.2,SE,6679,6788,6783
05-09-2022 18:44,60,2.8,3,3.2,SE,6686,6796,6791
05-09-2022 18:45,59.9,2.8,2.8,3.2,SE,6681,6782,6779
05-09-2022 18:46,59.9,2.8,2.8,3.2,SE,6665,6790,6777
05-09-2022 18:46,59.9,2.8,2.8,3.2,SE,6676,6800,6788
05-09-2022 18:47,59.9,3,2.8,3.2,SE,6690,6806,6799
05-09-2022 18:47,59.9,2.8,2.6,3,SE,6689,6801,6792
05-09-2022 18:48,59.9,2.8,2.6,3,SE,6691,6806,6795
05-09-2022 18:48,59.9,2.8,2.6,3,SE,6686,6805,6793
05-09-2022 18:49,59.9,3.2,3,3.2,SE,6684,6804,6792
05-09-2022 18:50,60,2.8,2.8,3,SE,6676,6812,6792
05-09-2022 18:50,59.8,2.8,2.6,3,SE,6670,6801,6785
05-09-2022 18:51,59.9,2.8,2.6,3,SE,6696,6805,6789
05-09-2022 18:51,59.9,2.8,2.6,3,SE,6693,6814,6801
05-09-2022 18:52,59.9,2.6,2.6,3,SE,6694,6808,6797
05-09-2022 18:52,60,2.6,2.8,3,SE,6696,6807,6798
05-09-2022 18:53,60,2.6,2.8,3,SE,6692,6813,6804
05-09-2022 18:53,60,2.6,2.8,3,SE,6693,6812,6805
05-09-2022 18:54,59.9,2.6,2.8,3,SE,6686,6812,6801
05-09-2022 18:54,59.9,2.6,2.8,3,SE,6692,6801,6792
05-09-2022 18:55,60,2.8,3,3,SE,6699,6806,6793
05-09-2022 18:55,59.9,2.8,2.8,3,SE,6693,6808,6797
05-09-2022 18:56,60,2.8,2.8,3,SE,6684,6817,6799
05-09-2022 18:56,60,2.8,2.8,3,SE,6690,6812,6796
05-09-2022 18:57,59.9,2.6,2.6,3,SE,6677,6801,6786
05-09-2022 18:58,59.9,2.6,2.6,2.8,SE,6688,6800,6788
05-09-2022 18:58,60,2.6,2.6,2.8,SE,6690,6811,6800
05-09-2022 18:59,59.9,2.6,2.4,2.8,SE,6686,6811,6801
05-09-2022 18:59,59.9,2.6,2.4,2.8,SE,6704,6816,6809
05-09-2022 19:00,59.9,2.4,2.4,2.8,SE,6707,6813,6805
05-09-2022 19:00,59.9,2.4,2.4,2.8,SE,6701,6819,6806
05-09-2022 19:01,59.9,2.4,2.4,2.8,SE,6704,6816,6804
05-09-2022 19:02,59.9,2.4,2.4,2.8,SE,6684,6815,6799
05-09-2022 19:02,60,2.4,2.4,2.8,SE,6700,6810,6802
05-09-2022 19:03,60,2.6,2.8,3,SE,6706,6812,6800
05-09-2022 19:03,60,2.6,2.8,3,SE,6709,6816,6806
05-09-2022 19:04,59.9,2.6,2.6,3,SE,6715,6817,6810
05-09-2022 19:04,59.9,2.6,2.6,2.8,SE,6713,6825,6817
05-09-2022 19:05,60,2.4,2.2,2.8,SE,6717,6824,6815
05-09-2022 19:05,60,2.4,2.2,2.8,SE,6702,6819,6809
05-09-2022 19:06,59.9,2.4,2.2,2.8,SE,6696,6813,6799
05-09-2022 19:06,59.9,2.4,2,2.6,SE,6698,6819,6809
05-09-2022 19:07,60,2.2,2,2.6,SE,6711,6824,6820
05-09-2022 19:07,60,2.2,2,2.6,SE,6706,6826,6817
05-09-2022 19:08,59.9,2.2,2,2.6,SE,6696,6814,6809
05-09-2022 19:08,59.9,2.2,2,2.6,SE,6710,6820,6814
05-09-2022 19:09,59.8,2.4,2,2.6,SE,6696,6810,6804
05-09-2022 19:10,59.9,2.4,2,2.6,SE,6702,6820,6819
05-09-2022 19:10,59.9,2.4,2,2.6,SE,6695,6820,6811
05-09-2022 19:11,59.9,2.4,2,2.6,SE,6702,6823,6815
05-09-2022 19:11,59.9,2.4,2,2.6,SE,6682,6803,6798
05-09-2022 19:12,59.9,2.4,2,2.6,SE,6691,6821,6811
05-09-2022 19:12,59.9,2.4,2,2.6,SE,6698,6826,6818
05-09-2022 19:13,59.9,2.2,2,2.6,SE,6708,6828,6819
05-09-2022 19:14,59.9,2.4,2.2,2.8,SE,6721,6823,6814
05-09-2022 19:14,59.9,2.4,2.2,2.8,SE,6720,6811,6802
05-09-2022 19:15,60,2.4,2.2,2.8,SE,6719,6828,6818
05-09-2022 19:15,60,2.4,2.2,2.8,SE,6718,6827,6819
05-09-2022 19:16,59.9,2.4,2.2,2.8,SE,6689,6826,6814
05-09-2022 19:16,60,2.4,2.2,2.8,SE,6700,6833,6822
05-09-2022 19:17,59.9,2.4,2.2,2.8,SE,6687,6824,6812
05-09-2022 19:17,60,2.4,2.2,2.8,SE,6695,6830,6821
05-09-2022 19:18,59.9,2.2,2.2,2.6,SE,6704,6824,6816
05-09-2022 19:18,59.9,2.2,2.2,2.6,SE,6709,6829,6821
05-09-2022 19:19,59.9,2.4,2.2,2.8,SE,6711,6825,6818
05-09-2022 19:19,60,2.4,2.2,2.6,SE,6715,6831,6825
05-09-2022 19:20,59.9,2.4,2.2,2.6,SE,6720,6822,6808
05-09-2022 19:20,59.9,2.4,2.2,2.6,SE,6717,6831,6817
05-09-2022 19:21,59.9,2.6,2.2,2.8,SE,6711,6837,6827
05-09-2022 19:22,60,2.6,2.2,2.6,SE,6711,6836,6825
05-09-2022 19:22,60,2.6,2.2,2.6,SE,6711,6831,6821
05-09-2022 19:23,60,2.4,2.4,2.8,SE,6725,6824,6815
05-09-2022 19:23,60,2.4,2.2,2.8,SE,6724,6839,6831
05-09-2022 19:24,60,2.4,2.2,2.8,SE,6724,6837,6829
05-09-2022 19:25,60,2.2,2.2,2.8,SE,6724,6826,6818
05-09-2022 19:25,60,2.2,2.2,2.8,SE,6700,6829,6818
05-09-2022 19:26,60,2.2,2.2,2.8,SE,6712,6834,6832
05-09-2022 19:27,60,2.2,2.2,2.8,SE,6716,6821,6816
05-09-2022 19:27,60,2.2,2.2,2.8,SE,6711,6842,6837
05-09-2022 19:28,60,2.2,2.2,2.8,SE,6714,6829,6828
05-09-2022 19:28,59.9,2.2,2,2.8,SE,6725,6830,6819
05-09-2022 19:29,59.9,2.2,2.2,2.8,SE,6721,6840,6837
05-09-2022 19:29,60,2.2,2.2,2.8,SE,6730,6837,6836
05-09-2022 19:30,59.9,2.2,2.2,2.8,SE,6717,6840,6841
05-09-2022 19:30,59.9,2.2,2.2,2.8,SE,6721,6846,6843
05-09-2022 19:31,60,2.2,2.2,2.8,SE,6708,6851,6845
05-09-2022 19:31,60,2.2,2.2,2.8,SE,6722,6855,6847
05-09-2022 19:32,60,2.2,2.2,2.8,SE,6732,6853,6848
05-09-2022 19:32,60,2.2,2.2,2.8,SE,6735,6852,6850
05-09-2022 19:33,60,2.2,2.2,2.8,SE,6737,6852,6848
05-09-2022 19:34,59.9,2.2,2.2,2.8,SE,6733,6841,6841
05-09-2022 19:34,59.9,2.2,2.2,2.8,SE,6734,6847,6848
05-09-2022 19:35,59.9,2.2,2.2,2.8,SE,6729,6840,6844
05-09-2022 19:35,59.9,2.2,2.2,2.8,SE,6722,6840,6837
05-09-2022 19:36,60,2.4,2.2,2.8,SE,6726,6841,6837
05-09-2022 19:37,60,2.4,2,2.8,SE,6734,6851,6844
05-09-2022 19:37,60,2.4,2,2.8,SE,6732,6854,6848
05-09-2022 19:38,60,2.4,2.2,2.8,SE,6737,6863,6852
05-09-2022 19:38,60,2.4,2.2,2.8,SE,6738,6862,6849
05-09-2022 19:39,59.9,2.4,2,2.8,SE,6736,6857,6847
05-09-2022 19:39,60,2.4,2,2.8,SE,6730,6865,6855
05-09-2022 19:40,59.9,2.4,2,2.8,SE,6735,6858,6849
05-09-2022 19:40,59.9,2.2,2,2.8,SE,6732,6857,6845
05-09-2022 19:41,59.9,2.2,2,2.8,SE,6740,6857,6846
05-09-2022 19:41,59.9,2.2,2.2,2.8,SE,6748,6863,6853
05-09-2022 19:42,59.9,2.2,2.2,2.8,SE,6745,6848,6846
05-09-2022 19:43,59.9,2.4,2.2,2.8,SE,6736,6859,6856
05-09-2022 19:43,60,2.2,2.2,2.8,SE,6738,6854,6854
05-09-2022 19:44,59.9,2.2,2.2,2.8,SE,6737,6848,6846
05-09-2022 19:44,60,2.2,2.2,2.8,SE,6728,6846,6845
05-09-2022 19:45,60,2.2,2.2,2.8,SE,6737,6858,6853
05-09-2022 19:46,60,2.2,2.2,2.8,SE,6736,6853,6845
05-09-2022 19:46,59.9,2.2,2.2,2.8,SE,6713,6851,6842
05-09-2022 19:47,59.9,2.2,2.2,2.8,SE,6707,6842,6832
05-09-2022 19:47,59.9,2.2,2.2,2.8,SE,6696,6842,6835
05-09-2022 19:48,60,2.2,2.2,2.8,SE,6713,6842,6834
05-09-2022 19:49,60,2.4,2.2,2.8,SE,6700,6821,6816
05-09-2022 19:49,59.9,2.4,2,2.8,SE,6706,6838,6837
05-09-2022 19:50,60,2.4,2,2.8,SE,6719,6842,6834
05-09-2022 19:51,59.9,2.4,2,2.8,SE,6714,6820,6817
05-09-2022 19:51,60,2.2,2,2.8,SE,6715,6825,6823
05-09-2022 19:52,60,2.2,2,2.8,SE,6696,6829,6817
05-09-2022 19:52,60,2.2,2,2.8,SE,6700,6828,6818
05-09-2022 19:53,60,2.2,2,2.8,SE,6704,6824,6820
05-09-2022 19:53,59.9,2.2,2,2.8,SE,6702,6834,6830
05-09-2022 19:54,59.9,2.2,2.2,2.8,SE,6705,6826,6823
05-09-2022 19:54,60,2.2,2.2,2.8,SE,6710,6829,6825
05-09-2022 19:55,60,2.2,2.2,2.8,SE,6717,6848,6841
05-09-2022 19:55,60,2.2,2.2,2.8,SE,6716,6846,6843
05-09-2022 19:56,60,2.2,2.2,2.8,SE,6714,6840,6835
05-09-2022 19:56,60,2.2,2.2,2.8,SE,6697,6840,6838
05-09-2022 19:57,59.9,2.2,2.2,2.8,SE,6709,6835,6832
05-09-2022 19:58,59.9,2.4,2.2,2.8,SE,6715,6832,6830
05-09-2022 19:58,59.9,2.4,2.2,2.8,SE,6712,6831,6828
05-09-2022 19:59,59.9,2.4,2.2,2.8,SE,6622,6734,6730
05-09-2022 19:59,59.9,2.4,2.2,2.8,SE,6622,6741,6733
05-09-2022 20:00,59.9,2.4,2.2,2.8,SE,6609,6735,6728
05-09-2022 20:01,60,2.4,2.2,2.8,SE,6610,6738,6731
05-09-2022 20:01,59.9,2.4,2.2,2.8,SE,6614,6743,6735
05-09-2022 20:02,59.9,2.4,2,2.8,SE,6620,6739,6732
05-09-2022 20:02,60,2.4,2,2.8,SE,6625,6744,6734
05-09-2022 20:03,60,2.4,2,2.8,SE,6620,6734,6729
05-09-2022 20:03,59.9,2.4,2.2,2.8,SE,6610,6731,6723
05-09-2022 20:04,59.9,2.4,2.2,2.8,SE,6607,6729,6723
05-09-2022 20:04,59.9,2.4,2.2,2.8,SE,6603,6717,6710
05-09-2022 20:05,60,2.4,2.2,2.8,SE,6606,6705,6697
05-09-2022 20:05,60,2.4,2.2,2.8,SE,6608,6718,6709
05-09-2022 20:06,60,2.4,2.2,2.8,SE,6598,6719,6704
05-09-2022 20:06,60,2.4,2.2,2.8,SE,6603,6729,6721
05-09-2022 20:07,60,2.4,2.2,2.8,SE,6600,6720,6720
05-09-2022 20:07,59.9,2.4,2.2,2.8,SE,6604,6712,6705
05-09-2022 20:08,60,2.4,2.2,2.8,SE,6608,6715,6707
05-09-2022 20:09,60,2.4,2.2,2.8,SE,6607,6711,6699
05-09-2022 20:09,60,2.4,2.2,2.8,SE,6604,6731,6719
05-09-2022 20:10,60,2.4,2.2,2.8,SE,6579,6727,6710
05-09-2022 20:10,60,2.4,2.2,2.8,SE,6608,6724,6711
05-09-2022 20:11,59.9,2.4,2.2,2.8,SE,6599,6721,6707
05-09-2022 20:11,59.9,2.4,2.2,2.8,SE,6597,6719,6716
05-09-2022 20:12,59.9,2.4,2.4,2.8,SE,6603,6720,6712
05-09-2022 20:13,60,2.2,2.4,2.8,SE,6595,6717,6702
05-09-2022 20:14,60,2.2,2.4,2.8,SE,6556,6720,6697
05-09-2022 20:14,60,2.2,2.4,2.8,SE,6600,6728,6716
05-09-2022 20:15,60,2.2,2.2,2.8,SE,6681,6805,6799
05-09-2022 20:15,59.9,2.2,2.2,2.8,SE,6681,6800,6791
05-09-2022 20:16,60,2.2,2.2,2.8,SE,6680,6806,6795
05-09-2022 20:16,60,2.2,2.2,2.8,SE,6686,6809,6800
05-09-2022 20:17,60,2.2,2.2,2.8,SE,6689,6800,6791
05-09-2022 20:17,59.9,2.2,2.2,2.8,SE,6669,6796,6782
05-09-2022 20:18,60,2.2,2.2,2.8,SE,6672,6795,6786
05-09-2022 20:18,60,2.2,2.2,2.8,SE,6668,6795,6786
05-09-2022 20:19,59.9,2.2,2.2,2.8,SE,6671,6802,6798
05-09-2022 20:19,59.9,2.4,2.2,2.8,SE,6689,6797,6787
05-09-2022 20:20,60,2.4,2.2,2.8,SE,6678,6799,6788
05-09-2022 20:21,60,2.4,2.2,2.8,SE,6681,6800,6789
05-09-2022 20:21,60,2.4,2.2,2.8,SE,6673,6800,6791
05-09-2022 20:22,60,2.6,2.4,2.8,SE,6684,6807,6801
05-09-2022 20:22,60,2.4,2.2,2.8,SE,6686,6801,6796
05-09-2022 20:23,59.9,2.4,2.2,2.8,SE,6676,6800,6790
05-09-2022 20:23,59.9,2.4,2.2,2.8,SE,6671,6803,6791
05-09-2022 20:24,59.9,2.4,2.2,2.8,SE,6680,6801,6795
05-09-2022 20:25,59.9,2.2,2.2,2.8,SE,6676,6806,6795
05-09-2022 20:25,59.9,2.2,2.2,2.8,SE,6666,6804,6796
05-09-2022 20:26,59.9,2.2,2.4,2.8,SE,6661,6809,6794
05-09-2022 20:26,60,2.4,2.4,2.8,SE,6670,6809,6801
05-09-2022 20:27,60,2.4,2.2,2.8,SE,6686,6809,6805
05-09-2022 20:27,59.9,2.4,2.2,2.8,SE,6686,6815,6809
05-09-2022 20:28,59.9,2.4,2.2,2.8,SE,6678,6808,6807
05-09-2022 20:28,59.9,2.4,2.2,2.8,SE,6691,6809,6808
05-09-2022 20:29,59.9,2.2,2.2,2.8,SE,6692,6805,6804
05-09-2022 20:29,59.9,2.2,2.2,2.8,SE,6697,6814,6811
05-09-2022 20:30,60,2.2,2.2,2.8,SE,6700,6816,6806
05-09-2022 20:31,60,2.4,2.2,3,SE,6687,6807,6801
05-09-2022 20:31,60,2.2,2.2,2.8,SE,6674,6811,6804
05-09-2022 20:32,60,2.2,2.2,2.8,SE,6690,6808,6800
05-09-2022 20:33,60,2.4,2.2,2.8,SE,6701,6811,6807
05-09-2022 20:33,60,2.4,2.2,2.8,SE,6700,6808,6810
05-09-2022 20:34,60,2.4,2.2,2.8,SE,6698,6819,6817
05-09-2022 20:35,60,2.6,2.2,2.8,SE,6703,6816,6816
05-09-2022 20:35,60,2.6,2.2,2.8,SE,6697,6817,6812
05-09-2022 20:36,60,2.6,2.2,2.8,SE,6689,6815,6815
05-09-2022 20:37,59.9,2.4,2.2,2.8,SE,6702,6812,6813
05-09-2022 20:37,60,2.4,2.2,2.8,SE,6702,6812,6810
05-09-2022 20:38,60,2.4,2.2,2.8,SE,6702,6808,6811
05-09-2022 20:38,59.9,2.2,2.2,2.8,SE,6690,6807,6809
05-09-2022 20:39,60,2.2,2.2,2.8,SE,6691,6805,6804
05-09-2022 20:39,59.8,2.2,2.2,2.8,SE,6682,6794,6795
05-09-2022 20:40,60,2.2,2.2,2.8,SE,6676,6792,6795
05-09-2022 20:40,59.9,2.2,2.2,2.8,SE,6674,6791,6789
05-09-2022 20:41,60,2.4,2.2,3,SE,6671,6782,6783
05-09-2022 20:41,60,2.4,2.2,2.8,SE,6678,6791,6790
05-09-2022 20:42,59.9,2.4,2.2,3,SE,6674,6773,6770
05-09-2022 20:42,59.9,2.2,2,2.8,SE,6681,6785,6782
05-09-2022 20:43,59.9,2.2,2.2,2.8,SE,6667,6780,6786
05-09-2022 20:43,59.9,2.2,2.2,2.8,SE,6678,6791,6796
05-09-2022 20:44,59.9,2.4,2.2,2.8,SE,6674,6793,6798
05-09-2022 20:45,60,2.4,2.2,3,SE,6674,6784,6789
05-09-2022 20:45,60,2.4,2.2,3,SE,6675,6789,6788
05-09-2022 20:46,59.9,2.4,2.2,3,SE,6683,6789,6786
05-09-2022 20:46,59.9,2.2,2.2,2.8,SE,6677,6785,6785
05-09-2022 20:47,60,2.2,2.2,2.8,SE,6680,6792,6791
05-09-2022 20:47,60,2.4,2.2,3,SE,6672,6802,6791
05-09-2022 20:48,59.9,2.4,2.2,2.8,SE,6680,6800,6789
05-09-2022 20:49,60,2.4,2.2,2.8,SE,6685,6798,6789
05-09-2022 20:49,59.9,2.4,2.2,2.8,SE,6686,6799,6790
05-09-2022 20:50,60,2.4,2.2,2.8,SE,6679,6800,6789
05-09-2022 20:50,59.9,2.4,2.2,2.8,SE,6679,6790,6779
05-09-2022 20:51,59.9,2.2,2.2,2.8,SE,6677,6800,6791
05-09-2022 20:51,59.9,2.2,2.2,2.8,SE,6684,6798,6794
05-09-2022 20:52,60,2.2,2.2,2.8,SE,6693,6789,6787
05-09-2022 20:52,59.9,2.2,2.2,2.8,SE,6691,6796,6795
05-09-2022 20:53,59.9,2.2,2.2,2.8,SE,6676,6802,6796
05-09-2022 20:53,59.9,2.2,2.2,2.8,SE,6687,6806,6799
05-09-2022 20:54,59.9,2.2,2.2,2.8,SE,6691,6805,6794
05-09-2022 20:55,59.9,2.2,2.2,2.8,SE,6690,6806,6798
05-09-2022 20:55,59.9,2.2,2.2,2.8,SE,6689,6807,6800
05-09-2022 20:56,60,2.2,2.2,2.8,SE,6697,6805,6796
05-09-2022 20:57,60,2.2,2.2,2.8,SE,6670,6813,6804
05-09-2022 20:57,59.9,2.4,2.2,2.8,SE,6681,6815,6799
05-09-2022 20:58,59.9,2.4,2.2,2.8,SE,6681,6820,6804
05-09-2022 20:58,59.9,2.4,2.4,2.8,SE,6691,6810,6804
05-09-2022 20:59,60,2.4,2.4,2.8,SE,6692,6814,6808
05-09-2022 20:59,60,2.4,2.2,2.8,SE,6694,6821,6816
05-09-2022 21:00,60,2.4,2.2,2.8,SE,6696,6813,6809
05-09-2022 21:01,59.9,2.2,2.2,2.8,SE,6695,6817,6816
05-09-2022 21:01,60,2.2,2.2,2.8,SE,6695,6822,6824
05-09-2022 21:02,60,2.4,2.2,2.8,SE,6689,6816,6809
05-09-2022 21:02,60,2.2,2.2,2.8,SE,6694,6825,6819
05-09-2022 21:03,60,2.4,2.2,2.8,SE,6701,6822,6819
05-09-2022 21:03,60,2.4,2.2,2.8,SE,6698,6819,6817
05-09-2022 21:04,60,2.2,2.2,2.8,SE,6700,6820,6816
05-09-2022 21:04,60,2.4,2.2,2.8,SE,6703,6824,6821
05-09-2022 21:05,59.9,2.6,2.2,2.8,SE,6694,6818,6814
05-09-2022 21:05,59.9,2.6,2.2,2.8,SE,6684,6816,6814
05-09-2022 21:06,59.9,2.6,2.2,2.8,SE,6713,6816,6809
05-09-2022 21:06,59.9,2.4,2.2,2.8,SE,6701,6822,6818
05-09-2022 21:07,59.9,2.4,2.2,2.8,SE,6707,6822,6819
05-09-2022 21:07,59.9,2.4,2.2,2.8,SE,6705,6816,6813
05-09-2022 21:08,59.9,2.4,2.2,2.8,SE,6704,6826,6822
05-09-2022 21:09,60,2.4,2.2,2.8,SE,6702,6827,6824
05-09-2022 21:09,60,2.4,2.2,2.8,SE,6700,6812,6811
05-09-2022 21:10,60,2.4,2.2,2.8,SE,6701,6811,6810
05-09-2022 21:10,59.9,2.4,2.4,2.8,SE,6681,6815,6807
05-09-2022 21:11,59.9,2.4,2.4,2.8,SE,6672,6810,6803
05-09-2022 21:11,60,2.4,2.4,2.8,SE,6688,6824,6820
05-09-2022 21:12,60,2.6,2.6,2.8,SE,6683,6820,6815
05-09-2022 21:13,60,2.6,2.8,3,SE,6692,6828,6828
05-09-2022 21:13,59.9,2.6,2.8,3,SE,6694,6820,6817
05-09-2022 21:14,59.9,2.8,2.8,3,SE,6691,6819,6817
05-09-2022 21:14,60,2.8,3,3,SE,6689,6817,6815
05-09-2022 21:15,60,2.8,2.8,3,SE,6693,6820,6817
05-09-2022 21:15,60,2.8,2.8,3,SE,6698,6823,6820
05-09-2022 21:16,60,2.8,2.8,3,SE,6687,6816,6809
05-09-2022 21:16,60,2.8,2.8,3,SE,6688,6818,6811
05-09-2022 21:17,60,2.8,2.8,3,SE,6693,6820,6815
05-09-2022 21:17,60,2.8,2.8,3,SE,6700,6822,6816
05-09-2022 21:18,60,2.8,2.8,3,SE,6696,6819,6814
05-09-2022 21:18,59.9,2.8,2.8,3,SE,6694,6818,6808
05-09-2022 21:19,59.9,3,2.8,3.4,SE,6672,6820,6808
05-09-2022 21:19,59.9,2.8,2.6,3.4,SE,6681,6807,6795
05-09-2022 21:20,59.9,2.8,2.6,3.4,SE,6692,6813,6805
05-09-2022 21:21,59.9,3,2.6,3.4,SE,6699,6816,6809
05-09-2022 21:22,59.9,2.8,2.6,3.4,SE,6693,6815,6810
05-09-2022 21:22,60,3,2.6,3.4,SE,6699,6819,6817
05-09-2022 21:23,60,3,2.6,3.4,SE,6700,6821,6818
05-09-2022 21:23,59.9,2.8,2.6,3.2,SE,6690,6819,6814
05-09-2022 21:24,59.9,2.8,2.6,3.2,SE,6689,6817,6810
05-09-2022 21:25,60,2.8,2.6,3.2,SE,6704,6819,6817
05-09-2022 21:25,59.9,3,3,3.4,SE,6705,6823,6822
05-09-2022 21:26,60,2.6,2.6,3,SE,6695,6821,6821
05-09-2022 21:26,59.9,2.6,2.8,3,SE,6705,6819,6821
05-09-2022 21:27,59.9,2.6,2.8,3,SE,6701,6815,6815
05-09-2022 21:27,60,2.6,2.8,3,SE,6699,6820,6820
05-09-2022 21:28,60,2.6,2.6,2.8,SE,6711,6826,6821
05-09-2022 21:28,60,2.6,2.6,2.8,SE,6713,6827,6824
05-09-2022 21:29,60,2.6,2.6,2.8,SE,6709,6829,6825
05-09-2022 21:29,60,2.6,2.6,3,SE,6699,6828,6828
05-09-2022 21:30,60,2.6,2.6,2.8,SE,6710,6816,6818
05-09-2022 21:30,60,2.6,2.6,2.8,SE,6711,6821,6820
05-09-2022 21:31,60,2.6,2.6,2.8,SE,6711,6827,6827
05-09-2022 21:31,59.9,2.6,2.4,2.8,SE,6700,6822,6820
05-09-2022 21:32,59.9,2.4,2.4,2.8,SE,6715,6821,6817
05-09-2022 21:33,59.9,2.6,2.4,2.8,SE,6708,6818,6814
05-09-2022 21:33,60,2.6,2.4,2.8,SE,6721,6829,6815
05-09-2022 21:34,60,2.4,2.4,2.8,SE,6712,6833,6824
05-09-2022 21:34,60,2.6,2.4,2.8,SE,6727,6836,6825
05-09-2022 21:35,60,2.6,2.4,2.8,SE,6710,6840,6833
05-09-2022 21:36,60,2.4,2.4,2.8,SE,6731,6838,6826
05-09-2022 21:36,60,2.4,2.4,2.8,SE,6716,6823,6822
05-09-2022 21:37,60,2.4,2.6,2.8,SE,6704,6821,6818
05-09-2022 21:37,60,2.4,2.4,2.8,SE,6696,6811,6809
05-09-2022 21:38,60,2.4,2.6,2.8,SE,6691,6806,6803
05-09-2022 21:38,60,2.4,2.6,2.8,SE,6686,6800,6806
05-09-2022 21:39,60,2.6,2.6,2.8,SE,6681,6790,6791
05-09-2022 21:39,60,2.6,2.6,2.8,SE,6674,6793,6791
05-09-2022 21:40,60,2.6,2.6,3,SE,6667,6789,6781
05-09-2022 21:40,60,2.8,2.6,3,SE,6682,6796,6788
05-09-2022 21:41,59.9,2.6,2.6,3,SE,6682,6787,6783
05-09-2022 21:41,60,2.6,2.6,3,SE,6680,6797,6791
05-09-2022 21:42,60,2.6,2.6,3,SE,6640,6804,6791
05-09-2022 21:42,60,2.6,2.6,2.8,SE,6654,6803,6793
05-09-2022 21:43,60,2.4,2.6,2.8,SE,6685,6805,6803
05-09-2022 21:43,60,2.6,2.6,2.8,SE,6681,6800,6799
05-09-2022 21:44,60,2.4,2.4,2.8,SE,6680,6800,6800
05-09-2022 21:45,60,2.4,2.4,2.8,SE,6673,6805,6798
05-09-2022 21:45,60,3,2.8,3.2,SE,6677,6802,6802
05-09-2022 21:46,60,2.6,2.4,2.8,SE,6681,6799,6794
05-09-2022 21:46,60,2.6,2.4,2.8,SE,6691,6813,6806
05-09-2022 21:47,60,2.6,2.4,2.8,SE,6696,6807,6797
05-09-2022 21:48,60,2.6,2.6,2.8,SE,6693,6811,6802
05-09-2022 21:48,60,2.6,2.6,2.8,SE,6696,6810,6800
05-09-2022 21:49,59.9,2.6,2.4,2.8,SE,6693,6814,6808
05-09-2022 21:49,59.9,2.6,2.4,2.8,SE,6690,6801,6795
05-09-2022 21:50,59.9,2.6,2.6,2.8,SE,6690,6803,6800
05-09-2022 21:50,59.9,2.6,2.6,2.8,SE,6687,6813,6809
05-09-2022 21:51,60,2.6,2.6,2.8,SE,6676,6814,6808
05-09-2022 21:52,60,2.6,2.6,2.8,SE,6692,6817,6800
05-09-2022 21:52,59.9,2.6,2.6,2.8,SE,6687,6816,6806
05-09-2022 21:53,59.9,2.6,2.6,2.8,SE,6697,6819,6815
05-09-2022 21:53,59.9,2.6,2.6,2.8,SE,6704,6818,6816
05-09-2022 21:54,59.9,2.6,2.6,2.8,SE,6702,6820,6813
05-09-2022 21:54,59.9,2.6,2.6,2.8,SE,6702,6816,6803
05-09-2022 21:55,59.9,2.4,2.6,2.8,SE,6695,6817,6803
05-09-2022 21:56,59.9,2.6,2.6,2.8,SE,6703,6825,6819
05-09-2022 21:57,60,2.6,2.6,2.8,SE,6708,6822,6817
05-09-2022 21:57,59.9,2.6,2.6,2.8,SE,6708,6814,6809
05-09-2022 21:58,59.9,2.6,2.6,2.8,SE,6690,6816,6813
05-09-2022 21:58,60,2.4,2.6,2.8,SE,6692,6815,6815
05-09-2022 21:59,59.9,2.6,2.6,2.8,SE,6699,6811,6810
05-09-2022 22:00,60,2.6,2.4,2.8,SE,6701,6810,6813
05-09-2022 22:00,59.9,2.4,2.4,2.8,SE,6691,6816,6817
05-09-2022 22:01,59.9,2.6,2.4,2.8,SE,6697,6804,6814
05-09-2022 22:01,59.9,2.6,2.4,2.8,SE,6691,6801,6805
05-09-2022 22:02,59.9,2.6,2.6,2.8,SE,6687,6800,6805
05-09-2022 22:02,59.9,2.8,2.6,2.8,SE,6687,6803,6808
05-09-2022 22:03,59.9,2.8,2.6,2.8,SE,6695,6815,6818
05-09-2022 22:03,59.9,2.8,2.6,2.8,SE,6697,6813,6816
05-09-2022 22:04,59.8,2.8,2.6,2.8,SE,6680,6810,6814
05-09-2022 22:04,59.8,2.6,2.6,2.8,SE,6678,6796,6802
05-09-2022 22:05,59.8,2.4,2.6,2.8,SE,6680,6787,6793
05-09-2022 22:05,59.8,2.4,2.6,2.8,SE,6673,6791,6795
05-09-2022 22:06,59.8,2.4,2.6,2.8,SE,6668,6790,6792
05-09-2022 22:06,59.8,2.4,2.6,2.8,SE,6670,6803,6807
05-09-2022 22:07,59.9,2.6,2.6,2.8,SE,6676,6790,6791
05-09-2022 22:07,59.9,2.6,2.6,2.8,SE,6670,6793,6794
05-09-2022 22:08,59.9,2.6,2.6,2.8,SE,6675,6796,6795
05-09-2022 22:09,59.8,2.6,2.6,2.8,SE,6682,6796,6798
05-09-2022 22:09,59.9,2.6,2.4,2.8,SE,6682,6797,6797
05-09-2022 22:10,59.9,2.6,2.4,2.8,SE,6684,6810,6808
05-09-2022 22:10,59.8,2.6,2.4,2.8,SE,6659,6788,6784
05-09-2022 22:11,59.9,2.8,2.6,2.8,SE,6664,6792,6789
05-09-2022 22:12,59.9,2.8,2.6,2.8,SE,6681,6795,6796
05-09-2022 22:12,59.9,2.8,2.6,2.8,SE,6677,6795,6797
05-09-2022 22:13,59.8,2.6,2.6,2.8,SE,6691,6802,6802
05-09-2022 22:13,60,2.6,2.6,2.8,SE,6669,6796,6797
05-09-2022 22:14,59.9,2.4,2.6,2.8,SE,6664,6798,6795
05-09-2022 22:14,59.9,2.6,2.6,2.8,SE,6666,6792,6786
05-09-2022 22:15,59.9,2.6,2.6,2.8,SE,6679,6801,6794
05-09-2022 22:15,59.8,2.6,2.6,2.8,SE,6680,6807,6803
05-09-2022 22:16,59.8,2.6,2.6,2.8,SE,6663,6798,6795
05-09-2022 22:16,59.9,2.6,2.6,2.8,SE,6672,6796,6794
05-09-2022 22:17,59.9,2.6,2.6,2.8,SE,6685,6805,6803
05-09-2022 22:17,59.9,2.6,2.6,2.8,SE,6681,6800,6800
05-09-2022 22:18,59.9,2.4,2.6,2.8,SE,6677,6798,6799
05-09-2022 22:18,59.9,2.4,2.6,2.8,SE,6690,6805,6805
05-09-2022 22:19,59.8,2.4,2.6,2.8,SE,6686,6803,6802
05-09-2022 22:20,59.8,2.4,2.4,2.8,SE,6678,6787,6786
05-09-2022 22:20,59.8,2.4,2.4,2.8,SE,6672,6798,6797
05-09-2022 22:21,59.9,2.4,2.4,2.8,SE,6668,6802,6800
05-09-2022 22:21,59.9,2.4,2.4,2.8,SE,6659,6804,6799
05-09-2022 22:22,59.8,2.4,2.4,2.8,SE,6657,6791,6788
05-09-2022 22:22,59.8,2.4,2.2,2.8,SE,6677,6796,6794
05-09-2022 22:23,59.8,2.4,2.4,2.8,SE,6675,6798,6796
05-09-2022 22:24,59.8,2.6,2.4,2.8,SE,6674,6796,6795
05-09-2022 22:24,59.9,2.6,2.4,2.8,SE,6667,6801,6798
05-09-2022 22:25,59.9,2.6,2.4,2.8,SE,6672,6797,6791
05-09-2022 22:26,59.9,2.6,2.4,2.8,SE,6660,6803,6795
05-09-2022 22:26,59.9,2.6,2.4,2.8,SE,6667,6798,6794
05-09-2022 22:27,59.9,2.8,2.6,3,SE,6664,6797,6791
05-09-2022 22:27,59.9,2.4,2.2,2.8,SE,6674,6793,6784
05-09-2022 22:28,59.9,2.6,2.4,2.8,SE,6688,6792,6788
05-09-2022 22:28,59.8,2.4,2.4,2.8,SE,6693,6798,6793
05-09-2022 22:29,59.9,2.6,2.4,2.8,SE,6679,6797,6795
05-09-2022 22:29,59.9,2.6,2.4,2.8,SE,6683,6806,6802
05-09-2022 22:30,59.9,2.4,2.4,2.8,SE,6668,6807,6802
05-09-2022 22:30,59.9,2.6,2.2,2.8,SE,6664,6796,6791
05-09-2022 22:31,59.9,2.4,2.2,2.8,SE,6669,6797,6794
05-09-2022 22:32,59.9,2.4,2.4,2.8,SE,6682,6802,6800
05-09-2022 22:32,59.8,2.4,2.2,2.8,SE,6675,6805,6804
05-09-2022 22:33,59.9,2.4,2.2,2.8,SE,6680,6804,6803
05-09-2022 22:33,59.8,2.4,2.2,2.8,SE,6676,6801,6799
05-09-2022 22:34,60,2.4,2.2,2.8,SE,6675,6803,6805
05-09-2022 22:34,59.8,2.4,2.2,2.8,SE,6683,6805,6808
05-09-2022 22:35,59.9,2.4,2.2,2.8,SE,6680,6801,6802
05-09-2022 22:36,59.8,2.4,2,2.8,SE,6672,6789,6791
05-09-2022 22:36,60,2.4,2,2.8,SE,6685,6805,6802
05-09-2022 22:37,59.9,2.4,2,2.6,SE,6673,6792,6795
05-09-2022 22:37,59.9,2.4,2,2.6,SE,6682,6801,6802
05-09-2022 22:38,59.9,2.4,2,2.6,SE,6684,6798,6803
05-09-2022 22:38,59.9,2.4,2,2.6,SE,6675,6796,6796
05-09-2022 22:39,60,2.4,2,2.6,SE,6691,6809,6814
05-09-2022 22:39,59.9,2.4,2,2.6,SE,6669,6799,6806
05-09-2022 22:40,59.9,2.4,2,2.6,SE,6672,6797,6806
05-09-2022 22:40,59.9,2.4,2,2.6,SE,6677,6800,6807
05-09-2022 22:41,59.8,2.4,2.2,2.6,SE,6669,6785,6798
05-09-2022 22:41,60,2.4,2.2,2.6,SE,6681,6798,6806
05-09-2022 22:42,59.9,2.4,2.2,2.6,SE,6693,6800,6811
05-09-2022 22:42,59.8,2.4,2.2,2.6,SE,6678,6800,6808
05-09-2022 22:43,59.9,2.4,2.2,2.6,SE,6674,6789,6802
05-09-2022 22:44,59.9,2.4,2.2,2.6,SE,6679,6794,6807
05-09-2022 22:44,59.9,2.4,2.2,2.6,SE,6669,6802,6809
05-09-2022 22:45,59.9,2.4,2.2,2.6,SE,6685,6804,6815
05-09-2022 22:45,59.9,2.4,2.2,2.6,SE,6690,6804,6818
05-09-2022 22:46,59.9,2.4,2.2,2.6,SE,6697,6811,6818
05-09-2022 22:46,59.9,2.4,2.2,2.6,SE,6703,6813,6819
05-09-2022 22:48,59.9,2.4,2.2,2.6,SE,6675,6798,6803
05-09-2022 22:48,59.9,2.4,2.2,2.6,SE,6691,6810,6818
05-09-2022 22:49,59.9,2.4,2,2.6,SE,6697,6802,6810
05-09-2022 22:49,60,2.6,2.2,2.6,SE,6697,6798,6806
05-09-2022 22:50,60,2.6,2,2.6,SE,6706,6802,6802
05-09-2022 22:50,59.9,2.6,2,2.6,SE,6702,6814,6819
05-09-2022 22:51,59.9,2.6,2,2.6,SE,6696,6813,6814
05-09-2022 22:51,60,2.6,2,2.6,SE,6697,6815,6818
05-09-2022 22:52,60,2.4,2,2.6,SE,6686,6814,6819
05-09-2022 22:52,60,2.4,2,2.6,SE,6690,6815,6821
05-09-2022 22:53,59.9,2.4,2,2.6,SE,6696,6814,6814
05-09-2022 22:53,59.9,2.4,2.2,2.6,SE,6707,6808,6807
05-09-2022 22:54,59.9,2.4,2.2,2.6,SE,6690,6807,6806
05-09-2022 22:54,60,2.4,2.2,2.6,SE,6697,6814,6816
05-09-2022 22:55,60,2.6,2.2,2.6,SE,6698,6810,6810
05-09-2022 22:56,60,2.6,2.2,2.6,SE,6677,6814,6811
05-09-2022 22:56,60,2.4,2.4,2.6,SE,6696,6815,6817
05-09-2022 22:57,60,2.4,2.2,2.6,SE,6695,6819,6823
05-09-2022 22:57,60,2.4,2.2,2.6,SE,6694,6813,6819
05-09-2022 22:58,60,2.4,2.2,2.6,SE,6710,6817,6821
05-09-2022 22:58,59.9,2.4,2.2,2.6,SE,6699,6810,6817
05-09-2022 22:59,60,3,2.6,3,SE,6708,6820,6826
05-09-2022 23:00,60,2.4,2.2,2.6,SE,6701,6817,6822
05-09-2022 23:00,60,2.4,2.2,2.6,SE,6695,6818,6824
05-09-2022 23:01,60,2.4,2,2.6,SE,6699,6820,6816
05-09-2022 23:01,59.9,2.2,2,2.6,SE,6685,6815,6808
05-09-2022 23:02,60,2.2,2,2.6,SE,6699,6818,6820
05-09-2022 23:02,59.9,2.2,2,2.6,SE,6698,6825,6826
05-09-2022 23:03,60,2.4,2,2.6,SE,6707,6830,6828
05-09-2022 23:03,60,2.4,2,2.6,SE,6713,6831,6827
05-09-2022 23:04,59.9,2.4,2,2.6,SE,6709,6811,6812
05-09-2022 23:04,59.9,2.4,2,2.6,SE,6693,6813,6816
05-09-2022 23:05,60,2.4,2,2.6,SE,6700,6832,6828
05-09-2022 23:05,60,2.4,2,2.6,SE,6707,6832,6828
05-09-2022 23:06,60,2.4,2,2.6,SE,6712,6833,6831
05-09-2022 23:06,60,2.4,2,2.6,SE,6716,6831,6828
05-09-2022 23:07,60,2.4,2,2.6,SE,6718,6839,6838
05-09-2022 23:08,60,2.4,2,2.6,SE,6710,6831,6830
05-09-2022 23:08,60,2.4,2,2.6,SE,6702,6832,6830
05-09-2022 23:09,60,2.4,2,2.6,SE,6711,6833,6829
05-09-2022 23:09,60,2.4,2,2.6,SE,6707,6833,6826
05-09-2022 23:10,59.9,2.6,2.2,2.8,SE,6706,6828,6821
05-09-2022 23:10,60,2.4,2.2,2.6,SE,6715,6832,6825
05-09-2022 23:12,59.9,2.4,2,2.6,SE,6715,6824,6816
05-09-2022 23:12,59.9,2.4,2,2.6,SE,6709,6831,6827
05-09-2022 23:13,60,2.2,2,2.6,SE,6698,6827,6830
05-09-2022 23:13,59.8,2.2,1.8,2.6,SE,6682,6835,6830
05-09-2022 23:14,59.9,2.4,2,2.6,SE,6701,6826,6830
05-09-2022 23:14,59.9,2.4,2,2.6,SE,6710,6834,6837
05-09-2022 23:15,59.9,2.4,2,2.6,SE,6720,6833,6832
05-09-2022 23:15,59.9,2.4,1.8,2.6,SE,6718,6835,6833
05-09-2022 23:16,59.9,2.4,2,2.6,SE,6717,6834,6831
05-09-2022 23:16,59.9,2.2,1.8,2.6,SE,6713,6834,6831
05-09-2022 23:17,59.9,2.2,1.8,2.6,SE,6706,6830,6829
05-09-2022 23:17,60,2.2,1.8,2.6,SE,6703,6837,6838
05-09-2022 23:18,59.9,2.2,2,2.6,SE,6685,6833,6831
05-09-2022 23:18,59.9,2.2,2,2.6,SE,6703,6833,6833
05-09-2022 23:19,60,2.2,2,2.6,SE,6708,6832,6836
05-09-2022 23:20,60,2.2,2,2.6,SE,6711,6836,6839
05-09-2022 23:20,60,2.4,2,2.6,SE,6709,6830,6832
05-09-2022 23:21,60,2.4,2,2.6,SE,6716,6834,6835
05-09-2022 23:21,59.9,2.4,2,2.6,SE,6716,6840,6829
05-09-2022 23:22,59.9,2.4,2,2.6,SE,6720,6846,6840
05-09-2022 23:22,59.9,2.4,2.2,2.6,SE,6715,6848,6849
05-09-2022 23:23,59.9,2.2,2,2.6,SE,6708,6844,6843
05-09-2022 23:24,59.9,2.2,2,2.6,SE,6717,6841,6844
05-09-2022 23:24,59.8,2.2,2,2.6,SE,6713,6838,6838
05-09-2022 23:25,60,2.2,2,2.6,SE,6722,6837,6839
05-09-2022 23:25,60,2.4,2,2.6,SE,6712,6839,6841
05-09-2022 23:26,60,2.4,2,2.6,SE,6718,6840,6841
05-09-2022 23:26,59.9,2.4,2,2.6,SE,6722,6846,6845
05-09-2022 23:27,59.9,2.4,2,2.6,SE,6720,6843,6843
05-09-2022 23:27,59.9,2.4,2,2.6,SE,6720,6847,6844
05-09-2022 23:28,60,2.2,2,2.8,SE,6730,6854,6851
05-09-2022 23:28,60,2.2,2,2.8,SE,6732,6853,6848
05-09-2022 23:29,60,2.2,2,2.8,SE,6721,6852,6847
05-09-2022 23:30,60,2.2,2,2.6,SE,6732,6856,6853
05-09-2022 23:30,60,2.2,2,2.6,SE,6735,6859,6859
05-09-2022 23:31,60,2.2,2,2.6,SE,6731,6856,6860
05-09-2022 23:32,59.9,2.2,2,2.6,SE,6732,6851,6854
05-09-2022 23:32,59.9,2.2,2,2.6,SE,6733,6842,6844
05-09-2022 23:33,60,2.2,2,2.6,SE,6727,6852,6852
05-09-2022 23:33,60,2.2,2,2.6,SE,6730,6857,6854
05-09-2022 23:34,60,2.2,2,2.6,SE,6730,6847,6842
05-09-2022 23:34,60,2.2,2,2.6,SE,6721,6853,6852
05-09-2022 23:35,60,2.2,2,2.6,SE,6731,6860,6855
05-09-2022 23:36,59.9,2.2,2,2.6,SE,6714,6846,6841
05-09-2022 23:36,59.9,2.2,2,2.6,SE,6724,6851,6844
05-09-2022 23:37,60,2.4,2,2.6,SE,6724,6858,6853
05-09-2022 23:37,60,2.4,2,2.6,SE,6735,6858,6852
05-09-2022 23:38,60,2.4,2,2.6,SE,6734,6860,6854
05-09-2022 23:38,60,2.2,2,2.6,SE,6730,6853,6849
05-09-2022 23:39,60,2.2,2,2.6,SE,6711,6835,6829
05-09-2022 23:39,59.9,2.2,2,2.6,SE,6710,6832,6831
05-09-2022 23:40,60,2.2,2,2.6,SE,6706,6828,6829
05-09-2022 23:40,59.9,2.2,2,2.6,SE,6705,6829,6825
05-09-2022 23:41,60,2.2,1.8,2.6,SE,6711,6837,6837
05-09-2022 23:41,59.9,2.2,1.8,2.6,SE,6703,6830,6826
05-09-2022 23:42,59.9,2.2,1.8,2.6,SE,6708,6829,6823
05-09-2022 23:42,60,2.2,1.8,2.6,SE,6713,6830,6827
05-09-2022 23:43,60,2.2,1.8,2.6,SE,6716,6832,6826
05-09-2022 23:44,60,2.2,1.8,2.6,SE,6719,6839,6831
05-09-2022 23:45,60.1,2.2,2,2.6,SE,6718,6845,6832
05-09-2022 23:45,60,2.2,1.8,2.6,SE,6717,6842,6836
05-09-2022 23:46,60,2.2,1.8,2.6,SE,6714,6836,6831
05-09-2022 23:47,60,2.2,2,2.6,SE,6714,6830,6824
05-09-2022 23:47,60,2.2,2,2.6,SE,6703,6832,6827
05-09-2022 23:48,60,2.2,2,2.6,SE,6716,6834,6830
05-09-2022 23:48,59.9,2.2,2,2.6,SE,6715,6834,6828
05-09-2022 23:49,59.9,2.2,2,2.6,SE,6694,6805,6803
05-09-2022 23:49,59.9,2.2,2,2.6,SE,6683,6809,6806
05-09-2022 23:50,60,2.2,2,2.6,SE,6689,6809,6807
05-09-2022 23:50,60,2.2,2,2.6,SE,6679,6811,6811
05-09-2022 23:51,60,2,2,2.6,SE,6688,6814,6810
05-09-2022 23:51,60,2.2,2,2.6,SE,6688,6812,6809
05-09-2022 23:52,60,2.2,2,2.6,SE,6705,6819,6815
05-09-2022 23:52,60,2.2,2,2.6,SE,6696,6814,6813
05-09-2022 23:53,60,2.2,2,2.6,SE,6688,6814,6809
05-09-2022 23:53,60,2.2,2,2.6,SE,6682,6815,6811
05-09-2022 23:54,60,2.2,2,2.6,SE,6684,6819,6814
05-09-2022 23:54,59.9,2.2,2,2.6,SE,6682,6814,6811
05-09-2022 23:55,60,2.2,2,2.6,SE,6698,6816,6818
05-09-2022 23:56,60,2.2,2,2.6,SE,6701,6822,6823
05-09-2022 23:56,59.9,2.4,2,2.6,SE,6696,6820,6815
05-09-2022 23:57,59.9,2.4,2,2.6,SE,6691,6817,6812
05-09-2022 23:57,60,2.4,2.2,2.6,SE,6704,6840,6836
05-09-2022 23:58,60,2.4,2.2,2.6,SE,6719,6846,6844
05-09-2022 23:59,60,2.4,2.2,2.6,SE,6715,6848,6850
05-09-2022 23:59,60,2.4,2.2,2.6,SE,6717,6840,6841
